region,base_sku,branch,status,first_observed_month,last_observed_month,last_positive_month,months_since_last_positive,exclusion_reason
TNB,03.L1.3030.6372,015,Vô hiệu hóa,2024-03-01,2024-03-01,2024-03-01,27,permanently_inactive_outside_recent_window
TNB,03.L1.3030.6372,018,Vô hiệu hóa,2024-03-01,2024-07-01,2024-07-01,23,permanently_inactive_outside_recent_window
MT-TNG,03.L1.3030.6372,023,Vô hiệu hóa,2024-11-01,2024-11-01,2024-11-01,19,permanently_inactive_outside_recent_window
DNB,03.L1.3030.6373,013,Vô hiệu hóa,2024-04-01,2024-05-01,2024-05-01,25,permanently_inactive_outside_recent_window
TNB,03.L1.3030.6373,017,Vô hiệu hóa,2024-01-01,2024-05-01,2024-05-01,25,permanently_inactive_outside_recent_window
TNB,03.L1.3030.6373,018,Vô hiệu hóa,2024-07-01,2024-07-01,2024-07-01,23,permanently_inactive_outside_recent_window
DNB,03.L1.3030.6373,019,Vô hiệu hóa,2024-03-01,2024-11-01,2024-11-01,19,permanently_inactive_outside_recent_window
MT-TNG,03.L1.3030.6373,023,Vô hiệu hóa,2024-04-01,2024-06-01,2024-06-01,24,permanently_inactive_outside_recent_window
TNB,03.L1.3030.6375,063,Vô hiệu hóa,2024-01-01,2024-01-01,2024-01-01,29,permanently_inactive_outside_recent_window
TNB,03.L1.3030.6375,069,Vô hiệu hóa,2025-01-01,2025-01-01,2025-01-01,17,permanently_inactive_outside_recent_window
DNB,03.L1.3030.6375,076,Vô hiệu hóa,2025-04-01,2025-04-01,2025-04-01,14,permanently_inactive_outside_recent_window
TNB,03.L1.3030.6376,050,Vô hiệu hóa,2024-03-01,2024-03-01,2024-03-01,27,permanently_inactive_outside_recent_window
TNB,03.L1.3030.6376,063,Vô hiệu hóa,2025-05-01,2025-05-01,2025-05-01,13,permanently_inactive_outside_recent_window
DNB,03.L1.3030.6376,081,Vô hiệu hóa,2024-12-01,2024-12-01,2024-12-01,18,permanently_inactive_outside_recent_window
TNB,03.L1.3030.6377,024,Vô hiệu hóa,2024-09-01,2024-09-01,2024-09-01,21,permanently_inactive_outside_recent_window
TNB,03.L1.3030.6378,018,Vô hiệu hóa,2024-03-01,2024-07-01,2024-07-01,23,permanently_inactive_outside_recent_window
DNB,03.L1.3030.6378,019,Vô hiệu hóa,2024-08-01,2025-03-01,2025-03-01,15,permanently_inactive_outside_recent_window
TNB,03.L1.3030.6378,024,Vô hiệu hóa,2024-09-01,2024-09-01,2024-09-01,21,permanently_inactive_outside_recent_window
DNB,03.L1.3060.7104,002,Vô hiệu hóa,2024-01-01,2024-12-01,2024-12-01,18,permanently_inactive_outside_recent_window
MT-TNG,03.L1.3060.7104,012,Vô hiệu hóa,2024-07-01,2024-07-01,2024-07-01,23,permanently_inactive_outside_recent_window
DNB,03.L1.3060.7104,013,Vô hiệu hóa,2024-02-01,2024-02-01,2024-02-01,28,permanently_inactive_outside_recent_window
TNB,03.L1.3060.7104,017,Vô hiệu hóa,2024-04-01,2024-04-01,2024-04-01,26,permanently_inactive_outside_recent_window
MT-TNG,03.L1.3060.7104,023,Vô hiệu hóa,2024-04-01,2025-02-01,2025-02-01,16,permanently_inactive_outside_recent_window
TNB,03.L1.3060.7104,024,Vô hiệu hóa,2024-02-01,2024-05-01,2024-05-01,25,permanently_inactive_outside_recent_window
DNB,03.L1.3060.7105,013,Vô hiệu hóa,2024-02-01,2024-04-01,2024-04-01,26,permanently_inactive_outside_recent_window
TNB,03.L1.3060.7105,017,Vô hiệu hóa,2024-04-01,2024-04-01,2024-04-01,26,permanently_inactive_outside_recent_window
TNB,03.L1.3060.7105,024,Vô hiệu hóa,2024-05-01,2024-05-01,2024-05-01,25,permanently_inactive_outside_recent_window
DNB,03.L1.3060.7106,002,Vô hiệu hóa,2024-01-01,2024-12-01,2024-12-01,18,permanently_inactive_outside_recent_window
DNB,03.L1.3060.7106,010,Vô hiệu hóa,2024-01-01,2025-03-01,2025-03-01,15,permanently_inactive_outside_recent_window
DNB,03.L1.3060.7106,013,Vô hiệu hóa,2024-04-01,2024-05-01,2024-05-01,25,permanently_inactive_outside_recent_window
TNB,03.L1.3060.7106,017,Vô hiệu hóa,2024-04-01,2024-04-01,2024-04-01,26,permanently_inactive_outside_recent_window
MT-TNG,03.L1.3060.7106,023,Vô hiệu hóa,2024-09-01,2025-02-01,2025-02-01,16,permanently_inactive_outside_recent_window
TNB,03.L1.3060.7106,024,Vô hiệu hóa,2024-04-01,2024-05-01,2024-05-01,25,permanently_inactive_outside_recent_window
DNB,03.L1.3060.7107,008,Vô hiệu hóa,2024-01-01,2024-08-01,2024-08-01,22,permanently_inactive_outside_recent_window
TNB,03.L1.3060.7107,015,Vô hiệu hóa,2024-03-01,2024-08-01,2024-08-01,22,permanently_inactive_outside_recent_window
TNB,03.L1.3060.7107,016,Vô hiệu hóa,2024-04-01,2024-07-01,2024-07-01,23,permanently_inactive_outside_recent_window
TNB,03.L1.3060.7107,017,Vô hiệu hóa,2024-05-01,2024-06-01,2024-06-01,24,permanently_inactive_outside_recent_window
DNB,03.L1.3060.7107,019,Vô hiệu hóa,2024-06-01,2024-06-01,2024-06-01,24,permanently_inactive_outside_recent_window
TNB,03.L1.3060.7107,024,Vô hiệu hóa,2024-01-01,2024-05-01,2024-05-01,25,permanently_inactive_outside_recent_window
TNB,03.L1.3060.7108,011,Vô hiệu hóa,2024-01-01,2024-05-01,2024-05-01,25,permanently_inactive_outside_recent_window
TNB,03.L1.3060.7108,015,Vô hiệu hóa,2024-04-01,2024-07-01,2024-07-01,23,permanently_inactive_outside_recent_window
TNB,03.L1.3060.7108,016,Vô hiệu hóa,2024-04-01,2024-05-01,2024-05-01,25,permanently_inactive_outside_recent_window
TNB,03.L1.3060.7108,018,Vô hiệu hóa,2024-03-01,2024-04-01,2024-04-01,26,permanently_inactive_outside_recent_window
DNB,03.L1.3060.7108,019,Vô hiệu hóa,2024-06-01,2024-10-01,2024-10-01,20,permanently_inactive_outside_recent_window
TNB,03.L1.3060.7108,024,Vô hiệu hóa,2024-01-01,2024-05-01,2024-05-01,25,permanently_inactive_outside_recent_window
DNB,03.L1.3060.7109,008,Vô hiệu hóa,2024-08-01,2024-08-01,2024-08-01,22,permanently_inactive_outside_recent_window
DNB,03.L1.3060.7109,013,Vô hiệu hóa,2024-10-01,2024-10-01,2024-10-01,20,permanently_inactive_outside_recent_window
TNB,03.L1.3060.7109,016,Vô hiệu hóa,2024-04-01,2025-02-01,2025-02-01,16,permanently_inactive_outside_recent_window
TNB,03.L1.3060.7109,017,Vô hiệu hóa,2024-01-01,2025-01-01,2025-01-01,17,permanently_inactive_outside_recent_window
DNB,03.L1.3060.7109,019,Vô hiệu hóa,2024-06-01,2024-10-01,2024-10-01,20,permanently_inactive_outside_recent_window
TNB,03.L1.3060.7109,024,Vô hiệu hóa,2024-01-01,2024-05-01,2024-05-01,25,permanently_inactive_outside_recent_window
Chưa xác định,03.L1.3060.7114,000,Vô hiệu hóa,2024-01-01,2024-05-01,2024-05-01,25,permanently_inactive_outside_recent_window
MT-TNG,03.L1.3060.7114,001,Vô hiệu hóa,2024-05-01,2024-05-01,2024-05-01,25,permanently_inactive_outside_recent_window
DNB,03.L1.3060.7114,019,Vô hiệu hóa,2024-11-01,2024-11-01,2024-11-01,19,permanently_inactive_outside_recent_window
TNB,03.L1.3060.7114,050,Vô hiệu hóa,2024-01-01,2024-06-01,2024-06-01,24,permanently_inactive_outside_recent_window
DNB,03.L1.3060.7114,060,Vô hiệu hóa,2024-05-01,2025-02-01,2025-02-01,16,permanently_inactive_outside_recent_window
DNB,03.L1.3060.7114,061,Vô hiệu hóa,2024-09-01,2025-03-01,2025-03-01,15,permanently_inactive_outside_recent_window
TNB,03.L1.3060.7114,063,Vô hiệu hóa,2024-01-01,2024-08-01,2024-08-01,22,permanently_inactive_outside_recent_window
TNB,03.L1.3060.7114,065,Vô hiệu hóa,2024-02-01,2024-03-01,2024-03-01,27,permanently_inactive_outside_recent_window
DNB,03.L1.3060.7114,068,Vô hiệu hóa,2025-05-01,2025-05-01,2025-05-01,13,permanently_inactive_outside_recent_window
TNB,03.L1.3060.7114,069,Vô hiệu hóa,2024-04-01,2024-04-01,2024-04-01,26,permanently_inactive_outside_recent_window
TNB,03.L1.3060.7114,073,Vô hiệu hóa,2024-01-01,2025-03-01,2025-03-01,15,permanently_inactive_outside_recent_window
DNB,03.L1.3060.7114,076,Vô hiệu hóa,2024-01-01,2024-07-01,2024-07-01,23,permanently_inactive_outside_recent_window
DNB,03.L1.3060.7114,081,Vô hiệu hóa,2024-04-01,2024-10-01,2024-10-01,20,permanently_inactive_outside_recent_window
Chưa xác định,03.L1.3060.7115,000,Vô hiệu hóa,2024-05-01,2024-05-01,2024-05-01,25,permanently_inactive_outside_recent_window
MT-TNG,03.L1.3060.7115,001,Vô hiệu hóa,2024-05-01,2024-05-01,2024-05-01,25,permanently_inactive_outside_recent_window
TNB,03.L1.3060.7115,050,Vô hiệu hóa,2024-01-01,2024-06-01,2024-06-01,24,permanently_inactive_outside_recent_window
DNB,03.L1.3060.7115,061,Vô hiệu hóa,2024-11-01,2025-03-01,2025-03-01,15,permanently_inactive_outside_recent_window
TNB,03.L1.3060.7115,063,Vô hiệu hóa,2024-01-01,2024-08-01,2024-08-01,22,permanently_inactive_outside_recent_window
DNB,03.L1.3060.7115,076,Vô hiệu hóa,2024-07-01,2024-07-01,2024-07-01,23,permanently_inactive_outside_recent_window
DNB,03.L1.3060.7115,081,Vô hiệu hóa,2024-04-01,2024-05-01,2024-05-01,25,permanently_inactive_outside_recent_window
Chưa xác định,03.L1.3060.7116,000,Vô hiệu hóa,2024-04-01,2024-04-01,2024-04-01,26,permanently_inactive_outside_recent_window
MT-TNG,03.L1.3060.7116,001,Vô hiệu hóa,2024-05-01,2024-05-01,2024-05-01,25,permanently_inactive_outside_recent_window
TNB,03.L1.3060.7116,050,Vô hiệu hóa,2024-01-01,2024-06-01,2024-06-01,24,permanently_inactive_outside_recent_window
DNB,03.L1.3060.7116,061,Vô hiệu hóa,2024-05-01,2025-03-01,2025-03-01,15,permanently_inactive_outside_recent_window
TNB,03.L1.3060.7116,063,Vô hiệu hóa,2024-01-01,2024-09-01,2024-09-01,21,permanently_inactive_outside_recent_window
TNB,03.L1.3060.7116,069,Vô hiệu hóa,2024-04-01,2024-04-01,2024-04-01,26,permanently_inactive_outside_recent_window
TNB,03.L1.3060.7116,073,Vô hiệu hóa,2024-01-01,2025-03-01,2025-03-01,15,permanently_inactive_outside_recent_window
DNB,03.L1.3060.7116,076,Vô hiệu hóa,2024-07-01,2024-07-01,2024-07-01,23,permanently_inactive_outside_recent_window
DNB,03.L1.3060.7116,081,Vô hiệu hóa,2024-04-01,2024-04-01,2024-04-01,26,permanently_inactive_outside_recent_window
Chưa xác định,03.L1.3060.7116,222,Vô hiệu hóa,2024-03-01,2024-03-01,2024-03-01,27,permanently_inactive_outside_recent_window
TNB,03.L1.3060.7117,050,Vô hiệu hóa,2024-04-01,2024-06-01,2024-06-01,24,permanently_inactive_outside_recent_window
TNB,03.L1.3060.7117,063,Vô hiệu hóa,2024-04-01,2024-08-01,2024-08-01,22,permanently_inactive_outside_recent_window
TNB,03.L1.3060.7117,073,Vô hiệu hóa,2024-05-01,2024-05-01,2024-05-01,25,permanently_inactive_outside_recent_window
TNB,03.L1.3060.7118,050,Vô hiệu hóa,2024-06-01,2024-06-01,2024-06-01,24,permanently_inactive_outside_recent_window
TNB,03.L1.3060.7118,063,Vô hiệu hóa,2024-03-01,2024-08-01,2024-08-01,22,permanently_inactive_outside_recent_window
TNB,03.L1.3060.7119,050,Vô hiệu hóa,2024-01-01,2024-06-01,2024-06-01,24,permanently_inactive_outside_recent_window
TNB,03.L1.3060.7119,073,Vô hiệu hóa,2024-04-01,2025-02-01,2025-02-01,16,permanently_inactive_outside_recent_window
DNB,03.L1.3060.7119,081,Vô hiệu hóa,2024-01-01,2024-01-01,2024-01-01,29,permanently_inactive_outside_recent_window
DNB,03.L1.3060.7121,008,Vô hiệu hóa,2024-01-01,2024-04-01,2024-04-01,26,permanently_inactive_outside_recent_window
DNB,03.L1.3060.7121,010,Vô hiệu hóa,2024-01-01,2024-06-01,2024-06-01,24,permanently_inactive_outside_recent_window
TNB,03.L1.3060.7121,015,Vô hiệu hóa,2024-01-01,2024-05-01,2024-05-01,25,permanently_inactive_outside_recent_window
TNB,03.L1.3060.7121,016,Vô hiệu hóa,2024-03-01,2024-07-01,2024-07-01,23,permanently_inactive_outside_recent_window
MT-TNG,03.L1.3060.7121,023,Vô hiệu hóa,2024-01-01,2024-06-01,2024-06-01,24,permanently_inactive_outside_recent_window
TNB,03.L1.3060.7121,024,Vô hiệu hóa,2024-05-01,2024-05-01,2024-05-01,25,permanently_inactive_outside_recent_window
DNB,03.L1.3060.7122,008,Vô hiệu hóa,2024-01-01,2024-04-01,2024-04-01,26,permanently_inactive_outside_recent_window
DNB,03.L1.3060.7122,013,Vô hiệu hóa,2024-04-01,2024-11-01,2024-11-01,19,permanently_inactive_outside_recent_window
TNB,03.L1.3060.7122,015,Vô hiệu hóa,2024-04-01,2024-07-01,2024-07-01,23,permanently_inactive_outside_recent_window
MT-TNG,03.L1.3060.7122,023,Vô hiệu hóa,2024-03-01,2025-02-01,2025-02-01,16,permanently_inactive_outside_recent_window
TNB,03.L1.3060.7122,024,Vô hiệu hóa,2024-05-01,2024-05-01,2024-05-01,25,permanently_inactive_outside_recent_window
DNB,03.L1.3060.7123,002,Vô hiệu hóa,2024-01-01,2024-01-01,2024-01-01,29,permanently_inactive_outside_recent_window
DNB,03.L1.3060.7123,008,Vô hiệu hóa,2024-03-01,2024-07-01,2024-07-01,23,permanently_inactive_outside_recent_window
MT-TNG,03.L1.3060.7123,012,Vô hiệu hóa,2024-03-01,2024-03-01,2024-03-01,27,permanently_inactive_outside_recent_window
DNB,03.L1.3060.7123,013,Vô hiệu hóa,2024-02-01,2025-03-01,2025-03-01,15,permanently_inactive_outside_recent_window
MT-TNG,03.L1.3060.7123,023,Vô hiệu hóa,2024-01-01,2025-02-01,2025-02-01,16,permanently_inactive_outside_recent_window
TNB,03.L1.3060.7123,024,Vô hiệu hóa,2024-05-01,2024-05-01,2024-05-01,25,permanently_inactive_outside_recent_window
DNB,03.L1.3060.7124,008,Vô hiệu hóa,2024-01-01,2024-08-01,2024-08-01,22,permanently_inactive_outside_recent_window
DNB,03.L1.3060.7124,010,Vô hiệu hóa,2024-03-01,2024-04-01,2024-04-01,26,permanently_inactive_outside_recent_window
TNB,03.L1.3060.7124,011,Vô hiệu hóa,2024-01-01,2024-10-01,2024-10-01,20,permanently_inactive_outside_recent_window
TNB,03.L1.3060.7124,015,Vô hiệu hóa,2024-01-01,2024-01-01,2024-01-01,29,permanently_inactive_outside_recent_window
TNB,03.L1.3060.7124,017,Vô hiệu hóa,2024-03-01,2024-04-01,2024-04-01,26,permanently_inactive_outside_recent_window
TNB,03.L1.3060.7124,018,Vô hiệu hóa,2024-01-01,2024-03-01,2024-03-01,27,permanently_inactive_outside_recent_window
MT-TNG,03.L1.3060.7124,023,Vô hiệu hóa,2024-02-01,2024-02-01,2024-02-01,28,permanently_inactive_outside_recent_window
TNB,03.L1.3060.7124,024,Vô hiệu hóa,2024-01-01,2024-05-01,2024-05-01,25,permanently_inactive_outside_recent_window
DNB,03.L1.3060.7125,008,Vô hiệu hóa,2024-01-01,2024-01-01,2024-01-01,29,permanently_inactive_outside_recent_window
TNB,03.L1.3060.7125,024,Vô hiệu hóa,2024-02-01,2024-05-01,2024-05-01,25,permanently_inactive_outside_recent_window
DNB,03.L1.3060.7126,008,Vô hiệu hóa,2024-01-01,2024-08-01,2024-08-01,22,permanently_inactive_outside_recent_window
TNB,03.L1.3060.7126,015,Vô hiệu hóa,2024-01-01,2024-12-01,2024-12-01,18,permanently_inactive_outside_recent_window
TNB,03.L1.3060.7126,017,Vô hiệu hóa,2024-03-01,2024-03-01,2024-03-01,27,permanently_inactive_outside_recent_window
TNB,03.L1.3060.7126,018,Vô hiệu hóa,2024-01-01,2024-12-01,2024-12-01,18,permanently_inactive_outside_recent_window
DNB,03.L1.3060.7126,019,Vô hiệu hóa,2024-01-01,2025-04-01,2025-04-01,14,permanently_inactive_outside_recent_window
MT-TNG,03.L1.3060.7126,023,Vô hiệu hóa,2024-01-01,2024-01-01,2024-01-01,29,permanently_inactive_outside_recent_window
TNB,03.L1.3060.7126,024,Vô hiệu hóa,2024-01-01,2024-05-01,2024-05-01,25,permanently_inactive_outside_recent_window
TNB,03.L1.3060.7127,018,Vô hiệu hóa,2024-04-01,2024-04-01,2024-04-01,26,permanently_inactive_outside_recent_window
TNB,03.L1.3060.7128,011,Vô hiệu hóa,2024-03-01,2024-03-01,2024-03-01,27,permanently_inactive_outside_recent_window
TNB,03.L1.3060.7128,017,Vô hiệu hóa,2024-01-01,2024-03-01,2024-03-01,27,permanently_inactive_outside_recent_window
TNB,03.L1.3060.7128,018,Vô hiệu hóa,2024-04-01,2024-04-01,2024-04-01,26,permanently_inactive_outside_recent_window
DNB,03.L1.3060.7131,002,Vô hiệu hóa,2024-01-01,2024-01-01,2024-01-01,29,permanently_inactive_outside_recent_window
TNB,03.L1.3060.7131,018,Vô hiệu hóa,2024-03-01,2024-04-01,2024-04-01,26,permanently_inactive_outside_recent_window
DNB,03.L1.3060.7131,097,Vô hiệu hóa,2024-04-01,2025-03-01,2025-03-01,15,permanently_inactive_outside_recent_window
DNB,03.L1.3060.7132,002,Vô hiệu hóa,2024-01-01,2025-05-01,2025-05-01,13,permanently_inactive_outside_recent_window
TNB,03.L1.3060.7132,018,Vô hiệu hóa,2024-04-01,2024-04-01,2024-04-01,26,permanently_inactive_outside_recent_window
DNB,03.L1.3060.7132,097,Vô hiệu hóa,2024-04-01,2024-04-01,2024-04-01,26,permanently_inactive_outside_recent_window
DNB,03.L1.3060.7133,002,Vô hiệu hóa,2024-01-01,2025-05-01,2025-05-01,13,permanently_inactive_outside_recent_window
TNB,03.L1.3060.7133,018,Vô hiệu hóa,2024-03-01,2024-04-01,2024-04-01,26,permanently_inactive_outside_recent_window
DNB,03.L1.3060.7133,097,Vô hiệu hóa,2024-04-01,2025-03-01,2025-03-01,15,permanently_inactive_outside_recent_window
TNB,03.L1.3060.7141,050,Vô hiệu hóa,2024-01-01,2025-04-01,2025-04-01,14,permanently_inactive_outside_recent_window
DNB,03.L1.3060.7141,061,Vô hiệu hóa,2025-03-01,2025-03-01,2025-03-01,15,permanently_inactive_outside_recent_window
TNB,03.L1.3060.7141,063,Vô hiệu hóa,2024-01-01,2024-11-01,2024-11-01,19,permanently_inactive_outside_recent_window
MT-TNG,03.L1.3060.7141,064,Vô hiệu hóa,2024-01-01,2025-03-01,2025-03-01,15,permanently_inactive_outside_recent_window
TNB,03.L1.3060.7141,069,Vô hiệu hóa,2024-01-01,2024-05-01,2024-05-01,25,permanently_inactive_outside_recent_window
MT-TNG,03.L1.3060.7141,072,Vô hiệu hóa,2024-01-01,2024-12-01,2024-12-01,18,permanently_inactive_outside_recent_window
DNB,03.L1.3060.7141,076,Vô hiệu hóa,2024-01-01,2024-06-01,2024-06-01,24,permanently_inactive_outside_recent_window
MT-TNG,03.L1.3060.7141,079,Vô hiệu hóa,2024-04-01,2024-08-01,2024-08-01,22,permanently_inactive_outside_recent_window
DNB,03.L1.3060.7141,081,Vô hiệu hóa,2024-01-01,2025-04-01,2025-04-01,14,permanently_inactive_outside_recent_window
TNB,03.L1.3060.7142,050,Vô hiệu hóa,2024-06-01,2025-04-01,2025-04-01,14,permanently_inactive_outside_recent_window
TNB,03.L1.3060.7142,063,Vô hiệu hóa,2024-09-01,2024-11-01,2024-11-01,19,permanently_inactive_outside_recent_window
MT-TNG,03.L1.3060.7142,064,Vô hiệu hóa,2024-01-01,2025-03-01,2025-03-01,15,permanently_inactive_outside_recent_window
MT-TNG,03.L1.3060.7142,072,Vô hiệu hóa,2024-12-01,2024-12-01,2024-12-01,18,permanently_inactive_outside_recent_window
DNB,03.L1.3060.7142,076,Vô hiệu hóa,2024-06-01,2024-06-01,2024-06-01,24,permanently_inactive_outside_recent_window
MT-TNG,03.L1.3060.7142,079,Vô hiệu hóa,2024-06-01,2024-08-01,2024-08-01,22,permanently_inactive_outside_recent_window
DNB,03.L1.3060.7142,081,Vô hiệu hóa,2024-02-01,2025-04-01,2025-04-01,14,permanently_inactive_outside_recent_window
Chưa xác định,03.L1.3060.7143,000,Vô hiệu hóa,2024-04-01,2024-05-01,2024-05-01,25,permanently_inactive_outside_recent_window
TNB,03.L1.3060.7143,050,Vô hiệu hóa,2024-01-01,2025-04-01,2025-04-01,14,permanently_inactive_outside_recent_window
DNB,03.L1.3060.7143,060,Vô hiệu hóa,2024-03-01,2024-07-01,2024-07-01,23,permanently_inactive_outside_recent_window
DNB,03.L1.3060.7143,061,Vô hiệu hóa,2024-03-01,2025-03-01,2025-03-01,15,permanently_inactive_outside_recent_window
TNB,03.L1.3060.7143,063,Vô hiệu hóa,2024-01-01,2024-11-01,2024-11-01,19,permanently_inactive_outside_recent_window
MT-TNG,03.L1.3060.7143,064,Vô hiệu hóa,2024-04-01,2025-03-01,2025-03-01,15,permanently_inactive_outside_recent_window
TNB,03.L1.3060.7143,065,Vô hiệu hóa,2024-06-01,2024-07-01,2024-07-01,23,permanently_inactive_outside_recent_window
MT-TNG,03.L1.3060.7143,072,Vô hiệu hóa,2024-01-01,2024-12-01,2024-12-01,18,permanently_inactive_outside_recent_window
DNB,03.L1.3060.7143,076,Vô hiệu hóa,2024-02-01,2024-06-01,2024-06-01,24,permanently_inactive_outside_recent_window
MT-TNG,03.L1.3060.7143,079,Vô hiệu hóa,2024-04-01,2024-08-01,2024-08-01,22,permanently_inactive_outside_recent_window
DNB,03.L1.3060.7143,081,Vô hiệu hóa,2024-01-01,2025-02-01,2025-02-01,16,permanently_inactive_outside_recent_window
Chưa xác định,03.L1.3060.7144,000,Vô hiệu hóa,2024-03-01,2025-04-01,2025-04-01,14,permanently_inactive_outside_recent_window
DNB,03.L1.3060.7144,002,Vô hiệu hóa,2024-01-01,2025-05-01,2025-05-01,13,permanently_inactive_outside_recent_window
DNB,03.L1.3060.7144,008,Vô hiệu hóa,2024-01-01,2025-03-01,2025-03-01,15,permanently_inactive_outside_recent_window
MT-TNG,03.L1.3060.7144,012,Vô hiệu hóa,2024-04-01,2024-09-01,2024-09-01,21,permanently_inactive_outside_recent_window
MT-TNG,03.L1.3060.7144,014,Vô hiệu hóa,2024-01-01,2024-03-01,2024-03-01,27,permanently_inactive_outside_recent_window
TNB,03.L1.3060.7144,015,Vô hiệu hóa,2024-01-01,2024-08-01,2024-08-01,22,permanently_inactive_outside_recent_window
TNB,03.L1.3060.7144,016,Vô hiệu hóa,2024-04-01,2024-11-01,2024-11-01,19,permanently_inactive_outside_recent_window
TNB,03.L1.3060.7144,018,Vô hiệu hóa,2024-04-01,2024-05-01,2024-05-01,25,permanently_inactive_outside_recent_window
DNB,03.L1.3060.7144,022,Vô hiệu hóa,2024-04-01,2025-05-01,2025-05-01,13,permanently_inactive_outside_recent_window
TNB,03.L1.3060.7144,024,Vô hiệu hóa,2024-03-01,2024-07-01,2024-07-01,23,permanently_inactive_outside_recent_window
MT-TNG,03.L1.3060.7144,079,Vô hiệu hóa,2024-08-01,2025-04-01,2025-04-01,14,permanently_inactive_outside_recent_window
DNB,03.L1.3060.7144,097,Vô hiệu hóa,2024-03-01,2025-03-01,2025-03-01,15,permanently_inactive_outside_recent_window
Chưa xác định,03.L1.3060.7144,222,Vô hiệu hóa,2024-06-01,2025-03-01,2025-03-01,15,permanently_inactive_outside_recent_window
DNB,03.L1.3060.7145,002,Vô hiệu hóa,2024-03-01,2025-05-01,2025-05-01,13,permanently_inactive_outside_recent_window
DNB,03.L1.3060.7145,008,Vô hiệu hóa,2024-04-01,2025-03-01,2025-03-01,15,permanently_inactive_outside_recent_window
DNB,03.L1.3060.7145,010,Vô hiệu hóa,2024-04-01,2024-05-01,2024-05-01,25,permanently_inactive_outside_recent_window
MT-TNG,03.L1.3060.7145,014,Vô hiệu hóa,2024-01-01,2024-03-01,2024-03-01,27,permanently_inactive_outside_recent_window
TNB,03.L1.3060.7145,015,Vô hiệu hóa,2024-01-01,2024-08-01,2024-08-01,22,permanently_inactive_outside_recent_window
TNB,03.L1.3060.7145,018,Vô hiệu hóa,2024-04-01,2024-05-01,2024-05-01,25,permanently_inactive_outside_recent_window
DNB,03.L1.3060.7145,022,Vô hiệu hóa,2024-07-01,2024-07-01,2024-07-01,23,permanently_inactive_outside_recent_window
MT-TNG,03.L1.3060.7145,079,Vô hiệu hóa,2024-09-01,2025-04-01,2025-04-01,14,permanently_inactive_outside_recent_window
DNB,03.L1.3060.7145,097,Vô hiệu hóa,2025-03-01,2025-03-01,2025-03-01,15,permanently_inactive_outside_recent_window
MT-TNG,03.L1.3060.7145,123,Vô hiệu hóa,2025-05-01,2025-05-01,2025-05-01,13,permanently_inactive_outside_recent_window
Chưa xác định,03.L1.3060.7146,000,Vô hiệu hóa,2024-01-01,2024-01-01,2024-01-01,29,permanently_inactive_outside_recent_window
DNB,03.L1.3060.7146,002,Vô hiệu hóa,2024-03-01,2025-05-01,2025-05-01,13,permanently_inactive_outside_recent_window
DNB,03.L1.3060.7146,008,Vô hiệu hóa,2024-01-01,2025-03-01,2025-03-01,15,permanently_inactive_outside_recent_window
DNB,03.L1.3060.7146,010,Vô hiệu hóa,2024-04-01,2024-05-01,2024-05-01,25,permanently_inactive_outside_recent_window
MT-TNG,03.L1.3060.7146,012,Vô hiệu hóa,2024-01-01,2024-01-01,2024-01-01,29,permanently_inactive_outside_recent_window
MT-TNG,03.L1.3060.7146,014,Vô hiệu hóa,2024-01-01,2024-01-01,2024-01-01,29,permanently_inactive_outside_recent_window
TNB,03.L1.3060.7146,015,Vô hiệu hóa,2024-01-01,2024-08-01,2024-08-01,22,permanently_inactive_outside_recent_window
TNB,03.L1.3060.7146,016,Vô hiệu hóa,2024-03-01,2024-11-01,2024-11-01,19,permanently_inactive_outside_recent_window
TNB,03.L1.3060.7146,017,Vô hiệu hóa,2024-02-01,2024-12-01,2024-12-01,18,permanently_inactive_outside_recent_window
TNB,03.L1.3060.7146,018,Vô hiệu hóa,2024-01-01,2024-05-01,2024-05-01,25,permanently_inactive_outside_recent_window
DNB,03.L1.3060.7146,022,Vô hiệu hóa,2024-07-01,2024-07-01,2024-07-01,23,permanently_inactive_outside_recent_window
TNB,03.L1.3060.7146,024,Vô hiệu hóa,2024-03-01,2024-03-01,2024-03-01,27,permanently_inactive_outside_recent_window
MT-TNG,03.L1.3060.7146,079,Vô hiệu hóa,2024-05-01,2025-04-01,2025-04-01,14,permanently_inactive_outside_recent_window
DNB,03.L1.3060.7146,097,Vô hiệu hóa,2024-01-01,2024-03-01,2024-03-01,27,permanently_inactive_outside_recent_window
MT-TNG,03.L1.3060.7146,123,Vô hiệu hóa,2025-05-01,2025-05-01,2025-05-01,13,permanently_inactive_outside_recent_window
Chưa xác định,03.L1.3060.7146,222,Vô hiệu hóa,2024-06-01,2025-03-01,2025-03-01,15,permanently_inactive_outside_recent_window
Chưa xác định,03.L1.3060.7147,000,Vô hiệu hóa,2024-10-01,2024-10-01,2024-10-01,20,permanently_inactive_outside_recent_window
TNB,03.L1.3060.7147,011,Vô hiệu hóa,2024-03-01,2025-02-01,2025-02-01,16,permanently_inactive_outside_recent_window
TNB,03.L1.3060.7147,016,Vô hiệu hóa,2024-03-01,2025-02-01,2025-02-01,16,permanently_inactive_outside_recent_window
TNB,03.L1.3060.7147,018,Vô hiệu hóa,2024-01-01,2024-08-01,2024-08-01,22,permanently_inactive_outside_recent_window
MT-TNG,03.L1.3060.7147,079,Vô hiệu hóa,2024-04-01,2024-07-01,2024-07-01,23,permanently_inactive_outside_recent_window
DNB,03.L1.3060.7147,097,Vô hiệu hóa,2024-10-01,2025-02-01,2025-02-01,16,permanently_inactive_outside_recent_window
TNB,03.L1.3060.7148,011,Vô hiệu hóa,2024-03-01,2025-02-01,2025-02-01,16,permanently_inactive_outside_recent_window
TNB,03.L1.3060.7148,016,Vô hiệu hóa,2024-03-01,2025-02-01,2025-02-01,16,permanently_inactive_outside_recent_window
MT-TNG,03.L1.3060.7148,079,Vô hiệu hóa,2024-04-01,2025-02-01,2025-02-01,16,permanently_inactive_outside_recent_window
DNB,03.L1.3060.7148,097,Vô hiệu hóa,2024-10-01,2024-10-01,2024-10-01,20,permanently_inactive_outside_recent_window
MT-TNG,03.L1.3060.7148,123,Vô hiệu hóa,2025-05-01,2025-05-01,2025-05-01,13,permanently_inactive_outside_recent_window
TNB,03.L1.3060.7149,011,Vô hiệu hóa,2024-03-01,2025-02-01,2025-02-01,16,permanently_inactive_outside_recent_window
TNB,03.L1.3060.7149,016,Vô hiệu hóa,2024-03-01,2025-02-01,2025-02-01,16,permanently_inactive_outside_recent_window
MT-TNG,03.L1.3060.7149,079,Vô hiệu hóa,2024-04-01,2024-12-01,2024-12-01,18,permanently_inactive_outside_recent_window
MT-TNG,03.L1.3060.7149,123,Vô hiệu hóa,2025-05-01,2025-05-01,2025-05-01,13,permanently_inactive_outside_recent_window
MT-TNG,03.L1.3060.7341,012,Vô hiệu hóa,2024-04-01,2024-04-01,2024-04-01,26,permanently_inactive_outside_recent_window
MT-TNG,03.L1.3060.7343,012,Vô hiệu hóa,2025-05-01,2025-05-01,2025-05-01,13,permanently_inactive_outside_recent_window
MT-TNG,03.L1.3060.7347,001,Vô hiệu hóa,2024-05-01,2024-05-01,2024-05-01,25,permanently_inactive_outside_recent_window
DNB,03.L1.3060.7347,013,Vô hiệu hóa,2025-04-01,2025-04-01,2025-04-01,14,permanently_inactive_outside_recent_window
MT-TNG,03.L1.3060.7347,014,Vô hiệu hóa,2024-02-01,2024-02-01,2024-02-01,28,permanently_inactive_outside_recent_window
TNB,03.L1.3060.7347,018,Vô hiệu hóa,2025-02-01,2025-02-01,2025-02-01,16,permanently_inactive_outside_recent_window
TNB,03.L1.3060.7347,024,Vô hiệu hóa,2024-01-01,2024-03-01,2024-03-01,27,permanently_inactive_outside_recent_window
TNB,03.L1.3060.7347,063,Vô hiệu hóa,2024-01-01,2024-10-01,2024-10-01,20,permanently_inactive_outside_recent_window
MT-TNG,03.L1.3060.7347,072,Vô hiệu hóa,2024-03-01,2024-03-01,2024-03-01,27,permanently_inactive_outside_recent_window
MT-TNG,03.L1.3060.7347,079,Vô hiệu hóa,2024-04-01,2024-07-01,2024-07-01,23,permanently_inactive_outside_recent_window
Chưa xác định,03.L1.3060.7348,000,Vô hiệu hóa,2024-04-01,2024-04-01,2024-04-01,26,permanently_inactive_outside_recent_window
MT-TNG,03.L1.3060.7348,001,Vô hiệu hóa,2024-05-01,2024-05-01,2024-05-01,25,permanently_inactive_outside_recent_window
DNB,03.L1.3060.7348,008,Vô hiệu hóa,2024-10-01,2024-10-01,2024-10-01,20,permanently_inactive_outside_recent_window
DNB,03.L1.3060.7348,010,Vô hiệu hóa,2024-01-01,2025-05-01,2025-05-01,13,permanently_inactive_outside_recent_window
DNB,03.L1.3060.7348,013,Vô hiệu hóa,2025-04-01,2025-04-01,2025-04-01,14,permanently_inactive_outside_recent_window
TNB,03.L1.3060.7348,018,Vô hiệu hóa,2025-02-01,2025-02-01,2025-02-01,16,permanently_inactive_outside_recent_window
TNB,03.L1.3060.7348,063,Vô hiệu hóa,2024-03-01,2024-08-01,2024-08-01,22,permanently_inactive_outside_recent_window
MT-TNG,03.L1.3060.7348,072,Vô hiệu hóa,2024-03-01,2024-03-01,2024-03-01,27,permanently_inactive_outside_recent_window
MT-TNG,03.L1.3060.7348,079,Vô hiệu hóa,2024-04-01,2024-05-01,2024-05-01,25,permanently_inactive_outside_recent_window
Chưa xác định,03.L1.3060.7348,222,Vô hiệu hóa,2024-03-01,2024-03-01,2024-03-01,27,permanently_inactive_outside_recent_window
DNB,03.L1.3060.7349,013,Vô hiệu hóa,2024-10-01,2025-04-01,2025-04-01,14,permanently_inactive_outside_recent_window
MT-TNG,03.L1.3060.7349,014,Vô hiệu hóa,2024-02-01,2024-03-01,2024-03-01,27,permanently_inactive_outside_recent_window
TNB,03.L1.3060.7349,018,Vô hiệu hóa,2025-02-01,2025-02-01,2025-02-01,16,permanently_inactive_outside_recent_window
TNB,03.L1.3060.7349,063,Vô hiệu hóa,2024-03-01,2024-10-01,2024-10-01,20,permanently_inactive_outside_recent_window
MT-TNG,03.L1.3060.7349,072,Vô hiệu hóa,2024-03-01,2024-03-01,2024-03-01,27,permanently_inactive_outside_recent_window
MT-TNG,03.L1.3060.7349,079,Vô hiệu hóa,2024-04-01,2024-06-01,2024-06-01,24,permanently_inactive_outside_recent_window
DNB,03.L1.3060.7366,081,Vô hiệu hóa,2025-04-01,2025-04-01,2025-04-01,14,permanently_inactive_outside_recent_window
DNB,03.L1.3060.7368,013,Vô hiệu hóa,2024-07-01,2024-07-01,2024-07-01,23,permanently_inactive_outside_recent_window
TNB,03.L1.3060.7374,018,Vô hiệu hóa,2024-04-01,2024-07-01,2024-07-01,23,permanently_inactive_outside_recent_window
TNB,03.L1.3060.7374,069,Vô hiệu hóa,2024-01-01,2024-09-01,2024-09-01,21,permanently_inactive_outside_recent_window
TNB,03.L1.3060.7375,018,Vô hiệu hóa,2024-06-01,2024-07-01,2024-07-01,23,permanently_inactive_outside_recent_window
TNB,03.L1.3060.7375,069,Vô hiệu hóa,2024-05-01,2024-09-01,2024-09-01,21,permanently_inactive_outside_recent_window
TNB,03.L1.3060.7376,018,Vô hiệu hóa,2024-06-01,2024-07-01,2024-07-01,23,permanently_inactive_outside_recent_window
TNB,03.L1.3060.7376,069,Vô hiệu hóa,2024-01-01,2024-09-01,2024-09-01,21,permanently_inactive_outside_recent_window
TNB,03.L1.3060.7529,015,Vô hiệu hóa,2024-03-01,2024-03-01,2024-03-01,27,permanently_inactive_outside_recent_window
DNB,03.L1.3060.7529,019,Vô hiệu hóa,2024-03-01,2024-03-01,2024-03-01,27,permanently_inactive_outside_recent_window
DNB,03.L1.3060.7607,002,Vô hiệu hóa,2024-12-01,2024-12-01,2024-12-01,18,permanently_inactive_outside_recent_window
MT-TNG,03.L1.3060.7607,023,Vô hiệu hóa,2024-01-01,2025-02-01,2025-02-01,16,permanently_inactive_outside_recent_window
DNB,03.L1.3060.7608,002,Vô hiệu hóa,2024-10-01,2024-12-01,2024-12-01,18,permanently_inactive_outside_recent_window
TNB,03.L1.3060.7608,018,Vô hiệu hóa,2024-05-01,2024-05-01,2024-05-01,25,permanently_inactive_outside_recent_window
MT-TNG,03.L1.3060.7608,023,Vô hiệu hóa,2024-03-01,2025-02-01,2025-02-01,16,permanently_inactive_outside_recent_window
DNB,03.L1.3060.7609,002,Vô hiệu hóa,2024-10-01,2024-12-01,2024-12-01,18,permanently_inactive_outside_recent_window
TNB,03.L1.3060.7609,018,Vô hiệu hóa,2024-05-01,2024-05-01,2024-05-01,25,permanently_inactive_outside_recent_window
MT-TNG,03.L1.3060.7609,023,Vô hiệu hóa,2024-01-01,2024-07-01,2024-07-01,23,permanently_inactive_outside_recent_window
MT-TNG,03.L1.3060.7611,001,Vô hiệu hóa,2024-05-01,2024-05-01,2024-05-01,25,permanently_inactive_outside_recent_window
DNB,03.L1.3060.7611,002,Vô hiệu hóa,2024-12-01,2024-12-01,2024-12-01,18,permanently_inactive_outside_recent_window
TNB,03.L1.3060.7611,018,Vô hiệu hóa,2024-05-01,2024-05-01,2024-05-01,25,permanently_inactive_outside_recent_window
DNB,03.L1.3060.7612,002,Vô hiệu hóa,2024-12-01,2024-12-01,2024-12-01,18,permanently_inactive_outside_recent_window
TNB,03.L1.3060.7612,018,Vô hiệu hóa,2024-01-01,2024-05-01,2024-05-01,25,permanently_inactive_outside_recent_window
MT-TNG,03.L1.3060.7613,001,Vô hiệu hóa,2024-01-01,2024-05-01,2024-05-01,25,permanently_inactive_outside_recent_window
DNB,03.L1.3060.7613,002,Vô hiệu hóa,2024-08-01,2024-12-01,2024-12-01,18,permanently_inactive_outside_recent_window
TNB,03.L1.3060.7613,018,Vô hiệu hóa,2024-05-01,2024-05-01,2024-05-01,25,permanently_inactive_outside_recent_window
TNB,03.L1.3060.7614,018,Vô hiệu hóa,2024-05-01,2024-05-01,2024-05-01,25,permanently_inactive_outside_recent_window
TNB,03.L1.3060.7614,024,Vô hiệu hóa,2024-01-01,2024-03-01,2024-03-01,27,permanently_inactive_outside_recent_window
TNB,03.L1.3060.7616,018,Vô hiệu hóa,2024-05-01,2024-05-01,2024-05-01,25,permanently_inactive_outside_recent_window
MT-TNG,03.L1.3060.7634,014,Vô hiệu hóa,2024-03-01,2024-03-01,2024-03-01,27,permanently_inactive_outside_recent_window
TNB,03.L1.3060.7634,018,Vô hiệu hóa,2024-09-01,2024-09-01,2024-09-01,21,permanently_inactive_outside_recent_window
DNB,03.L1.3060.7634,019,Vô hiệu hóa,2024-01-01,2024-02-01,2024-02-01,28,permanently_inactive_outside_recent_window
MT-TNG,03.L1.3060.7634,023,Vô hiệu hóa,2024-03-01,2024-03-01,2024-03-01,27,permanently_inactive_outside_recent_window
MT-TNG,03.L1.3060.7635,001,Vô hiệu hóa,2024-05-01,2024-05-01,2024-05-01,25,permanently_inactive_outside_recent_window
TNB,03.L1.3060.7635,018,Vô hiệu hóa,2024-09-01,2024-09-01,2024-09-01,21,permanently_inactive_outside_recent_window
DNB,03.L1.3060.7635,019,Vô hiệu hóa,2024-01-01,2024-02-01,2024-02-01,28,permanently_inactive_outside_recent_window
MT-TNG,03.L1.3060.7635,023,Vô hiệu hóa,2024-07-01,2024-07-01,2024-07-01,23,permanently_inactive_outside_recent_window
MT-TNG,03.L1.3060.7636,001,Vô hiệu hóa,2024-05-01,2024-05-01,2024-05-01,25,permanently_inactive_outside_recent_window
TNB,03.L1.3060.7636,018,Vô hiệu hóa,2024-09-01,2024-09-01,2024-09-01,21,permanently_inactive_outside_recent_window
DNB,03.L1.3060.7636,019,Vô hiệu hóa,2024-02-01,2024-02-01,2024-02-01,28,permanently_inactive_outside_recent_window
MT-TNG,03.L1.3060.7636,023,Vô hiệu hóa,2024-06-01,2024-07-01,2024-07-01,23,permanently_inactive_outside_recent_window
MT-TNG,03.L1.4080.7701,001,Vô hiệu hóa,2024-05-01,2024-06-01,2024-06-01,24,permanently_inactive_outside_recent_window
DNB,03.L1.4080.7701,008,Vô hiệu hóa,2024-03-01,2024-06-01,2024-06-01,24,permanently_inactive_outside_recent_window
TNB,03.L1.4080.7701,015,Vô hiệu hóa,2024-01-01,2024-03-01,2024-03-01,27,permanently_inactive_outside_recent_window
TNB,03.L1.4080.7701,016,Vô hiệu hóa,2024-12-01,2024-12-01,2024-12-01,18,permanently_inactive_outside_recent_window
DNB,03.L1.4080.7701,019,Vô hiệu hóa,2024-01-01,2024-04-01,2024-04-01,26,permanently_inactive_outside_recent_window
MT-TNG,03.L1.4080.7701,023,Vô hiệu hóa,2024-01-01,2024-07-01,2024-07-01,23,permanently_inactive_outside_recent_window
MT-TNG,03.L1.4080.7702,001,Vô hiệu hóa,2024-05-01,2024-05-01,2024-05-01,25,permanently_inactive_outside_recent_window
TNB,03.L1.4080.7702,015,Vô hiệu hóa,2024-03-01,2024-03-01,2024-03-01,27,permanently_inactive_outside_recent_window
MT-TNG,03.L1.4080.7702,023,Vô hiệu hóa,2024-05-01,2024-07-01,2024-07-01,23,permanently_inactive_outside_recent_window
MT-TNG,03.L1.4080.7703,001,Vô hiệu hóa,2024-05-01,2024-05-01,2024-05-01,25,permanently_inactive_outside_recent_window
MT-TNG,03.L1.4080.7703,012,Vô hiệu hóa,2024-03-01,2024-03-01,2024-03-01,27,permanently_inactive_outside_recent_window
DNB,03.L1.4080.7703,019,Vô hiệu hóa,2024-01-01,2024-04-01,2024-04-01,26,permanently_inactive_outside_recent_window
MT-TNG,03.L1.4080.7703,023,Vô hiệu hóa,2024-01-01,2024-07-01,2024-07-01,23,permanently_inactive_outside_recent_window
MT-TNG,03.L1.4080.7704,001,Vô hiệu hóa,2024-05-01,2024-05-01,2024-05-01,25,permanently_inactive_outside_recent_window
TNB,03.L1.4080.7704,050,Vô hiệu hóa,2024-05-01,2024-05-01,2024-05-01,25,permanently_inactive_outside_recent_window
TNB,03.L1.4080.7704,073,Vô hiệu hóa,2024-09-01,2024-09-01,2024-09-01,21,permanently_inactive_outside_recent_window
MT-TNG,03.L1.4080.7705,001,Vô hiệu hóa,2024-05-01,2024-05-01,2024-05-01,25,permanently_inactive_outside_recent_window
TNB,03.L1.4080.7705,050,Vô hiệu hóa,2024-05-01,2024-05-01,2024-05-01,25,permanently_inactive_outside_recent_window
DNB,03.L1.4080.7705,060,Vô hiệu hóa,2024-01-01,2024-10-01,2024-10-01,20,permanently_inactive_outside_recent_window
TNB,03.L1.4080.7705,073,Vô hiệu hóa,2024-09-01,2024-09-01,2024-09-01,21,permanently_inactive_outside_recent_window
MT-TNG,03.L1.4080.7706,001,Vô hiệu hóa,2024-05-01,2024-05-01,2024-05-01,25,permanently_inactive_outside_recent_window
TNB,03.L1.4080.7706,050,Vô hiệu hóa,2024-05-01,2024-05-01,2024-05-01,25,permanently_inactive_outside_recent_window
DNB,03.L1.4080.7706,060,Vô hiệu hóa,2024-01-01,2024-10-01,2024-10-01,20,permanently_inactive_outside_recent_window
TNB,03.L1.4080.7706,073,Vô hiệu hóa,2024-01-01,2024-09-01,2024-09-01,21,permanently_inactive_outside_recent_window
DNB,03.L1.4080.7706,076,Vô hiệu hóa,2024-03-01,2024-03-01,2024-03-01,27,permanently_inactive_outside_recent_window
TNB,03.L1.4080.7707,050,Vô hiệu hóa,2024-01-01,2024-06-01,2024-06-01,24,permanently_inactive_outside_recent_window
DNB,03.L1.4080.7707,061,Vô hiệu hóa,2024-03-01,2024-03-01,2024-03-01,27,permanently_inactive_outside_recent_window
TNB,03.L1.4080.7707,063,Vô hiệu hóa,2024-01-01,2024-01-01,2024-01-01,29,permanently_inactive_outside_recent_window
TNB,03.L1.4080.7708,050,Vô hiệu hóa,2024-01-01,2024-06-01,2024-06-01,24,permanently_inactive_outside_recent_window
DNB,03.L1.4080.7708,061,Vô hiệu hóa,2024-03-01,2024-12-01,2024-12-01,18,permanently_inactive_outside_recent_window
TNB,03.L1.4080.7708,063,Vô hiệu hóa,2024-01-01,2024-01-01,2024-01-01,29,permanently_inactive_outside_recent_window
TNB,03.L1.4080.7708,073,Vô hiệu hóa,2024-09-01,2024-09-01,2024-09-01,21,permanently_inactive_outside_recent_window
DNB,03.L1.4080.7708,076,Vô hiệu hóa,2024-03-01,2024-03-01,2024-03-01,27,permanently_inactive_outside_recent_window
TNB,03.L1.4080.7709,050,Vô hiệu hóa,2024-01-01,2024-06-01,2024-06-01,24,permanently_inactive_outside_recent_window
DNB,03.L1.4080.7709,061,Vô hiệu hóa,2024-03-01,2024-12-01,2024-12-01,18,permanently_inactive_outside_recent_window
TNB,03.L1.4080.7709,063,Vô hiệu hóa,2024-01-01,2024-01-01,2024-01-01,29,permanently_inactive_outside_recent_window
TNB,03.L1.4080.7709,073,Vô hiệu hóa,2024-09-01,2024-09-01,2024-09-01,21,permanently_inactive_outside_recent_window
DNB,03.L1.4080.7709,076,Vô hiệu hóa,2024-03-01,2024-03-01,2024-03-01,27,permanently_inactive_outside_recent_window
MT-TNG,03.L1.4080.7711,001,Vô hiệu hóa,2024-05-01,2024-05-01,2024-05-01,25,permanently_inactive_outside_recent_window
TNB,03.L1.4080.7711,018,Vô hiệu hóa,2024-08-01,2024-08-01,2024-08-01,22,permanently_inactive_outside_recent_window
TNB,03.L1.4080.7712,018,Vô hiệu hóa,2024-08-01,2024-08-01,2024-08-01,22,permanently_inactive_outside_recent_window
MT-TNG,03.L1.4080.7713,001,Vô hiệu hóa,2024-05-01,2024-05-01,2024-05-01,25,permanently_inactive_outside_recent_window
TNB,03.L1.4080.7713,018,Vô hiệu hóa,2024-08-01,2025-03-01,2025-03-01,15,permanently_inactive_outside_recent_window
DNB,03.L1.4080.7717,008,Vô hiệu hóa,2024-03-01,2024-03-01,2024-03-01,27,permanently_inactive_outside_recent_window
TNB,03.L1.4080.7717,011,Vô hiệu hóa,2024-01-01,2024-05-01,2024-05-01,25,permanently_inactive_outside_recent_window
MT-TNG,03.L1.4080.7717,014,Vô hiệu hóa,2024-05-01,2024-09-01,2024-09-01,21,permanently_inactive_outside_recent_window
MT-TNG,03.L1.4080.7717,072,Vô hiệu hóa,2025-02-01,2025-02-01,2025-02-01,16,permanently_inactive_outside_recent_window
MT-TNG,03.L1.4080.7718,014,Vô hiệu hóa,2024-05-01,2024-05-01,2024-05-01,25,permanently_inactive_outside_recent_window
TNB,03.L1.4080.7718,015,Vô hiệu hóa,2024-01-01,2024-01-01,2024-01-01,29,permanently_inactive_outside_recent_window
MT-TNG,03.L1.4080.7718,023,Vô hiệu hóa,2024-07-01,2024-07-01,2024-07-01,23,permanently_inactive_outside_recent_window
MT-TNG,03.L1.4080.7718,072,Vô hiệu hóa,2025-02-01,2025-02-01,2025-02-01,16,permanently_inactive_outside_recent_window
DNB,03.L1.4080.7719,008,Vô hiệu hóa,2024-03-01,2024-03-01,2024-03-01,27,permanently_inactive_outside_recent_window
TNB,03.L1.4080.7719,011,Vô hiệu hóa,2024-03-01,2024-03-01,2024-03-01,27,permanently_inactive_outside_recent_window
DNB,03.L1.4080.7719,013,Vô hiệu hóa,2024-03-01,2024-03-01,2024-03-01,27,permanently_inactive_outside_recent_window
MT-TNG,03.L1.4080.7719,014,Vô hiệu hóa,2024-05-01,2024-08-01,2024-08-01,22,permanently_inactive_outside_recent_window
TNB,03.L1.4080.7719,015,Vô hiệu hóa,2024-01-01,2024-01-01,2024-01-01,29,permanently_inactive_outside_recent_window
TNB,03.L1.4080.7719,016,Vô hiệu hóa,2024-03-01,2024-03-01,2024-03-01,27,permanently_inactive_outside_recent_window
DNB,03.L1.4080.7721,019,Vô hiệu hóa,2024-05-01,2024-05-01,2024-05-01,25,permanently_inactive_outside_recent_window
MT-TNG,03.L1.5050.6551,014,Vô hiệu hóa,2024-03-01,2024-03-01,2024-03-01,27,permanently_inactive_outside_recent_window
DNB,03.L1.6060.8000,002,Vô hiệu hóa,2024-06-01,2024-06-01,2024-06-01,24,permanently_inactive_outside_recent_window
DNB,03.L1.6060.8000,008,Vô hiệu hóa,2024-01-01,2025-04-01,2025-04-01,14,permanently_inactive_outside_recent_window
TNB,03.L1.6060.8000,011,Vô hiệu hóa,2024-03-01,2024-04-01,2024-04-01,26,permanently_inactive_outside_recent_window
TNB,03.L1.6060.8000,015,Vô hiệu hóa,2024-01-01,2024-07-01,2024-07-01,23,permanently_inactive_outside_recent_window
TNB,03.L1.6060.8000,017,Vô hiệu hóa,2024-01-01,2024-05-01,2024-05-01,25,permanently_inactive_outside_recent_window
DNB,03.L1.6060.8000,022,Vô hiệu hóa,2024-04-01,2024-10-01,2024-10-01,20,permanently_inactive_outside_recent_window
TNB,03.L1.6060.8000,024,Vô hiệu hóa,2024-01-01,2024-07-01,2024-07-01,23,permanently_inactive_outside_recent_window
TNB,03.L1.6060.8000,050,Vô hiệu hóa,2024-01-01,2024-06-01,2024-06-01,24,permanently_inactive_outside_recent_window
DNB,03.L1.6060.8000,061,Vô hiệu hóa,2024-07-01,2024-07-01,2024-07-01,23,permanently_inactive_outside_recent_window
TNB,03.L1.6060.8000,065,Vô hiệu hóa,2024-01-01,2024-04-01,2024-04-01,26,permanently_inactive_outside_recent_window
TNB,03.L1.6060.8000,098,Vô hiệu hóa,2024-03-01,2024-08-01,2024-08-01,22,permanently_inactive_outside_recent_window
TNB,03.L1.6060.8008,011,Vô hiệu hóa,2024-08-01,2024-08-01,2024-08-01,22,permanently_inactive_outside_recent_window
TNB,03.L1.6060.8010,011,Vô hiệu hóa,2024-08-01,2024-08-01,2024-08-01,22,permanently_inactive_outside_recent_window
MT-TNG,03.L1.6060.8010,079,Vô hiệu hóa,2024-03-01,2024-03-01,2024-03-01,27,permanently_inactive_outside_recent_window
DNB,03.L1.6060.8011,008,Vô hiệu hóa,2024-01-01,2024-03-01,2024-03-01,27,permanently_inactive_outside_recent_window
TNB,03.L1.6060.8011,011,Vô hiệu hóa,2024-01-01,2024-07-01,2024-07-01,23,permanently_inactive_outside_recent_window
MT-TNG,03.L1.6060.8011,023,Vô hiệu hóa,2024-01-01,2024-06-01,2024-06-01,24,permanently_inactive_outside_recent_window
TNB,03.L1.6060.8011,024,Vô hiệu hóa,2024-01-01,2024-09-01,2024-09-01,21,permanently_inactive_outside_recent_window
TNB,03.L1.6060.8016,018,Vô hiệu hóa,2024-01-01,2024-01-01,2024-01-01,29,permanently_inactive_outside_recent_window
TNB,03.L1.6060.8022,011,Vô hiệu hóa,2024-02-01,2024-08-01,2024-08-01,22,permanently_inactive_outside_recent_window
MT-TNG,03.L1.6060.8022,012,Vô hiệu hóa,2024-06-01,2024-06-01,2024-06-01,24,permanently_inactive_outside_recent_window
TNB,03.L1.6060.8024,011,Vô hiệu hóa,2024-07-01,2024-07-01,2024-07-01,23,permanently_inactive_outside_recent_window
MT-TNG,03.L1.6060.8024,014,Vô hiệu hóa,2024-03-01,2024-03-01,2024-03-01,27,permanently_inactive_outside_recent_window
TNB,03.L1.6060.8025,011,Vô hiệu hóa,2024-07-01,2024-07-01,2024-07-01,23,permanently_inactive_outside_recent_window
TNB,03.L1.6060.8034,011,Vô hiệu hóa,2024-08-01,2024-08-01,2024-08-01,22,permanently_inactive_outside_recent_window
TNB,03.L1.6060.8034,069,Vô hiệu hóa,2024-02-01,2024-02-01,2024-02-01,28,permanently_inactive_outside_recent_window
DNB,03.L1.6060.8036,013,Vô hiệu hóa,2025-04-01,2025-04-01,2025-04-01,14,permanently_inactive_outside_recent_window
DNB,03.L1.6060.8037,008,Vô hiệu hóa,2024-01-01,2024-09-01,2024-09-01,21,permanently_inactive_outside_recent_window
DNB,03.L1.6060.8037,010,Vô hiệu hóa,2024-01-01,2024-01-01,2024-01-01,29,permanently_inactive_outside_recent_window
DNB,03.L1.6060.8037,022,Vô hiệu hóa,2024-01-01,2024-07-01,2024-07-01,23,permanently_inactive_outside_recent_window
TNB,03.L1.6060.8037,024,Vô hiệu hóa,2024-01-01,2024-07-01,2024-07-01,23,permanently_inactive_outside_recent_window
MT-TNG,03.L1.6060.8037,079,Vô hiệu hóa,2024-06-01,2024-06-01,2024-06-01,24,permanently_inactive_outside_recent_window
TNB,03.L1.6060.8037,098,Vô hiệu hóa,2025-03-01,2025-03-01,2025-03-01,15,permanently_inactive_outside_recent_window
TNB,03.L1.6060.8044,011,Vô hiệu hóa,2024-08-01,2024-08-01,2024-08-01,22,permanently_inactive_outside_recent_window
TNB,03.L1.6060.8044,017,Vô hiệu hóa,2024-03-01,2024-03-01,2024-03-01,27,permanently_inactive_outside_recent_window
TNB,03.L1.6060.8044,024,Vô hiệu hóa,2024-09-01,2024-09-01,2024-09-01,21,permanently_inactive_outside_recent_window
TNB,03.L1.6060.8045,011,Vô hiệu hóa,2024-08-01,2024-08-01,2024-08-01,22,permanently_inactive_outside_recent_window
TNB,03.L1.6060.8046,011,Vô hiệu hóa,2024-01-01,2024-08-01,2024-08-01,22,permanently_inactive_outside_recent_window
MT-TNG,03.L1.6060.8046,012,Vô hiệu hóa,2024-03-01,2024-03-01,2024-03-01,27,permanently_inactive_outside_recent_window
DNB,03.L1.6060.8046,022,Vô hiệu hóa,2024-01-01,2024-07-01,2024-07-01,23,permanently_inactive_outside_recent_window
Chưa xác định,03.L1.6060.8050,000,Vô hiệu hóa,2024-05-01,2024-05-01,2024-05-01,25,permanently_inactive_outside_recent_window
MT-TNG,03.L1.6060.8050,001,Vô hiệu hóa,2024-01-01,2024-03-01,2024-03-01,27,permanently_inactive_outside_recent_window
DNB,03.L1.6060.8050,008,Vô hiệu hóa,2024-01-01,2024-07-01,2024-07-01,23,permanently_inactive_outside_recent_window
TNB,03.L1.6060.8050,011,Vô hiệu hóa,2024-01-01,2024-08-01,2024-08-01,22,permanently_inactive_outside_recent_window
MT-TNG,03.L1.6060.8050,012,Vô hiệu hóa,2024-01-01,2024-04-01,2024-04-01,26,permanently_inactive_outside_recent_window
TNB,03.L1.6060.8050,015,Vô hiệu hóa,2024-01-01,2024-06-01,2024-06-01,24,permanently_inactive_outside_recent_window
TNB,03.L1.6060.8050,016,Vô hiệu hóa,2024-03-01,2024-05-01,2024-05-01,25,permanently_inactive_outside_recent_window
TNB,03.L1.6060.8050,017,Vô hiệu hóa,2024-01-01,2024-03-01,2024-03-01,27,permanently_inactive_outside_recent_window
TNB,03.L1.6060.8050,018,Vô hiệu hóa,2024-01-01,2024-04-01,2024-04-01,26,permanently_inactive_outside_recent_window
DNB,03.L1.6060.8050,022,Vô hiệu hóa,2024-02-01,2024-08-01,2024-08-01,22,permanently_inactive_outside_recent_window
MT-TNG,03.L1.6060.8050,023,Vô hiệu hóa,2024-03-01,2024-03-01,2024-03-01,27,permanently_inactive_outside_recent_window
TNB,03.L1.6060.8050,024,Vô hiệu hóa,2024-01-01,2024-05-01,2024-05-01,25,permanently_inactive_outside_recent_window
TNB,03.L1.6060.8050,050,Vô hiệu hóa,2024-01-01,2024-04-01,2024-04-01,26,permanently_inactive_outside_recent_window
DNB,03.L1.6060.8050,060,Vô hiệu hóa,2024-01-01,2024-05-01,2024-05-01,25,permanently_inactive_outside_recent_window
TNB,03.L1.6060.8050,063,Vô hiệu hóa,2024-01-01,2024-04-01,2024-04-01,26,permanently_inactive_outside_recent_window
TNB,03.L1.6060.8050,073,Vô hiệu hóa,2024-02-01,2024-10-01,2024-10-01,20,permanently_inactive_outside_recent_window
DNB,03.L1.6060.8050,076,Vô hiệu hóa,2024-05-01,2024-05-01,2024-05-01,25,permanently_inactive_outside_recent_window
MT-TNG,03.L1.6060.8050,079,Vô hiệu hóa,2024-01-01,2024-03-01,2024-03-01,27,permanently_inactive_outside_recent_window
DNB,03.L1.6060.8050,094,Vô hiệu hóa,2024-01-01,2024-10-01,2024-10-01,20,permanently_inactive_outside_recent_window
DNB,03.L1.6060.8050,097,Vô hiệu hóa,2024-01-01,2024-05-01,2024-05-01,25,permanently_inactive_outside_recent_window
Chưa xác định,03.L1.6060.8050,222,Vô hiệu hóa,2024-03-01,2024-03-01,2024-03-01,27,permanently_inactive_outside_recent_window
Chưa xác định,03.L1.6060.8052,000,Vô hiệu hóa,2024-11-01,2024-11-01,2024-11-01,19,permanently_inactive_outside_recent_window
TNB,03.L1.6060.8052,011,Vô hiệu hóa,2024-07-01,2024-07-01,2024-07-01,23,permanently_inactive_outside_recent_window
MT-TNG,03.L1.6060.8052,079,Vô hiệu hóa,2024-03-01,2024-03-01,2024-03-01,27,permanently_inactive_outside_recent_window
DNB,03.L1.6060.8052,097,Vô hiệu hóa,2024-04-01,2024-11-01,2024-11-01,19,permanently_inactive_outside_recent_window
Chưa xác định,03.L1.6060.8052,222,Vô hiệu hóa,2024-01-01,2024-06-01,2024-06-01,24,permanently_inactive_outside_recent_window
TNB,03.L1.6060.8056,011,Vô hiệu hóa,2024-08-01,2024-08-01,2024-08-01,22,permanently_inactive_outside_recent_window
TNB,03.L1.6060.8056,017,Vô hiệu hóa,2024-04-01,2024-07-01,2024-07-01,23,permanently_inactive_outside_recent_window
MT-TNG,03.L1.6060.8056,079,Vô hiệu hóa,2024-03-01,2024-03-01,2024-03-01,27,permanently_inactive_outside_recent_window
TNB,03.L1.6060.8058,011,Vô hiệu hóa,2024-01-01,2024-07-01,2024-07-01,23,permanently_inactive_outside_recent_window
TNB,03.L1.6060.8058,018,Vô hiệu hóa,2024-03-01,2024-03-01,2024-03-01,27,permanently_inactive_outside_recent_window
MT-TNG,03.L1.6060.8058,079,Vô hiệu hóa,2024-03-01,2024-03-01,2024-03-01,27,permanently_inactive_outside_recent_window
MT-TNG,03.L1.6060.8066,001,Vô hiệu hóa,2024-05-01,2024-08-01,2024-08-01,22,permanently_inactive_outside_recent_window
DNB,03.L1.6060.8066,002,Vô hiệu hóa,2024-08-01,2025-02-01,2025-02-01,16,permanently_inactive_outside_recent_window
DNB,03.L1.6060.8066,010,Vô hiệu hóa,2024-01-01,2025-04-01,2025-04-01,14,permanently_inactive_outside_recent_window
TNB,03.L1.6060.8066,011,Vô hiệu hóa,2024-01-01,2024-07-01,2024-07-01,23,permanently_inactive_outside_recent_window
MT-TNG,03.L1.6060.8066,012,Vô hiệu hóa,2024-01-01,2025-04-01,2025-04-01,14,permanently_inactive_outside_recent_window
DNB,03.L1.6060.8066,013,Vô hiệu hóa,2024-07-01,2024-07-01,2024-07-01,23,permanently_inactive_outside_recent_window
MT-TNG,03.L1.6060.8066,014,Vô hiệu hóa,2024-03-01,2024-03-01,2024-03-01,27,permanently_inactive_outside_recent_window
TNB,03.L1.6060.8066,015,Vô hiệu hóa,2024-01-01,2024-08-01,2024-08-01,22,permanently_inactive_outside_recent_window
DNB,03.L1.6060.8066,019,Vô hiệu hóa,2024-07-01,2024-07-01,2024-07-01,23,permanently_inactive_outside_recent_window
MT-TNG,03.L1.6060.8066,023,Vô hiệu hóa,2024-01-01,2025-05-01,2025-05-01,13,permanently_inactive_outside_recent_window
TNB,03.L1.6060.8066,024,Vô hiệu hóa,2024-03-01,2024-03-01,2024-03-01,27,permanently_inactive_outside_recent_window
MT-TNG,03.L1.6060.8067,001,Vô hiệu hóa,2024-01-01,2024-01-01,2024-01-01,29,permanently_inactive_outside_recent_window
DNB,03.L1.6060.8067,008,Vô hiệu hóa,2024-01-01,2025-03-01,2025-03-01,15,permanently_inactive_outside_recent_window
TNB,03.L1.6060.8067,011,Vô hiệu hóa,2024-05-01,2024-08-01,2024-08-01,22,permanently_inactive_outside_recent_window
DNB,03.L1.6060.8067,013,Vô hiệu hóa,2024-01-01,2025-04-01,2025-04-01,14,permanently_inactive_outside_recent_window
MT-TNG,03.L1.6060.8067,014,Vô hiệu hóa,2024-03-01,2024-03-01,2024-03-01,27,permanently_inactive_outside_recent_window
TNB,03.L1.6060.8067,015,Vô hiệu hóa,2024-05-01,2025-05-01,2025-05-01,13,permanently_inactive_outside_recent_window
TNB,03.L1.6060.8067,017,Vô hiệu hóa,2024-01-01,2024-01-01,2024-01-01,29,permanently_inactive_outside_recent_window
DNB,03.L1.6060.8067,019,Vô hiệu hóa,2024-01-01,2024-12-01,2024-12-01,18,permanently_inactive_outside_recent_window
DNB,03.L1.6060.8067,022,Vô hiệu hóa,2024-01-01,2024-07-01,2024-07-01,23,permanently_inactive_outside_recent_window
MT-TNG,03.L1.6060.8067,023,Vô hiệu hóa,2024-01-01,2024-07-01,2024-07-01,23,permanently_inactive_outside_recent_window
TNB,03.L1.6060.8067,024,Vô hiệu hóa,2024-04-01,2024-04-01,2024-04-01,26,permanently_inactive_outside_recent_window
MT-TNG,03.L1.6060.8068,001,Vô hiệu hóa,2024-05-01,2024-08-01,2024-08-01,22,permanently_inactive_outside_recent_window
DNB,03.L1.6060.8068,002,Vô hiệu hóa,2024-11-01,2024-11-01,2024-11-01,19,permanently_inactive_outside_recent_window
DNB,03.L1.6060.8068,008,Vô hiệu hóa,2024-01-01,2024-04-01,2024-04-01,26,permanently_inactive_outside_recent_window
MT-TNG,03.L1.6060.8068,012,Vô hiệu hóa,2024-03-01,2024-11-01,2024-11-01,19,permanently_inactive_outside_recent_window
MT-TNG,03.L1.6060.8068,014,Vô hiệu hóa,2024-03-01,2024-03-01,2024-03-01,27,permanently_inactive_outside_recent_window
TNB,03.L1.6060.8068,016,Vô hiệu hóa,2024-03-01,2024-03-01,2024-03-01,27,permanently_inactive_outside_recent_window
TNB,03.L1.6060.8068,017,Vô hiệu hóa,2024-03-01,2024-03-01,2024-03-01,27,permanently_inactive_outside_recent_window
TNB,03.L1.6060.8068,024,Vô hiệu hóa,2024-01-01,2024-01-01,2024-01-01,29,permanently_inactive_outside_recent_window
DNB,03.L1.6060.8069,008,Vô hiệu hóa,2024-01-01,2024-09-01,2024-09-01,21,permanently_inactive_outside_recent_window
DNB,03.L1.6060.8069,010,Vô hiệu hóa,2024-01-01,2024-01-01,2024-01-01,29,permanently_inactive_outside_recent_window
TNB,03.L1.6060.8069,011,Vô hiệu hóa,2024-01-01,2024-08-01,2024-08-01,22,permanently_inactive_outside_recent_window
MT-TNG,03.L1.6060.8069,012,Vô hiệu hóa,2024-01-01,2024-01-01,2024-01-01,29,permanently_inactive_outside_recent_window
DNB,03.L1.6060.8069,013,Vô hiệu hóa,2024-01-01,2024-04-01,2024-04-01,26,permanently_inactive_outside_recent_window
TNB,03.L1.6060.8069,017,Vô hiệu hóa,2024-01-01,2024-04-01,2024-04-01,26,permanently_inactive_outside_recent_window
DNB,03.L1.6060.8069,019,Vô hiệu hóa,2024-03-01,2024-07-01,2024-07-01,23,permanently_inactive_outside_recent_window
DNB,03.L1.6060.8069,022,Vô hiệu hóa,2024-01-01,2024-07-01,2024-07-01,23,permanently_inactive_outside_recent_window
MT-TNG,03.L1.6060.8069,023,Vô hiệu hóa,2024-01-01,2024-07-01,2024-07-01,23,permanently_inactive_outside_recent_window
TNB,03.L1.6060.8069,024,Vô hiệu hóa,2024-03-01,2024-04-01,2024-04-01,26,permanently_inactive_outside_recent_window
MT-TNG,03.L1.6060.8069,072,Vô hiệu hóa,2024-03-01,2024-03-01,2024-03-01,27,permanently_inactive_outside_recent_window
TNB,03.L1.6060.8212,018,Vô hiệu hóa,2024-01-01,2024-01-01,2024-01-01,29,permanently_inactive_outside_recent_window
DNB,03.L1.6060.8306,008,Vô hiệu hóa,2024-01-01,2025-04-01,2025-04-01,14,permanently_inactive_outside_recent_window
DNB,03.L1.6060.8306,010,Vô hiệu hóa,2024-04-01,2024-05-01,2024-05-01,25,permanently_inactive_outside_recent_window
TNB,03.L1.6060.8306,024,Vô hiệu hóa,2024-01-01,2024-01-01,2024-01-01,29,permanently_inactive_outside_recent_window
MT-TNG,03.L1.6060.8309,012,Vô hiệu hóa,2024-04-01,2024-11-01,2024-11-01,19,permanently_inactive_outside_recent_window
TNB,03.L1.6060.8309,015,Vô hiệu hóa,2024-01-01,2024-02-01,2024-02-01,28,permanently_inactive_outside_recent_window
TNB,03.L1.6060.8309,016,Vô hiệu hóa,2024-04-01,2024-08-01,2024-08-01,22,permanently_inactive_outside_recent_window
TNB,03.L1.6060.8309,018,Vô hiệu hóa,2024-01-01,2024-03-01,2024-03-01,27,permanently_inactive_outside_recent_window
TNB,03.L1.6060.8309,024,Vô hiệu hóa,2024-01-01,2024-03-01,2024-03-01,27,permanently_inactive_outside_recent_window
DNB,03.L1.6060.8311,008,Vô hiệu hóa,2024-01-01,2024-07-01,2024-07-01,23,permanently_inactive_outside_recent_window
TNB,03.L1.6060.8311,018,Vô hiệu hóa,2024-04-01,2024-04-01,2024-04-01,26,permanently_inactive_outside_recent_window
TNB,03.L1.6060.8311,024,Vô hiệu hóa,2024-01-01,2024-01-01,2024-01-01,29,permanently_inactive_outside_recent_window
DNB,03.L1.6060.8556,002,Vô hiệu hóa,2024-06-01,2024-06-01,2024-06-01,24,permanently_inactive_outside_recent_window
MT-TNG,03.L1.8080.9002,001,Vô hiệu hóa,2024-02-01,2024-02-01,2024-02-01,28,permanently_inactive_outside_recent_window
DNB,03.L1.8080.9002,008,Vô hiệu hóa,2024-01-01,2024-01-01,2024-01-01,29,permanently_inactive_outside_recent_window
MT-TNG,05.L1.1580.18400,071,Vô hiệu hóa,2024-08-01,2024-08-01,2024-08-01,22,permanently_inactive_outside_recent_window
DNB,05.L1.1580.18400,081,Vô hiệu hóa,2024-07-01,2024-07-01,2024-07-01,23,permanently_inactive_outside_recent_window
TNB,05.L1.1580.18401,063,Vô hiệu hóa,2024-06-01,2024-06-01,2024-06-01,24,permanently_inactive_outside_recent_window
MT-TNG,05.L1.1580.18401,071,Vô hiệu hóa,2024-08-01,2024-08-01,2024-08-01,22,permanently_inactive_outside_recent_window
MT-TNG,05.L1.1580.18402,071,Vô hiệu hóa,2024-08-01,2024-08-01,2024-08-01,22,permanently_inactive_outside_recent_window
MT-TNG,05.L1.1580.18402,099,Vô hiệu hóa,2024-09-01,2024-09-01,2024-09-01,21,permanently_inactive_outside_recent_window
DNB,05.L1.1580.18408,002,Vô hiệu hóa,2024-06-01,2024-06-01,2024-06-01,24,permanently_inactive_outside_recent_window
TNB,05.L1.1580.18409,018,Vô hiệu hóa,2024-09-01,2024-09-01,2024-09-01,21,permanently_inactive_outside_recent_window
MT-TNG,05.L1.6060.6711,071,Vô hiệu hóa,2024-06-01,2024-06-01,2024-06-01,24,permanently_inactive_outside_recent_window
MT-TNG,05.L1.6060.6711,099,Vô hiệu hóa,2025-03-01,2025-03-01,2025-03-01,15,permanently_inactive_outside_recent_window
MT-TNG,05.L1.6060.6766,012,Vô hiệu hóa,2024-01-01,2024-01-01,2024-01-01,29,permanently_inactive_outside_recent_window
Chưa xác định,05.L1.6060.686003,085,Vô hiệu hóa,2024-09-01,2024-11-01,2024-11-01,19,permanently_inactive_outside_recent_window
Chưa xác định,05.L1.6060.686004,085,Vô hiệu hóa,2024-09-01,2024-11-01,2024-11-01,19,permanently_inactive_outside_recent_window
Chưa xác định,05.L1.6060.686005,085,Vô hiệu hóa,2024-10-01,2024-11-01,2024-11-01,19,permanently_inactive_outside_recent_window
Chưa xác định,05.L1.6060.686007,085,Vô hiệu hóa,2024-09-01,2024-11-01,2024-11-01,19,permanently_inactive_outside_recent_window
Chưa xác định,05.L1.8080.688003,085,Vô hiệu hóa,2024-08-01,2024-12-01,2024-12-01,18,permanently_inactive_outside_recent_window
Chưa xác định,05.L1.8080.688004,085,Vô hiệu hóa,2024-08-01,2024-12-01,2024-12-01,18,permanently_inactive_outside_recent_window
Chưa xác định,05.L1.8080.688005,085,Vô hiệu hóa,2024-10-01,2024-12-01,2024-12-01,18,permanently_inactive_outside_recent_window
Chưa xác định,05.L1.8080.688007,085,Vô hiệu hóa,2024-08-01,2024-08-01,2024-08-01,22,permanently_inactive_outside_recent_window
MT-TNG,05.L1.8080.8682,049,Vô hiệu hóa,2024-05-01,2024-06-01,2024-06-01,24,permanently_inactive_outside_recent_window
MT-TNG,05.L1.8080.8682,067,Vô hiệu hóa,2024-01-01,2024-01-01,2024-01-01,29,permanently_inactive_outside_recent_window
MT-TNG,05.L1.8080.8682,072,Vô hiệu hóa,2025-04-01,2025-04-01,2025-04-01,14,permanently_inactive_outside_recent_window
TNB,05.L1.8080.8682,073,Vô hiệu hóa,2024-11-01,2024-11-01,2024-11-01,19,permanently_inactive_outside_recent_window
MT-TNG,05.L1.8080.8683,012,Vô hiệu hóa,2024-05-01,2025-04-01,2025-04-01,14,permanently_inactive_outside_recent_window
TNB,05.L1.8080.8683,050,Vô hiệu hóa,2024-05-01,2024-05-01,2024-05-01,25,permanently_inactive_outside_recent_window
TNB,05.L1.8080.8683,069,Vô hiệu hóa,2024-03-01,2024-09-01,2024-09-01,21,permanently_inactive_outside_recent_window
MT-TNG,05.L1.8080.8683,070,Vô hiệu hóa,2024-01-01,2024-01-01,2024-01-01,29,permanently_inactive_outside_recent_window
MT-TNG,05.L1.8080.8683,071,Vô hiệu hóa,2024-09-01,2024-09-01,2024-09-01,21,permanently_inactive_outside_recent_window
MT-TNG,05.L1.8080.8685,049,Vô hiệu hóa,2024-05-01,2024-06-01,2024-06-01,24,permanently_inactive_outside_recent_window
TNB,05.L1.8080.8685,050,Vô hiệu hóa,2024-07-01,2024-07-01,2024-07-01,23,permanently_inactive_outside_recent_window
TNB,05.L1.8080.8685,069,Vô hiệu hóa,2024-09-01,2024-09-01,2024-09-01,21,permanently_inactive_outside_recent_window
TNB,05.L1.8080.8685,073,Vô hiệu hóa,2024-10-01,2024-11-01,2024-11-01,19,permanently_inactive_outside_recent_window
DNB,05.L1.8080.8687,081,Vô hiệu hóa,2024-01-01,2024-01-01,2024-01-01,29,permanently_inactive_outside_recent_window
Chưa xác định,05.L1.8080.8691,000,Vô hiệu hóa,2024-01-01,2024-03-01,2024-03-01,27,permanently_inactive_outside_recent_window
DNB,05.L1.8080.8691,076,Vô hiệu hóa,2024-01-01,2024-09-01,2024-09-01,21,permanently_inactive_outside_recent_window
DNB,05.L1.8080.8691,081,Vô hiệu hóa,2024-01-01,2025-04-01,2025-04-01,14,permanently_inactive_outside_recent_window
Chưa xác định,05.L1.8080.8692,000,Vô hiệu hóa,2024-07-01,2024-07-01,2024-07-01,23,permanently_inactive_outside_recent_window
MT-TNG,05.L1.8080.8692,070,Vô hiệu hóa,2024-01-01,2024-01-01,2024-01-01,29,permanently_inactive_outside_recent_window
DNB,05.L1.8080.8692,076,Vô hiệu hóa,2024-03-01,2024-09-01,2024-09-01,21,permanently_inactive_outside_recent_window
MT-TNG,05.L1.8080.8692,099,Vô hiệu hóa,2024-06-01,2025-03-01,2025-03-01,15,permanently_inactive_outside_recent_window
Chưa xác định,05.L1.8080.8693,000,Vô hiệu hóa,2024-07-01,2024-07-01,2024-07-01,23,permanently_inactive_outside_recent_window
MT-TNG,05.L1.8080.8693,064,Vô hiệu hóa,2024-06-01,2024-06-01,2024-06-01,24,permanently_inactive_outside_recent_window
TNB,05.L1.8080.8693,069,Vô hiệu hóa,2024-07-01,2024-10-01,2024-10-01,20,permanently_inactive_outside_recent_window
TNB,05.L1.8080.8694,050,Vô hiệu hóa,2024-01-01,2024-07-01,2024-07-01,23,permanently_inactive_outside_recent_window
MT-TNG,05.L1.8080.8921,071,Vô hiệu hóa,2024-09-01,2024-09-01,2024-09-01,21,permanently_inactive_outside_recent_window
MT-TNG,05.L1.8080.8926,071,Vô hiệu hóa,2024-03-01,2024-03-01,2024-03-01,27,permanently_inactive_outside_recent_window
MT-TNG,05.L1.8080.8929,059,Vô hiệu hóa,2024-09-01,2024-09-01,2024-09-01,21,permanently_inactive_outside_recent_window
Chưa xác định,08.L1.15580.4212,000,Vô hiệu hóa,2024-11-01,2024-12-01,2024-12-01,18,permanently_inactive_outside_recent_window
DNB,08.L1.15580.4212,019,Vô hiệu hóa,2024-01-01,2024-01-01,2024-01-01,29,permanently_inactive_outside_recent_window
TNB,08.L1.15580.4212,050,Vô hiệu hóa,2024-02-01,2025-04-01,2025-04-01,14,permanently_inactive_outside_recent_window
DNB,08.L1.15580.4212,060,Vô hiệu hóa,2024-04-01,2024-04-01,2024-04-01,26,permanently_inactive_outside_recent_window
TNB,08.L1.15580.4212,069,Vô hiệu hóa,2024-01-01,2024-01-01,2024-01-01,29,permanently_inactive_outside_recent_window
DNB,08.L1.15580.4212,076,Vô hiệu hóa,2024-08-01,2025-05-01,2025-05-01,13,permanently_inactive_outside_recent_window
DNB,08.L1.15580.4212,081,Vô hiệu hóa,2024-12-01,2024-12-01,2024-12-01,18,permanently_inactive_outside_recent_window
Chưa xác định,08.L1.15580.4213,000,Vô hiệu hóa,2024-03-01,2024-10-01,2024-10-01,20,permanently_inactive_outside_recent_window
MT-TNG,08.L1.15580.4213,001,Vô hiệu hóa,2024-07-01,2024-08-01,2024-08-01,22,permanently_inactive_outside_recent_window
MT-TNG,08.L1.15580.4213,059,Vô hiệu hóa,2024-08-01,2024-08-01,2024-08-01,22,permanently_inactive_outside_recent_window
DNB,08.L1.15580.4213,060,Vô hiệu hóa,2024-01-01,2024-08-01,2024-08-01,22,permanently_inactive_outside_recent_window
TNB,08.L1.15580.4213,065,Vô hiệu hóa,2025-03-01,2025-03-01,2025-03-01,15,permanently_inactive_outside_recent_window
MT-TNG,08.L1.15580.4213,067,Vô hiệu hóa,2024-01-01,2024-01-01,2024-01-01,29,permanently_inactive_outside_recent_window
TNB,08.L1.15580.4213,069,Vô hiệu hóa,2024-05-01,2024-06-01,2024-06-01,24,permanently_inactive_outside_recent_window
MT-TNG,08.L1.15580.4213,072,Vô hiệu hóa,2024-03-01,2024-03-01,2024-03-01,27,permanently_inactive_outside_recent_window
TNB,08.L1.15580.4213,073,Vô hiệu hóa,2024-03-01,2024-10-01,2024-10-01,20,permanently_inactive_outside_recent_window
DNB,08.L1.15580.4213,076,Vô hiệu hóa,2024-01-01,2024-10-01,2024-10-01,20,permanently_inactive_outside_recent_window
DNB,08.L1.15580.4213,081,Vô hiệu hóa,2024-01-01,2024-04-01,2024-04-01,26,permanently_inactive_outside_recent_window
Chưa xác định,08.L1.15580.4213,222,Vô hiệu hóa,2024-05-01,2024-05-01,2024-05-01,25,permanently_inactive_outside_recent_window
Chưa xác định,08.L1.15580.4215,000,Vô hiệu hóa,2024-04-01,2024-04-01,2024-04-01,26,permanently_inactive_outside_recent_window
MT-TNG,08.L1.15580.4215,001,Vô hiệu hóa,2024-08-01,2025-05-01,2025-05-01,13,permanently_inactive_outside_recent_window
DNB,08.L1.15580.4215,019,Vô hiệu hóa,2024-08-01,2024-10-01,2024-10-01,20,permanently_inactive_outside_recent_window
MT-TNG,08.L1.15580.4215,049,Vô hiệu hóa,2025-04-01,2025-04-01,2025-04-01,14,permanently_inactive_outside_recent_window
MT-TNG,08.L1.15580.4215,059,Vô hiệu hóa,2024-09-01,2024-09-01,2024-09-01,21,permanently_inactive_outside_recent_window
DNB,08.L1.15580.4215,060,Vô hiệu hóa,2024-06-01,2024-06-01,2024-06-01,24,permanently_inactive_outside_recent_window
TNB,08.L1.15580.4215,073,Vô hiệu hóa,2024-02-01,2024-02-01,2024-02-01,28,permanently_inactive_outside_recent_window
DNB,08.L1.15580.4215,076,Vô hiệu hóa,2024-02-01,2024-04-01,2024-04-01,26,permanently_inactive_outside_recent_window
Chưa xác định,08.L1.15580.4215,222,Vô hiệu hóa,2024-06-01,2024-06-01,2024-06-01,24,permanently_inactive_outside_recent_window
Chưa xác định,08.L1.15580.4216,000,Vô hiệu hóa,2024-04-01,2024-04-01,2024-04-01,26,permanently_inactive_outside_recent_window
MT-TNG,08.L1.15580.4216,059,Vô hiệu hóa,2024-03-01,2024-05-01,2024-05-01,25,permanently_inactive_outside_recent_window
MT-TNG,08.L1.15580.4216,067,Vô hiệu hóa,2024-02-01,2024-02-01,2024-02-01,28,permanently_inactive_outside_recent_window
DNB,08.L1.15580.4216,076,Vô hiệu hóa,2024-04-01,2024-07-01,2024-07-01,23,permanently_inactive_outside_recent_window
Chưa xác định,08.L1.15580.4219,000,Vô hiệu hóa,2024-07-01,2024-07-01,2024-07-01,23,permanently_inactive_outside_recent_window
DNB,08.L1.15580.4219,019,Vô hiệu hóa,2024-01-01,2024-11-01,2024-11-01,19,permanently_inactive_outside_recent_window
MT-TNG,08.L1.15580.4219,059,Vô hiệu hóa,2024-10-01,2024-10-01,2024-10-01,20,permanently_inactive_outside_recent_window
DNB,08.L1.15580.4219,060,Vô hiệu hóa,2024-07-01,2024-07-01,2024-07-01,23,permanently_inactive_outside_recent_window
TNB,08.L1.15580.4219,065,Vô hiệu hóa,2024-01-01,2024-03-01,2024-03-01,27,permanently_inactive_outside_recent_window
TNB,08.L1.15580.4219,069,Vô hiệu hóa,2025-03-01,2025-03-01,2025-03-01,15,permanently_inactive_outside_recent_window
MT-TNG,08.L1.15580.4219,071,Vô hiệu hóa,2024-12-01,2025-05-01,2025-05-01,13,permanently_inactive_outside_recent_window
MT-TNG,08.L1.15580.4219,072,Vô hiệu hóa,2025-05-01,2025-05-01,2025-05-01,13,permanently_inactive_outside_recent_window
DNB,08.L1.15580.4219,076,Vô hiệu hóa,2024-05-01,2024-07-01,2024-07-01,23,permanently_inactive_outside_recent_window
DNB,08.L1.15580.4219,081,Vô hiệu hóa,2025-01-01,2025-01-01,2025-01-01,17,permanently_inactive_outside_recent_window
Chưa xác định,08.L1.15580.4219,222,Vô hiệu hóa,2024-03-01,2024-03-01,2024-03-01,27,permanently_inactive_outside_recent_window
DNB,08.L1.60120.3614,010,Vô hiệu hóa,2024-06-01,2024-06-01,2024-06-01,24,permanently_inactive_outside_recent_window
TNB,08.L1.60120.3614,015,Vô hiệu hóa,2024-07-01,2024-07-01,2024-07-01,23,permanently_inactive_outside_recent_window
TNB,08.L1.60120.3614,017,Vô hiệu hóa,2024-03-01,2024-09-01,2024-09-01,21,permanently_inactive_outside_recent_window
TNB,08.L1.60120.3614,018,Vô hiệu hóa,2024-01-01,2024-01-01,2024-01-01,29,permanently_inactive_outside_recent_window
DNB,08.L1.60120.3614,022,Vô hiệu hóa,2024-06-01,2024-08-01,2024-08-01,22,permanently_inactive_outside_recent_window
TNB,08.L1.60120.3614,050,Vô hiệu hóa,2024-11-01,2024-11-01,2024-11-01,19,permanently_inactive_outside_recent_window
DNB,08.L1.60120.3614,060,Vô hiệu hóa,2024-07-01,2024-07-01,2024-07-01,23,permanently_inactive_outside_recent_window
DNB,08.L1.60120.3614,061,Vô hiệu hóa,2024-01-01,2024-01-01,2024-01-01,29,permanently_inactive_outside_recent_window
DNB,08.L1.60120.3616,022,Vô hiệu hóa,2024-04-01,2024-04-01,2024-04-01,26,permanently_inactive_outside_recent_window
DNB,08.L1.60120.3617,008,Vô hiệu hóa,2024-02-01,2024-11-01,2024-11-01,19,permanently_inactive_outside_recent_window
TNB,08.L1.60120.3617,015,Vô hiệu hóa,2024-12-01,2025-04-01,2025-04-01,14,permanently_inactive_outside_recent_window
TNB,08.L1.60120.3617,016,Vô hiệu hóa,2024-01-01,2024-01-01,2024-01-01,29,permanently_inactive_outside_recent_window
TNB,08.L1.60120.3617,017,Vô hiệu hóa,2024-12-01,2024-12-01,2024-12-01,18,permanently_inactive_outside_recent_window
TNB,08.L1.60120.3617,018,Vô hiệu hóa,2024-01-01,2024-10-01,2024-10-01,20,permanently_inactive_outside_recent_window
DNB,08.L1.60120.3617,022,Vô hiệu hóa,2024-07-01,2024-07-01,2024-07-01,23,permanently_inactive_outside_recent_window
MT-TNG,08.L1.60120.3617,023,Vô hiệu hóa,2024-05-01,2024-05-01,2024-05-01,25,permanently_inactive_outside_recent_window
DNB,08.L1.60120.3617,060,Vô hiệu hóa,2024-04-01,2024-04-01,2024-04-01,26,permanently_inactive_outside_recent_window
MT-TNG,08.L1.60120.3619,001,Vô hiệu hóa,2024-06-01,2025-04-01,2025-04-01,14,permanently_inactive_outside_recent_window
TNB,08.L1.60120.3619,018,Vô hiệu hóa,2024-01-01,2024-09-01,2024-09-01,21,permanently_inactive_outside_recent_window
DNB,08.L1.60120.3619,060,Vô hiệu hóa,2024-01-01,2024-01-01,2024-01-01,29,permanently_inactive_outside_recent_window
Chưa xác định,08.L1.60120.3624,000,Vô hiệu hóa,2024-10-01,2024-10-01,2024-10-01,20,permanently_inactive_outside_recent_window
DNB,08.L1.60120.3624,008,Vô hiệu hóa,2024-02-01,2024-10-01,2024-10-01,20,permanently_inactive_outside_recent_window
TNB,08.L1.60120.3624,018,Vô hiệu hóa,2024-04-01,2025-04-01,2025-04-01,14,permanently_inactive_outside_recent_window
TNB,08.L1.60120.3624,024,Vô hiệu hóa,2024-06-01,2024-06-01,2024-06-01,24,permanently_inactive_outside_recent_window
DNB,08.L1.60120.3624,081,Vô hiệu hóa,2024-10-01,2024-10-01,2024-10-01,20,permanently_inactive_outside_recent_window
DNB,08.L1.60120.3627,008,Vô hiệu hóa,2024-01-01,2024-06-01,2024-06-01,24,permanently_inactive_outside_recent_window
DNB,08.L1.60120.3627,010,Vô hiệu hóa,2024-04-01,2024-10-01,2024-10-01,20,permanently_inactive_outside_recent_window
TNB,08.L1.60120.3627,015,Vô hiệu hóa,2024-04-01,2024-04-01,2024-04-01,26,permanently_inactive_outside_recent_window
DNB,08.L1.60120.3627,019,Vô hiệu hóa,2024-04-01,2024-11-01,2024-11-01,19,permanently_inactive_outside_recent_window
DNB,08.L1.60120.3627,022,Vô hiệu hóa,2025-05-01,2025-05-01,2025-05-01,13,permanently_inactive_outside_recent_window
MT-TNG,08.L1.60120.3627,023,Vô hiệu hóa,2024-02-01,2025-03-01,2025-03-01,15,permanently_inactive_outside_recent_window
DNB,08.L1.60120.3627,060,Vô hiệu hóa,2024-03-01,2024-03-01,2024-03-01,27,permanently_inactive_outside_recent_window
Chưa xác định,08.L1.6060.952,000,Vô hiệu hóa,2024-07-01,2024-07-01,2024-07-01,23,permanently_inactive_outside_recent_window
MT-TNG,08.L1.6060.953,012,Vô hiệu hóa,2024-01-01,2024-01-01,2024-01-01,29,permanently_inactive_outside_recent_window
Chưa xác định,09.L1.1590.CA09GK15901,000,Vô hiệu hóa,2024-02-01,2024-08-01,2024-08-01,22,permanently_inactive_outside_recent_window
TNB,09.L1.1590.CA09GK15901,050,Vô hiệu hóa,2024-01-01,2024-04-01,2024-04-01,26,permanently_inactive_outside_recent_window
DNB,09.L1.1590.CA09GK15901,061,Vô hiệu hóa,2024-03-01,2024-07-01,2024-07-01,23,permanently_inactive_outside_recent_window
TNB,09.L1.1590.CA09GK15901,065,Vô hiệu hóa,2024-04-01,2024-09-01,2024-09-01,21,permanently_inactive_outside_recent_window
TNB,09.L1.1590.CA09GK15901,069,Vô hiệu hóa,2024-01-01,2024-08-01,2024-08-01,22,permanently_inactive_outside_recent_window
DNB,09.L1.1590.CA09GK15901,076,Vô hiệu hóa,2024-01-01,2024-11-01,2024-11-01,19,permanently_inactive_outside_recent_window
DNB,09.L1.1590.CA09GK15901,081,Vô hiệu hóa,2024-03-01,2024-05-01,2024-05-01,25,permanently_inactive_outside_recent_window
Chưa xác định,09.L1.1590.CA09GK15901,222,Vô hiệu hóa,2024-06-01,2024-12-01,2024-12-01,18,permanently_inactive_outside_recent_window
Chưa xác định,09.L1.1590.CA09GK15902,000,Vô hiệu hóa,2024-10-01,2024-12-01,2024-12-01,18,permanently_inactive_outside_recent_window
MT-TNG,09.L1.1590.CA09GK15902,023,Vô hiệu hóa,2024-01-01,2024-04-01,2024-04-01,26,permanently_inactive_outside_recent_window
DNB,09.L1.1590.CA09GK15902,061,Vô hiệu hóa,2024-07-01,2024-07-01,2024-07-01,23,permanently_inactive_outside_recent_window
TNB,09.L1.1590.CA09GK15902,063,Vô hiệu hóa,2024-01-01,2024-09-01,2024-09-01,21,permanently_inactive_outside_recent_window
TNB,09.L1.1590.CA09GK15902,065,Vô hiệu hóa,2024-01-01,2025-01-01,2025-01-01,17,permanently_inactive_outside_recent_window
TNB,09.L1.1590.CA09GK15902,069,Vô hiệu hóa,2024-01-01,2025-04-01,2025-04-01,14,permanently_inactive_outside_recent_window
TNB,09.L1.1590.CA09GK15902,073,Vô hiệu hóa,2024-10-01,2024-10-01,2024-10-01,20,permanently_inactive_outside_recent_window
DNB,09.L1.1590.CA09GK15902,076,Vô hiệu hóa,2024-01-01,2025-04-01,2025-04-01,14,permanently_inactive_outside_recent_window
DNB,09.L1.1590.CA09GK15902,081,Vô hiệu hóa,2024-05-01,2024-08-01,2024-08-01,22,permanently_inactive_outside_recent_window
Chưa xác định,09.L1.1590.CA09GK15902,222,Vô hiệu hóa,2024-01-01,2024-01-01,2024-01-01,29,permanently_inactive_outside_recent_window
Chưa xác định,09.L1.1590.CA09GK15903,000,Vô hiệu hóa,2024-03-01,2025-02-01,2025-02-01,16,permanently_inactive_outside_recent_window
TNB,09.L1.1590.CA09GK15903,063,Vô hiệu hóa,2024-05-01,2025-04-01,2025-04-01,14,permanently_inactive_outside_recent_window
TNB,09.L1.1590.CA09GK15903,065,Vô hiệu hóa,2024-01-01,2024-09-01,2024-09-01,21,permanently_inactive_outside_recent_window
TNB,09.L1.1590.CA09GK15903,069,Vô hiệu hóa,2024-01-01,2025-04-01,2025-04-01,14,permanently_inactive_outside_recent_window
DNB,09.L1.1590.CA09GK15903,076,Vô hiệu hóa,2024-03-01,2025-05-01,2025-05-01,13,permanently_inactive_outside_recent_window
Chưa xác định,09.L1.1590.CA09GK15903,222,Vô hiệu hóa,2024-06-01,2024-07-01,2024-07-01,23,permanently_inactive_outside_recent_window
Chưa xác định,09.L1.1590.CA09GK15904,000,Vô hiệu hóa,2024-01-01,2024-11-01,2024-11-01,19,permanently_inactive_outside_recent_window
MT-TNG,09.L1.1590.CA09GK15904,023,Vô hiệu hóa,2024-01-01,2024-11-01,2024-11-01,19,permanently_inactive_outside_recent_window
DNB,09.L1.1590.CA09GK15904,061,Vô hiệu hóa,2024-01-01,2024-07-01,2024-07-01,23,permanently_inactive_outside_recent_window
TNB,09.L1.1590.CA09GK15904,063,Vô hiệu hóa,2024-04-01,2024-04-01,2024-04-01,26,permanently_inactive_outside_recent_window
TNB,09.L1.1590.CA09GK15904,065,Vô hiệu hóa,2024-01-01,2024-01-01,2024-01-01,29,permanently_inactive_outside_recent_window
TNB,09.L1.1590.CA09GK15904,069,Vô hiệu hóa,2024-01-01,2025-04-01,2025-04-01,14,permanently_inactive_outside_recent_window
Chưa xác định,09.L1.1590.CA09GK15904,222,Vô hiệu hóa,2024-01-01,2024-01-01,2024-01-01,29,permanently_inactive_outside_recent_window
Chưa xác định,09.L1.1590.CA09GK15905,000,Vô hiệu hóa,2024-03-01,2025-01-01,2025-01-01,17,permanently_inactive_outside_recent_window
DNB,09.L1.1590.CA09GK15905,019,Vô hiệu hóa,2024-03-01,2024-03-01,2024-03-01,27,permanently_inactive_outside_recent_window
DNB,09.L1.1590.CA09GK15905,061,Vô hiệu hóa,2024-06-01,2024-10-01,2024-10-01,20,permanently_inactive_outside_recent_window
TNB,09.L1.1590.CA09GK15905,065,Vô hiệu hóa,2024-01-01,2024-12-01,2024-12-01,18,permanently_inactive_outside_recent_window
TNB,09.L1.1590.CA09GK15905,069,Vô hiệu hóa,2024-01-01,2024-07-01,2024-07-01,23,permanently_inactive_outside_recent_window
DNB,09.L1.1590.CA09GK15905,076,Vô hiệu hóa,2024-01-01,2025-04-01,2025-04-01,14,permanently_inactive_outside_recent_window
DNB,09.L1.1590.CA09GK15905,081,Vô hiệu hóa,2024-05-01,2024-05-01,2024-05-01,25,permanently_inactive_outside_recent_window
Chưa xác định,09.L1.1590.CA09GK15905,222,Vô hiệu hóa,2024-06-01,2024-10-01,2024-10-01,20,permanently_inactive_outside_recent_window
DNB,09.L1.1590.CA10GK15902,008,Vô hiệu hóa,2024-01-01,2024-07-01,2024-07-01,23,permanently_inactive_outside_recent_window
TNB,09.L1.1590.CA10GK15902,017,Vô hiệu hóa,2024-03-01,2024-10-01,2024-10-01,20,permanently_inactive_outside_recent_window
TNB,09.L1.1590.CA10GK15902,018,Vô hiệu hóa,2024-09-01,2024-09-01,2024-09-01,21,permanently_inactive_outside_recent_window
TNB,09.L1.1590.CA10GK15903,015,Vô hiệu hóa,2024-03-01,2024-03-01,2024-03-01,27,permanently_inactive_outside_recent_window
DNB,09.L1.1590.CA10GK15904,008,Vô hiệu hóa,2024-01-01,2025-03-01,2025-03-01,15,permanently_inactive_outside_recent_window
TNB,09.L1.1590.CA10GK15904,015,Vô hiệu hóa,2024-01-01,2024-05-01,2024-05-01,25,permanently_inactive_outside_recent_window
TNB,09.L1.1590.CA10GK15904,016,Vô hiệu hóa,2024-01-01,2024-01-01,2024-01-01,29,permanently_inactive_outside_recent_window
TNB,09.L1.1590.CA10GK15904,018,Vô hiệu hóa,2024-09-01,2024-09-01,2024-09-01,21,permanently_inactive_outside_recent_window
DNB,09.L1.1590.CA10GK15905,008,Vô hiệu hóa,2024-01-01,2025-04-01,2025-04-01,14,permanently_inactive_outside_recent_window
TNB,09.L1.1590.CA10GK15905,015,Vô hiệu hóa,2024-03-01,2024-05-01,2024-05-01,25,permanently_inactive_outside_recent_window
TNB,09.L1.1590.CA10GK15905,017,Vô hiệu hóa,2024-01-01,2025-02-01,2025-02-01,16,permanently_inactive_outside_recent_window
MT-TNG,09.L1.3030.VU301,023,Vô hiệu hóa,2024-01-01,2024-03-01,2024-03-01,27,permanently_inactive_outside_recent_window
TNB,09.L1.3030.VU302,063,Vô hiệu hóa,2024-01-01,2024-01-01,2024-01-01,29,permanently_inactive_outside_recent_window
DNB,09.L1.3030.VU302,076,Vô hiệu hóa,2025-04-01,2025-04-01,2025-04-01,14,permanently_inactive_outside_recent_window
DNB,09.L1.3030.VU302,081,Vô hiệu hóa,2024-07-01,2024-07-01,2024-07-01,23,permanently_inactive_outside_recent_window
MT-TNG,09.L1.3030.VU303,023,Vô hiệu hóa,2024-01-01,2024-11-01,2024-11-01,19,permanently_inactive_outside_recent_window
TNB,09.L1.3030.VU304,050,Vô hiệu hóa,2024-03-01,2024-03-01,2024-03-01,27,permanently_inactive_outside_recent_window
MT-TNG,09.L1.3030.VU304,079,Vô hiệu hóa,2024-01-01,2024-03-01,2024-03-01,27,permanently_inactive_outside_recent_window
DNB,09.L1.3030.VU304,081,Vô hiệu hóa,2024-07-01,2024-07-01,2024-07-01,23,permanently_inactive_outside_recent_window
MT-TNG,09.L1.3030.VU304,123,Vô hiệu hóa,2025-05-01,2025-05-01,2025-05-01,13,permanently_inactive_outside_recent_window
MT-TNG,09.L1.3030.VU307,023,Vô hiệu hóa,2024-11-01,2024-11-01,2024-11-01,19,permanently_inactive_outside_recent_window
MT-TNG,09.L1.3030.VU309,079,Vô hiệu hóa,2024-01-01,2024-09-01,2024-09-01,21,permanently_inactive_outside_recent_window
DNB,09.L1.3030.VU309,081,Vô hiệu hóa,2024-05-01,2024-07-01,2024-07-01,23,permanently_inactive_outside_recent_window
DNB,09.L1.3030.VU310,002,Vô hiệu hóa,2024-05-01,2024-12-01,2024-12-01,18,permanently_inactive_outside_recent_window
TNB,09.L1.3030.VU310,011,Vô hiệu hóa,2024-11-01,2024-12-01,2024-12-01,18,permanently_inactive_outside_recent_window
MT-TNG,09.L1.3030.VU310,023,Vô hiệu hóa,2024-01-01,2024-10-01,2024-10-01,20,permanently_inactive_outside_recent_window
TNB,09.L1.3030.VU311,050,Vô hiệu hóa,2024-02-01,2024-03-01,2024-03-01,27,permanently_inactive_outside_recent_window
DNB,09.L1.3060.CA5GM3603,008,Vô hiệu hóa,2024-01-01,2024-11-01,2024-11-01,19,permanently_inactive_outside_recent_window
DNB,09.L1.3060.CA5GM3603,010,Vô hiệu hóa,2024-01-01,2024-07-01,2024-07-01,23,permanently_inactive_outside_recent_window
TNB,09.L1.3060.CA5GM3603,015,Vô hiệu hóa,2024-05-01,2024-08-01,2024-08-01,22,permanently_inactive_outside_recent_window
TNB,09.L1.3060.CA5GM3603,016,Vô hiệu hóa,2024-07-01,2024-11-01,2024-11-01,19,permanently_inactive_outside_recent_window
MT-TNG,09.L1.3060.CA5GM3603,023,Vô hiệu hóa,2024-01-01,2024-07-01,2024-07-01,23,permanently_inactive_outside_recent_window
DNB,09.L1.3060.CA5GM3604,008,Vô hiệu hóa,2024-01-01,2024-12-01,2024-12-01,18,permanently_inactive_outside_recent_window
DNB,09.L1.3060.CA5GM3604,010,Vô hiệu hóa,2024-01-01,2024-06-01,2024-06-01,24,permanently_inactive_outside_recent_window
TNB,09.L1.3060.CA5GM3604,015,Vô hiệu hóa,2024-01-01,2024-08-01,2024-08-01,22,permanently_inactive_outside_recent_window
TNB,09.L1.3060.CA5GM3604,017,Vô hiệu hóa,2024-10-01,2024-12-01,2024-12-01,18,permanently_inactive_outside_recent_window
DNB,09.L1.3060.CA5GM3604,019,Vô hiệu hóa,2024-05-01,2024-05-01,2024-05-01,25,permanently_inactive_outside_recent_window
MT-TNG,09.L1.3060.CA5GM3604,023,Vô hiệu hóa,2024-01-01,2024-12-01,2024-12-01,18,permanently_inactive_outside_recent_window
MT-TNG,09.L1.3060.CA5GM3605,023,Vô hiệu hóa,2024-01-01,2024-09-01,2024-09-01,21,permanently_inactive_outside_recent_window
TNB,09.L1.3060.CA5GM3605,065,Vô hiệu hóa,2024-01-01,2024-01-01,2024-01-01,29,permanently_inactive_outside_recent_window
TNB,09.L1.3060.CA5GM3605,069,Vô hiệu hóa,2024-01-01,2024-05-01,2024-05-01,25,permanently_inactive_outside_recent_window
MT-TNG,09.L1.3060.CA5GM3606,023,Vô hiệu hóa,2024-01-01,2024-03-01,2024-03-01,27,permanently_inactive_outside_recent_window
DNB,09.L1.3060.CA5GM3606,061,Vô hiệu hóa,2024-05-01,2024-05-01,2024-05-01,25,permanently_inactive_outside_recent_window
TNB,09.L1.3060.CA5GM3606,069,Vô hiệu hóa,2024-02-01,2024-08-01,2024-08-01,22,permanently_inactive_outside_recent_window
Chưa xác định,09.L1.3060.CA7GM3602,000,Vô hiệu hóa,2024-08-01,2024-08-01,2024-08-01,22,permanently_inactive_outside_recent_window
DNB,09.L1.3060.CA7GM3602,008,Vô hiệu hóa,2024-01-01,2025-03-01,2025-03-01,15,permanently_inactive_outside_recent_window
DNB,09.L1.3060.CA7GM3602,010,Vô hiệu hóa,2024-09-01,2024-09-01,2024-09-01,21,permanently_inactive_outside_recent_window
TNB,09.L1.3060.CA7GM3602,015,Vô hiệu hóa,2024-03-01,2024-10-01,2024-10-01,20,permanently_inactive_outside_recent_window
TNB,09.L1.3060.CA7GM3602,016,Vô hiệu hóa,2024-11-01,2024-11-01,2024-11-01,19,permanently_inactive_outside_recent_window
TNB,09.L1.3060.CA7GM3602,017,Vô hiệu hóa,2024-12-01,2024-12-01,2024-12-01,18,permanently_inactive_outside_recent_window
MT-TNG,09.L1.3060.CA7GM3602,023,Vô hiệu hóa,2024-01-01,2025-05-01,2025-05-01,13,permanently_inactive_outside_recent_window
DNB,09.L1.3060.CA7GM3602,076,Vô hiệu hóa,2024-08-01,2024-08-01,2024-08-01,22,permanently_inactive_outside_recent_window
DNB,09.L1.3060.CA7GM3603,008,Vô hiệu hóa,2024-01-01,2025-01-01,2025-01-01,17,permanently_inactive_outside_recent_window
DNB,09.L1.3060.CA7GM3603,013,Vô hiệu hóa,2024-04-01,2024-06-01,2024-06-01,24,permanently_inactive_outside_recent_window
TNB,09.L1.3060.CA7GM3603,015,Vô hiệu hóa,2024-01-01,2024-05-01,2024-05-01,25,permanently_inactive_outside_recent_window
Chưa xác định,09.L1.3060.CA7GM3603,222,Vô hiệu hóa,2024-05-01,2024-05-01,2024-05-01,25,permanently_inactive_outside_recent_window
Chưa xác định,09.L1.3060.CA8GM3603,000,Vô hiệu hóa,2024-05-01,2024-11-01,2024-11-01,19,permanently_inactive_outside_recent_window
DNB,09.L1.3060.CA8GM3603,060,Vô hiệu hóa,2024-01-01,2025-03-01,2025-03-01,15,permanently_inactive_outside_recent_window
TNB,09.L1.3060.CA8GM3603,065,Vô hiệu hóa,2024-01-01,2024-01-01,2024-01-01,29,permanently_inactive_outside_recent_window
DNB,09.L1.3060.CA8GM3603,076,Vô hiệu hóa,2024-01-01,2024-11-01,2024-11-01,19,permanently_inactive_outside_recent_window
MT-TNG,09.L1.3060.CA8GM3603,079,Vô hiệu hóa,2024-01-01,2024-09-01,2024-09-01,21,permanently_inactive_outside_recent_window
Chưa xác định,09.L1.3060.CA8GM3603,222,Vô hiệu hóa,2024-01-01,2024-05-01,2024-05-01,25,permanently_inactive_outside_recent_window
Chưa xác định,09.L1.3060.CA8GM3604,000,Vô hiệu hóa,2024-01-01,2024-05-01,2024-05-01,25,permanently_inactive_outside_recent_window
DNB,09.L1.3060.CA8GM3604,060,Vô hiệu hóa,2024-01-01,2024-07-01,2024-07-01,23,permanently_inactive_outside_recent_window
TNB,09.L1.3060.CA8GM3604,065,Vô hiệu hóa,2024-01-01,2024-01-01,2024-01-01,29,permanently_inactive_outside_recent_window
DNB,09.L1.3060.CA8GM3604,076,Vô hiệu hóa,2024-01-01,2024-10-01,2024-10-01,20,permanently_inactive_outside_recent_window
MT-TNG,09.L1.3060.CA8GM3604,079,Vô hiệu hóa,2024-01-01,2024-09-01,2024-09-01,21,permanently_inactive_outside_recent_window
Chưa xác định,09.L1.3060.CA8GM3604,222,Vô hiệu hóa,2024-05-01,2024-06-01,2024-06-01,24,permanently_inactive_outside_recent_window
DNB,09.L1.3060.CAGM36D1,002,Vô hiệu hóa,2024-07-01,2024-08-01,2024-08-01,22,permanently_inactive_outside_recent_window
DNB,09.L1.3060.CAGM36D1,008,Vô hiệu hóa,2024-01-01,2025-01-01,2025-01-01,17,permanently_inactive_outside_recent_window
DNB,09.L1.3060.CAGM36D1,010,Vô hiệu hóa,2024-03-01,2025-01-01,2025-01-01,17,permanently_inactive_outside_recent_window
TNB,09.L1.3060.CAGM36D1,015,Vô hiệu hóa,2024-12-01,2025-01-01,2025-01-01,17,permanently_inactive_outside_recent_window
MT-TNG,09.L1.3060.CAGM36D1,023,Vô hiệu hóa,2024-01-01,2024-12-01,2024-12-01,18,permanently_inactive_outside_recent_window
DNB,09.L1.3060.CAGM36D1,074,Vô hiệu hóa,2025-01-01,2025-01-01,2025-01-01,17,permanently_inactive_outside_recent_window
DNB,09.L1.3060.CAGM36D2,008,Vô hiệu hóa,2024-05-01,2024-12-01,2024-12-01,18,permanently_inactive_outside_recent_window
DNB,09.L1.3060.CAGM36D2,010,Vô hiệu hóa,2024-01-01,2024-01-01,2024-01-01,29,permanently_inactive_outside_recent_window
TNB,09.L1.3060.CAGM36D2,015,Vô hiệu hóa,2024-08-01,2024-12-01,2024-12-01,18,permanently_inactive_outside_recent_window
TNB,09.L1.3060.CAGM36D2,016,Vô hiệu hóa,2024-04-01,2025-05-01,2025-05-01,13,permanently_inactive_outside_recent_window
TNB,09.L1.3060.CAGM36D2,017,Vô hiệu hóa,2024-10-01,2024-10-01,2024-10-01,20,permanently_inactive_outside_recent_window
Chưa xác định,09.L1.3060.CAGM36D3,000,Vô hiệu hóa,2024-01-01,2024-10-01,2024-10-01,20,permanently_inactive_outside_recent_window
DNB,09.L1.3060.CAGM36D3,061,Vô hiệu hóa,2025-02-01,2025-02-01,2025-02-01,16,permanently_inactive_outside_recent_window
TNB,09.L1.3060.CAGM36D3,065,Vô hiệu hóa,2024-01-01,2024-01-01,2024-01-01,29,permanently_inactive_outside_recent_window
TNB,09.L1.3060.CAGM36D3,069,Vô hiệu hóa,2024-02-01,2024-04-01,2024-04-01,26,permanently_inactive_outside_recent_window
Chưa xác định,09.L1.3060.CAGM36D4,000,Vô hiệu hóa,2024-05-01,2024-08-01,2024-08-01,22,permanently_inactive_outside_recent_window
DNB,09.L1.3060.CAGM36D4,060,Vô hiệu hóa,2024-10-01,2024-12-01,2024-12-01,18,permanently_inactive_outside_recent_window
DNB,09.L1.3060.CAGM36D4,076,Vô hiệu hóa,2024-04-01,2024-08-01,2024-08-01,22,permanently_inactive_outside_recent_window
Chưa xác định,09.L1.3060.CAGM36D4,222,Vô hiệu hóa,2024-11-01,2024-11-01,2024-11-01,19,permanently_inactive_outside_recent_window
Chưa xác định,09.L1.6060.CA01GM6601,000,Vô hiệu hóa,2024-05-01,2025-03-01,2025-03-01,15,permanently_inactive_outside_recent_window
MT-TNG,09.L1.6060.CA01GM6601,023,Vô hiệu hóa,2024-01-01,2024-12-01,2024-12-01,18,permanently_inactive_outside_recent_window
DNB,09.L1.6060.CA01GM6601,081,Vô hiệu hóa,2024-01-01,2024-12-01,2024-12-01,18,permanently_inactive_outside_recent_window
Chưa xác định,09.L1.6060.CA01GM6601,222,Vô hiệu hóa,2024-07-01,2024-09-01,2024-09-01,21,permanently_inactive_outside_recent_window
Chưa xác định,09.L1.6060.CA01GM6602,000,Vô hiệu hóa,2024-01-01,2025-03-01,2025-03-01,15,permanently_inactive_outside_recent_window
MT-TNG,09.L1.6060.CA01GM6602,023,Vô hiệu hóa,2024-06-01,2025-03-01,2025-03-01,15,permanently_inactive_outside_recent_window
TNB,09.L1.6060.CA01GM6602,065,Vô hiệu hóa,2024-01-01,2024-06-01,2024-06-01,24,permanently_inactive_outside_recent_window
DNB,09.L1.6060.CA01GM6602,081,Vô hiệu hóa,2024-01-01,2024-06-01,2024-06-01,24,permanently_inactive_outside_recent_window
TNB,09.L1.6060.CA02GM6601,065,Vô hiệu hóa,2024-01-01,2024-01-01,2024-01-01,29,permanently_inactive_outside_recent_window
DNB,09.L1.6060.CA02GM6601,076,Vô hiệu hóa,2024-01-01,2024-04-01,2024-04-01,26,permanently_inactive_outside_recent_window
DNB,09.L1.6060.CA02GP6601,008,Vô hiệu hóa,2024-01-01,2024-01-01,2024-01-01,29,permanently_inactive_outside_recent_window
TNB,09.L1.6060.CA02GP6601,016,Vô hiệu hóa,2024-04-01,2024-04-01,2024-04-01,26,permanently_inactive_outside_recent_window
TNB,09.L1.6060.CA02GP6601,017,Vô hiệu hóa,2024-04-01,2025-05-01,2025-05-01,13,permanently_inactive_outside_recent_window
DNB,09.L1.6060.CA02GP6601,019,Vô hiệu hóa,2024-01-01,2024-07-01,2024-07-01,23,permanently_inactive_outside_recent_window
MT-TNG,09.L1.6060.CA02GP6601,064,Vô hiệu hóa,2024-04-01,2025-05-01,2025-05-01,13,permanently_inactive_outside_recent_window
MT-TNG,09.L1.6060.CA02GP6601,079,Vô hiệu hóa,2024-04-01,2024-12-01,2024-12-01,18,permanently_inactive_outside_recent_window
Chưa xác định,09.L1.6060.CA02GP6601,222,Vô hiệu hóa,2024-05-01,2024-05-01,2024-05-01,25,permanently_inactive_outside_recent_window
DNB,09.L1.6060.CA02GP6603,076,Vô hiệu hóa,2024-01-01,2025-05-01,2025-05-01,13,permanently_inactive_outside_recent_window
DNB,09.L1.6060.CA02GP6603,081,Vô hiệu hóa,2024-06-01,2024-06-01,2024-06-01,24,permanently_inactive_outside_recent_window
Chưa xác định,09.L1.6060.CA03GM6601,000,Vô hiệu hóa,2024-01-01,2025-04-01,2025-04-01,14,permanently_inactive_outside_recent_window
DNB,09.L1.6060.CA03GM6601,013,Vô hiệu hóa,2024-02-01,2024-04-01,2024-04-01,26,permanently_inactive_outside_recent_window
MT-TNG,09.L1.6060.CA03GM6601,023,Vô hiệu hóa,2024-01-01,2024-10-01,2024-10-01,20,permanently_inactive_outside_recent_window
TNB,09.L1.6060.CA03GM6601,050,Vô hiệu hóa,2024-07-01,2024-07-01,2024-07-01,23,permanently_inactive_outside_recent_window
DNB,09.L1.6060.CA03GM6601,060,Vô hiệu hóa,2024-01-01,2025-05-01,2025-05-01,13,permanently_inactive_outside_recent_window
DNB,09.L1.6060.CA03GM6601,061,Vô hiệu hóa,2024-07-01,2024-07-01,2024-07-01,23,permanently_inactive_outside_recent_window
TNB,09.L1.6060.CA03GM6601,065,Vô hiệu hóa,2024-07-01,2024-11-01,2024-11-01,19,permanently_inactive_outside_recent_window
DNB,09.L1.6060.CA03GM6601,081,Vô hiệu hóa,2024-04-01,2024-07-01,2024-07-01,23,permanently_inactive_outside_recent_window
Chưa xác định,09.L1.6060.CA03GM6601,222,Vô hiệu hóa,2024-05-01,2024-06-01,2024-06-01,24,permanently_inactive_outside_recent_window
Chưa xác định,09.L1.6060.CA03GM6602,000,Vô hiệu hóa,2024-03-01,2025-02-01,2025-02-01,16,permanently_inactive_outside_recent_window
DNB,09.L1.6060.CA03GM6602,019,Vô hiệu hóa,2024-01-01,2024-01-01,2024-01-01,29,permanently_inactive_outside_recent_window
MT-TNG,09.L1.6060.CA03GM6602,023,Vô hiệu hóa,2024-01-01,2025-03-01,2025-03-01,15,permanently_inactive_outside_recent_window
DNB,09.L1.6060.CA03GM6602,060,Vô hiệu hóa,2024-01-01,2025-02-01,2025-02-01,16,permanently_inactive_outside_recent_window
TNB,09.L1.6060.CA03GM6602,065,Vô hiệu hóa,2024-07-01,2025-02-01,2025-02-01,16,permanently_inactive_outside_recent_window
DNB,09.L1.6060.CA03GM6602,076,Vô hiệu hóa,2024-01-01,2025-04-01,2025-04-01,14,permanently_inactive_outside_recent_window
DNB,09.L1.6060.CA03GM6602,081,Vô hiệu hóa,2024-01-01,2024-07-01,2024-07-01,23,permanently_inactive_outside_recent_window
Chưa xác định,09.L1.6060.CA03GM6602,222,Vô hiệu hóa,2024-01-01,2025-05-01,2025-05-01,13,permanently_inactive_outside_recent_window
Chưa xác định,09.L1.6060.CA03GM6603,000,Vô hiệu hóa,2024-03-01,2024-12-01,2024-12-01,18,permanently_inactive_outside_recent_window
MT-TNG,09.L1.6060.CA03GM6603,023,Vô hiệu hóa,2024-02-01,2024-07-01,2024-07-01,23,permanently_inactive_outside_recent_window
TNB,09.L1.6060.CA03GM6603,065,Vô hiệu hóa,2024-01-01,2025-04-01,2025-04-01,14,permanently_inactive_outside_recent_window
DNB,09.L1.6060.CA03GM6603,076,Vô hiệu hóa,2024-05-01,2024-12-01,2024-12-01,18,permanently_inactive_outside_recent_window
DNB,09.L1.6060.CA03GM6603,081,Vô hiệu hóa,2024-03-01,2024-03-01,2024-03-01,27,permanently_inactive_outside_recent_window
Chưa xác định,09.L1.6060.CA03GM6603,222,Vô hiệu hóa,2024-07-01,2024-07-01,2024-07-01,23,permanently_inactive_outside_recent_window
Chưa xác định,09.L1.6060.CA05GM6601,000,Vô hiệu hóa,2024-04-01,2024-07-01,2024-07-01,23,permanently_inactive_outside_recent_window
DNB,09.L1.6060.CA05GM6601,013,Vô hiệu hóa,2025-02-01,2025-02-01,2025-02-01,16,permanently_inactive_outside_recent_window
TNB,09.L1.6060.CA05GM6601,016,Vô hiệu hóa,2024-01-01,2024-05-01,2024-05-01,25,permanently_inactive_outside_recent_window
TNB,09.L1.6060.CA05GM6601,017,Vô hiệu hóa,2024-01-01,2025-04-01,2025-04-01,14,permanently_inactive_outside_recent_window
DNB,09.L1.6060.CA05GM6601,019,Vô hiệu hóa,2024-09-01,2024-09-01,2024-09-01,21,permanently_inactive_outside_recent_window
MT-TNG,09.L1.6060.CA05GM6601,079,Vô hiệu hóa,2024-04-01,2024-07-01,2024-07-01,23,permanently_inactive_outside_recent_window
DNB,09.L1.6060.CA05GM6602,008,Vô hiệu hóa,2024-01-01,2024-10-01,2024-10-01,20,permanently_inactive_outside_recent_window
TNB,09.L1.6060.CA05GM6602,016,Vô hiệu hóa,2024-03-01,2024-04-01,2024-04-01,26,permanently_inactive_outside_recent_window
TNB,09.L1.6060.CA05GM6602,017,Vô hiệu hóa,2024-02-01,2024-04-01,2024-04-01,26,permanently_inactive_outside_recent_window
MT-TNG,09.L1.6060.CA05GM6602,079,Vô hiệu hóa,2024-05-01,2024-06-01,2024-06-01,24,permanently_inactive_outside_recent_window
Chưa xác định,09.L1.6060.CA05GM6602,222,Vô hiệu hóa,2024-09-01,2024-09-01,2024-09-01,21,permanently_inactive_outside_recent_window
DNB,09.L1.6060.CA06GM6601,002,Vô hiệu hóa,2024-03-01,2024-06-01,2024-06-01,24,permanently_inactive_outside_recent_window
TNB,09.L1.6060.CA06GM6601,016,Vô hiệu hóa,2024-01-01,2024-10-01,2024-10-01,20,permanently_inactive_outside_recent_window
MT-TNG,09.L1.6060.CA06GM6601,049,Vô hiệu hóa,2024-01-01,2024-11-01,2024-11-01,19,permanently_inactive_outside_recent_window
MT-TNG,09.L1.6060.CA06GM6601,079,Vô hiệu hóa,2024-03-01,2024-06-01,2024-06-01,24,permanently_inactive_outside_recent_window
Chưa xác định,09.L1.6060.CA07GM6601,000,Vô hiệu hóa,2024-05-01,2024-05-01,2024-05-01,25,permanently_inactive_outside_recent_window
DNB,09.L1.6060.CA07GM6601,002,Vô hiệu hóa,2024-01-01,2024-03-01,2024-03-01,27,permanently_inactive_outside_recent_window
DNB,09.L1.6060.CA07GM6601,008,Vô hiệu hóa,2024-01-01,2025-01-01,2025-01-01,17,permanently_inactive_outside_recent_window
TNB,09.L1.6060.CA07GM6601,016,Vô hiệu hóa,2024-01-01,2024-10-01,2024-10-01,20,permanently_inactive_outside_recent_window
TNB,09.L1.6060.CA07GM6601,017,Vô hiệu hóa,2024-01-01,2024-12-01,2024-12-01,18,permanently_inactive_outside_recent_window
MT-TNG,09.L1.6060.CA07GM6601,049,Vô hiệu hóa,2024-04-01,2024-10-01,2024-10-01,20,permanently_inactive_outside_recent_window
MT-TNG,09.L1.6060.CA07GM6601,079,Vô hiệu hóa,2024-05-01,2024-05-01,2024-05-01,25,permanently_inactive_outside_recent_window
TNB,09.L1.6060.CA08GM6601,015,Vô hiệu hóa,2024-10-01,2024-11-01,2024-11-01,19,permanently_inactive_outside_recent_window
TNB,09.L1.6060.CA08GM6601,016,Vô hiệu hóa,2024-01-01,2024-01-01,2024-01-01,29,permanently_inactive_outside_recent_window
TNB,09.L1.6060.CA08GM6601,017,Vô hiệu hóa,2024-01-01,2024-10-01,2024-10-01,20,permanently_inactive_outside_recent_window
MT-TNG,09.L1.6060.CA08GM6601,049,Vô hiệu hóa,2024-01-01,2024-08-01,2024-08-01,22,permanently_inactive_outside_recent_window
MT-TNG,09.L1.6060.CA08GM6601,079,Vô hiệu hóa,2024-04-01,2024-07-01,2024-07-01,23,permanently_inactive_outside_recent_window
TNB,09.L1.6060.CA08GM6602,015,Vô hiệu hóa,2024-10-01,2024-11-01,2024-11-01,19,permanently_inactive_outside_recent_window
DNB,09.L1.6060.CA08GM6602,019,Vô hiệu hóa,2024-03-01,2024-03-01,2024-03-01,27,permanently_inactive_outside_recent_window
MT-TNG,09.L1.6060.CA08GM6602,049,Vô hiệu hóa,2024-02-01,2025-05-01,2025-05-01,13,permanently_inactive_outside_recent_window
MT-TNG,09.L1.6060.CA08GM6602,079,Vô hiệu hóa,2024-04-01,2024-04-01,2024-04-01,26,permanently_inactive_outside_recent_window
DNB,09.L1.6060.CA11GP6601,019,Vô hiệu hóa,2024-12-01,2024-12-01,2024-12-01,18,permanently_inactive_outside_recent_window
MT-TNG,09.L1.6060.CA11GP6601,023,Vô hiệu hóa,2024-01-01,2024-12-01,2024-12-01,18,permanently_inactive_outside_recent_window
TNB,09.L1.6060.CA11GP6601,024,Vô hiệu hóa,2024-03-01,2024-03-01,2024-03-01,27,permanently_inactive_outside_recent_window
TNB,09.L1.6060.CA11GP6601,063,Vô hiệu hóa,2024-01-01,2024-04-01,2024-04-01,26,permanently_inactive_outside_recent_window
TNB,09.L1.6060.CA11GP6601,065,Vô hiệu hóa,2024-01-01,2024-11-01,2024-11-01,19,permanently_inactive_outside_recent_window
TNB,09.L1.6060.CA11GP6601,069,Vô hiệu hóa,2024-01-01,2024-01-01,2024-01-01,29,permanently_inactive_outside_recent_window
DNB,09.L1.6060.CA11GP6601,076,Vô hiệu hóa,2024-01-01,2024-11-01,2024-11-01,19,permanently_inactive_outside_recent_window
Chưa xác định,09.L1.6060.CA11GP6601,222,Vô hiệu hóa,2024-04-01,2024-12-01,2024-12-01,18,permanently_inactive_outside_recent_window
DNB,09.L1.6060.CA12GP6601,008,Vô hiệu hóa,2024-03-01,2024-09-01,2024-09-01,21,permanently_inactive_outside_recent_window
TNB,09.L1.6060.CA12GP6601,015,Vô hiệu hóa,2024-09-01,2024-09-01,2024-09-01,21,permanently_inactive_outside_recent_window
TNB,09.L1.6060.CA12GP6601,018,Vô hiệu hóa,2025-02-01,2025-02-01,2025-02-01,16,permanently_inactive_outside_recent_window
DNB,09.L1.6060.CA14GP6601,019,Vô hiệu hóa,2024-07-01,2024-07-01,2024-07-01,23,permanently_inactive_outside_recent_window
TNB,09.L1.6060.CA14GP6601,024,Vô hiệu hóa,2024-08-01,2024-08-01,2024-08-01,22,permanently_inactive_outside_recent_window
TNB,09.L1.6060.CA14GP6601,050,Vô hiệu hóa,2024-06-01,2024-06-01,2024-06-01,24,permanently_inactive_outside_recent_window
DNB,09.L1.6060.CA14GP6601,081,Vô hiệu hóa,2024-06-01,2024-06-01,2024-06-01,24,permanently_inactive_outside_recent_window
MT-TNG,09.L1.6060.CA14GP6602,023,Vô hiệu hóa,2024-05-01,2024-08-01,2024-08-01,22,permanently_inactive_outside_recent_window
TNB,09.L1.6060.CA14GP6602,050,Vô hiệu hóa,2024-03-01,2024-03-01,2024-03-01,27,permanently_inactive_outside_recent_window
DNB,09.L1.6060.CA14GP6602,060,Vô hiệu hóa,2024-03-01,2024-03-01,2024-03-01,27,permanently_inactive_outside_recent_window
DNB,09.L1.6060.CA14GP6602,061,Vô hiệu hóa,2024-07-01,2024-07-01,2024-07-01,23,permanently_inactive_outside_recent_window
TNB,09.L1.6060.CA14GP6602,063,Vô hiệu hóa,2024-06-01,2025-05-01,2025-05-01,13,permanently_inactive_outside_recent_window
TNB,09.L1.6060.CA14GP6602,069,Vô hiệu hóa,2024-01-01,2024-01-01,2024-01-01,29,permanently_inactive_outside_recent_window
TNB,09.L1.6060.CA14GP6602,073,Vô hiệu hóa,2024-01-01,2024-07-01,2024-07-01,23,permanently_inactive_outside_recent_window
DNB,09.L1.6060.CA14GP6602,076,Vô hiệu hóa,2024-04-01,2025-05-01,2025-05-01,13,permanently_inactive_outside_recent_window
DNB,09.L1.6060.CA14GP6602,081,Vô hiệu hóa,2024-02-01,2024-02-01,2024-02-01,28,permanently_inactive_outside_recent_window
DNB,09.L1.6060.CA14GP6603,002,Vô hiệu hóa,2025-03-01,2025-05-01,2025-05-01,13,permanently_inactive_outside_recent_window
DNB,09.L1.6060.CA14GP6603,010,Vô hiệu hóa,2024-03-01,2024-03-01,2024-03-01,27,permanently_inactive_outside_recent_window
TNB,09.L1.6060.CA14GP6603,011,Vô hiệu hóa,2024-05-01,2024-09-01,2024-09-01,21,permanently_inactive_outside_recent_window
TNB,09.L1.6060.CA14GP6603,015,Vô hiệu hóa,2024-03-01,2024-09-01,2024-09-01,21,permanently_inactive_outside_recent_window
TNB,09.L1.6060.CA14GP6603,017,Vô hiệu hóa,2024-01-01,2025-05-01,2025-05-01,13,permanently_inactive_outside_recent_window
TNB,09.L1.6060.CA14GP6603,018,Vô hiệu hóa,2024-12-01,2025-05-01,2025-05-01,13,permanently_inactive_outside_recent_window
DNB,09.L1.6060.CA14GP6603,019,Vô hiệu hóa,2024-07-01,2025-03-01,2025-03-01,15,permanently_inactive_outside_recent_window
TNB,09.L1.6060.CA14GP6603,024,Vô hiệu hóa,2024-01-01,2024-03-01,2024-03-01,27,permanently_inactive_outside_recent_window
MT-TNG,09.L1.6060.CA14GP6603,064,Vô hiệu hóa,2024-03-01,2024-09-01,2024-09-01,21,permanently_inactive_outside_recent_window
DNB,09.L1.6060.CA15GP6601,002,Vô hiệu hóa,2024-01-01,2024-01-01,2024-01-01,29,permanently_inactive_outside_recent_window
DNB,09.L1.6060.CA15GP6601,008,Vô hiệu hóa,2024-01-01,2024-05-01,2024-05-01,25,permanently_inactive_outside_recent_window
TNB,09.L1.6060.CA15GP6601,015,Vô hiệu hóa,2024-02-01,2024-02-01,2024-02-01,28,permanently_inactive_outside_recent_window
TNB,09.L1.6060.CA15GP6601,016,Vô hiệu hóa,2024-01-01,2024-03-01,2024-03-01,27,permanently_inactive_outside_recent_window
MT-TNG,10.L1.3030.5261,023,Vô hiệu hóa,2024-01-01,2024-08-01,2024-08-01,22,permanently_inactive_outside_recent_window
DNB,10.L1.3030.5261,081,Vô hiệu hóa,2024-06-01,2025-04-01,2025-04-01,14,permanently_inactive_outside_recent_window
MT-TNG,10.L1.3030.5262,071,Vô hiệu hóa,2024-09-01,2024-09-01,2024-09-01,21,permanently_inactive_outside_recent_window
TNB,10.L1.3030.5264,050,Vô hiệu hóa,2024-03-01,2024-03-01,2024-03-01,27,permanently_inactive_outside_recent_window
MT-TNG,10.L1.3030.5264,059,Vô hiệu hóa,2024-01-01,2025-03-01,2025-03-01,15,permanently_inactive_outside_recent_window
DNB,10.L1.3030.5264,060,Vô hiệu hóa,2024-01-01,2024-04-01,2024-04-01,26,permanently_inactive_outside_recent_window
DNB,10.L1.3030.5264,081,Vô hiệu hóa,2024-05-01,2024-05-01,2024-05-01,25,permanently_inactive_outside_recent_window
MT-TNG,10.L1.3030.5265,059,Vô hiệu hóa,2024-01-01,2024-05-01,2024-05-01,25,permanently_inactive_outside_recent_window
DNB,10.L1.3030.5265,060,Vô hiệu hóa,2024-04-01,2024-06-01,2024-06-01,24,permanently_inactive_outside_recent_window
DNB,10.L1.3030.5265,076,Vô hiệu hóa,2024-03-01,2024-03-01,2024-03-01,27,permanently_inactive_outside_recent_window
DNB,10.L1.3030.5265,081,Vô hiệu hóa,2024-06-01,2025-04-01,2025-04-01,14,permanently_inactive_outside_recent_window
MT-TNG,10.L1.3030.5266,001,Vô hiệu hóa,2024-01-01,2024-01-01,2024-01-01,29,permanently_inactive_outside_recent_window
TNB,10.L1.3030.5266,069,Vô hiệu hóa,2024-05-01,2024-09-01,2024-09-01,21,permanently_inactive_outside_recent_window
DNB,10.L1.3030.5266,081,Vô hiệu hóa,2024-08-01,2024-08-01,2024-08-01,22,permanently_inactive_outside_recent_window
TNB,10.L1.3030.5267,069,Vô hiệu hóa,2025-01-01,2025-01-01,2025-01-01,17,permanently_inactive_outside_recent_window
MT-TNG,10.L1.3030.5268,001,Vô hiệu hóa,2024-01-01,2024-01-01,2024-01-01,29,permanently_inactive_outside_recent_window
MT-TNG,10.L1.3030.5268,071,Vô hiệu hóa,2024-09-01,2024-09-01,2024-09-01,21,permanently_inactive_outside_recent_window
DNB,10.L1.3030.5268,081,Vô hiệu hóa,2024-12-01,2025-04-01,2025-04-01,14,permanently_inactive_outside_recent_window
TNB,10.L1.3030.5281,050,Vô hiệu hóa,2024-03-01,2024-03-01,2024-03-01,27,permanently_inactive_outside_recent_window
DNB,10.L1.3030.5294,008,Vô hiệu hóa,2024-01-01,2024-01-01,2024-01-01,29,permanently_inactive_outside_recent_window
TNB,10.L1.3030.5294,065,Vô hiệu hóa,2024-05-01,2025-04-01,2025-04-01,14,permanently_inactive_outside_recent_window
DNB,10.L1.3030.5294,068,Vô hiệu hóa,2025-05-01,2025-05-01,2025-05-01,13,permanently_inactive_outside_recent_window
TNB,10.L1.3030.5294,069,Vô hiệu hóa,2024-01-01,2025-01-01,2025-01-01,17,permanently_inactive_outside_recent_window
DNB,10.L1.3030.5294,081,Vô hiệu hóa,2024-03-01,2024-05-01,2024-05-01,25,permanently_inactive_outside_recent_window
MT-TNG,10.L1.3030.5295,023,Vô hiệu hóa,2024-03-01,2024-10-01,2024-10-01,20,permanently_inactive_outside_recent_window
TNB,10.L1.3030.5295,050,Vô hiệu hóa,2024-03-01,2024-03-01,2024-03-01,27,permanently_inactive_outside_recent_window
DNB,10.L1.3030.5295,060,Vô hiệu hóa,2024-03-01,2024-05-01,2024-05-01,25,permanently_inactive_outside_recent_window
TNB,10.L1.3030.5295,063,Vô hiệu hóa,2024-01-01,2024-01-01,2024-01-01,29,permanently_inactive_outside_recent_window
TNB,10.L1.3030.5295,065,Vô hiệu hóa,2024-01-01,2025-01-01,2025-01-01,17,permanently_inactive_outside_recent_window
TNB,10.L1.3030.5295,069,Vô hiệu hóa,2025-04-01,2025-04-01,2025-04-01,14,permanently_inactive_outside_recent_window
DNB,10.L1.3030.5295,081,Vô hiệu hóa,2024-01-01,2024-09-01,2024-09-01,21,permanently_inactive_outside_recent_window
DNB,10.L1.3060.4501,019,Vô hiệu hóa,2024-03-01,2024-03-01,2024-03-01,27,permanently_inactive_outside_recent_window
MT-TNG,10.L1.3060.4501,023,Vô hiệu hóa,2024-01-01,2024-10-01,2024-10-01,20,permanently_inactive_outside_recent_window
MT-TNG,10.L1.3060.4501,071,Vô hiệu hóa,2024-10-01,2025-04-01,2025-04-01,14,permanently_inactive_outside_recent_window
DNB,10.L1.3060.4501,076,Vô hiệu hóa,2024-01-01,2025-04-01,2025-04-01,14,permanently_inactive_outside_recent_window
MT-TNG,10.L1.3060.4502,001,Vô hiệu hóa,2024-05-01,2024-05-01,2024-05-01,25,permanently_inactive_outside_recent_window
DNB,10.L1.3060.4502,019,Vô hiệu hóa,2024-03-01,2024-03-01,2024-03-01,27,permanently_inactive_outside_recent_window
MT-TNG,10.L1.3060.4502,023,Vô hiệu hóa,2024-01-01,2024-07-01,2024-07-01,23,permanently_inactive_outside_recent_window
MT-TNG,10.L1.3060.4502,071,Vô hiệu hóa,2025-03-01,2025-04-01,2025-04-01,14,permanently_inactive_outside_recent_window
DNB,10.L1.3060.4502,076,Vô hiệu hóa,2024-01-01,2025-03-01,2025-03-01,15,permanently_inactive_outside_recent_window
Chưa xác định,10.L1.3060.4503,000,Vô hiệu hóa,2024-07-01,2024-07-01,2024-07-01,23,permanently_inactive_outside_recent_window
DNB,10.L1.3060.4503,019,Vô hiệu hóa,2024-01-01,2024-03-01,2024-03-01,27,permanently_inactive_outside_recent_window
MT-TNG,10.L1.3060.4503,023,Vô hiệu hóa,2024-01-01,2024-01-01,2024-01-01,29,permanently_inactive_outside_recent_window
DNB,10.L1.3060.4503,076,Vô hiệu hóa,2024-01-01,2025-03-01,2025-03-01,15,permanently_inactive_outside_recent_window
DNB,10.L1.3060.4503,081,Vô hiệu hóa,2024-05-01,2024-05-01,2024-05-01,25,permanently_inactive_outside_recent_window
DNB,10.L1.3060.4504,019,Vô hiệu hóa,2024-03-01,2024-03-01,2024-03-01,27,permanently_inactive_outside_recent_window
MT-TNG,10.L1.3060.4504,071,Vô hiệu hóa,2024-08-01,2024-10-01,2024-10-01,20,permanently_inactive_outside_recent_window
DNB,10.L1.3060.4504,081,Vô hiệu hóa,2024-12-01,2024-12-01,2024-12-01,18,permanently_inactive_outside_recent_window
DNB,10.L1.3060.4505,019,Vô hiệu hóa,2024-03-01,2024-03-01,2024-03-01,27,permanently_inactive_outside_recent_window
MT-TNG,10.L1.3060.4505,071,Vô hiệu hóa,2024-08-01,2024-10-01,2024-10-01,20,permanently_inactive_outside_recent_window
DNB,10.L1.3060.4505,081,Vô hiệu hóa,2024-12-01,2024-12-01,2024-12-01,18,permanently_inactive_outside_recent_window
MT-TNG,10.L1.3060.4506,001,Vô hiệu hóa,2024-05-01,2024-05-01,2024-05-01,25,permanently_inactive_outside_recent_window
DNB,10.L1.3060.4506,081,Vô hiệu hóa,2024-12-01,2024-12-01,2024-12-01,18,permanently_inactive_outside_recent_window
TNB,10.L1.3060.4525,063,Vô hiệu hóa,2024-01-01,2024-01-01,2024-01-01,29,permanently_inactive_outside_recent_window
TNB,10.L1.3060.4526,063,Vô hiệu hóa,2024-01-01,2024-01-01,2024-01-01,29,permanently_inactive_outside_recent_window
DNB,10.L1.3060.4534,013,Vô hiệu hóa,2024-07-01,2024-07-01,2024-07-01,23,permanently_inactive_outside_recent_window
DNB,10.L1.3060.4535,013,Vô hiệu hóa,2024-07-01,2024-07-01,2024-07-01,23,permanently_inactive_outside_recent_window
DNB,10.L1.3060.4536,013,Vô hiệu hóa,2024-07-01,2024-07-01,2024-07-01,23,permanently_inactive_outside_recent_window
DNB,10.L1.3060.4538,061,Vô hiệu hóa,2024-12-01,2024-12-01,2024-12-01,18,permanently_inactive_outside_recent_window
DNB,10.L1.3060.4539,061,Vô hiệu hóa,2024-06-01,2024-06-01,2024-06-01,24,permanently_inactive_outside_recent_window
MT-TNG,10.L1.3060.4541,012,Vô hiệu hóa,2024-01-01,2024-03-01,2024-03-01,27,permanently_inactive_outside_recent_window
TNB,10.L1.3060.4541,050,Vô hiệu hóa,2024-01-01,2024-06-01,2024-06-01,24,permanently_inactive_outside_recent_window
MT-TNG,10.L1.3060.4541,059,Vô hiệu hóa,2024-01-01,2025-03-01,2025-03-01,15,permanently_inactive_outside_recent_window
DNB,10.L1.3060.4541,060,Vô hiệu hóa,2024-03-01,2024-04-01,2024-04-01,26,permanently_inactive_outside_recent_window
TNB,10.L1.3060.4541,063,Vô hiệu hóa,2024-01-01,2024-11-01,2024-11-01,19,permanently_inactive_outside_recent_window
TNB,10.L1.3060.4541,065,Vô hiệu hóa,2024-03-01,2024-04-01,2024-04-01,26,permanently_inactive_outside_recent_window
MT-TNG,10.L1.3060.4541,071,Vô hiệu hóa,2024-01-01,2024-04-01,2024-04-01,26,permanently_inactive_outside_recent_window
MT-TNG,10.L1.3060.4541,072,Vô hiệu hóa,2024-01-01,2024-04-01,2024-04-01,26,permanently_inactive_outside_recent_window
TNB,10.L1.3060.4541,073,Vô hiệu hóa,2024-01-01,2024-09-01,2024-09-01,21,permanently_inactive_outside_recent_window
Chưa xác định,10.L1.3060.4541,222,Vô hiệu hóa,2024-03-01,2024-03-01,2024-03-01,27,permanently_inactive_outside_recent_window
MT-TNG,10.L1.3060.4542,001,Vô hiệu hóa,2024-05-01,2024-05-01,2024-05-01,25,permanently_inactive_outside_recent_window
TNB,10.L1.3060.4542,050,Vô hiệu hóa,2024-01-01,2024-04-01,2024-04-01,26,permanently_inactive_outside_recent_window
MT-TNG,10.L1.3060.4542,059,Vô hiệu hóa,2024-02-01,2025-03-01,2025-03-01,15,permanently_inactive_outside_recent_window
TNB,10.L1.3060.4542,063,Vô hiệu hóa,2024-01-01,2024-11-01,2024-11-01,19,permanently_inactive_outside_recent_window
TNB,10.L1.3060.4542,065,Vô hiệu hóa,2024-03-01,2024-03-01,2024-03-01,27,permanently_inactive_outside_recent_window
MT-TNG,10.L1.3060.4542,071,Vô hiệu hóa,2024-09-01,2024-10-01,2024-10-01,20,permanently_inactive_outside_recent_window
TNB,10.L1.3060.4542,073,Vô hiệu hóa,2024-01-01,2024-09-01,2024-09-01,21,permanently_inactive_outside_recent_window
Chưa xác định,10.L1.3060.4542,222,Vô hiệu hóa,2024-03-01,2024-03-01,2024-03-01,27,permanently_inactive_outside_recent_window
TNB,10.L1.3060.4543,050,Vô hiệu hóa,2024-01-01,2024-04-01,2024-04-01,26,permanently_inactive_outside_recent_window
MT-TNG,10.L1.3060.4543,059,Vô hiệu hóa,2024-02-01,2025-03-01,2025-03-01,15,permanently_inactive_outside_recent_window
TNB,10.L1.3060.4543,063,Vô hiệu hóa,2024-01-01,2024-11-01,2024-11-01,19,permanently_inactive_outside_recent_window
TNB,10.L1.3060.4543,065,Vô hiệu hóa,2024-03-01,2024-04-01,2024-04-01,26,permanently_inactive_outside_recent_window
MT-TNG,10.L1.3060.4543,071,Vô hiệu hóa,2024-01-01,2024-10-01,2024-10-01,20,permanently_inactive_outside_recent_window
TNB,10.L1.3060.4543,073,Vô hiệu hóa,2024-01-01,2024-09-01,2024-09-01,21,permanently_inactive_outside_recent_window
Chưa xác định,10.L1.3060.4543,222,Vô hiệu hóa,2024-03-01,2024-03-01,2024-03-01,27,permanently_inactive_outside_recent_window
MT-TNG,10.L1.3060.4544,001,Vô hiệu hóa,2024-01-01,2024-01-01,2024-01-01,29,permanently_inactive_outside_recent_window
DNB,10.L1.3060.4544,022,Vô hiệu hóa,2024-01-01,2024-03-01,2024-03-01,27,permanently_inactive_outside_recent_window
TNB,10.L1.3060.4544,024,Vô hiệu hóa,2024-01-01,2024-03-01,2024-03-01,27,permanently_inactive_outside_recent_window
MT-TNG,10.L1.3060.4544,059,Vô hiệu hóa,2024-01-01,2025-03-01,2025-03-01,15,permanently_inactive_outside_recent_window
DNB,10.L1.3060.4544,060,Vô hiệu hóa,2024-01-01,2025-03-01,2025-03-01,15,permanently_inactive_outside_recent_window
DNB,10.L1.3060.4544,061,Vô hiệu hóa,2024-07-01,2024-07-01,2024-07-01,23,permanently_inactive_outside_recent_window
TNB,10.L1.3060.4544,063,Vô hiệu hóa,2024-01-01,2024-12-01,2024-12-01,18,permanently_inactive_outside_recent_window
MT-TNG,10.L1.3060.4544,064,Vô hiệu hóa,2024-01-01,2024-09-01,2024-09-01,21,permanently_inactive_outside_recent_window
TNB,10.L1.3060.4544,065,Vô hiệu hóa,2024-01-01,2024-01-01,2024-01-01,29,permanently_inactive_outside_recent_window
TNB,10.L1.3060.4544,069,Vô hiệu hóa,2024-10-01,2024-10-01,2024-10-01,20,permanently_inactive_outside_recent_window
MT-TNG,10.L1.3060.4544,070,Vô hiệu hóa,2024-01-01,2024-01-01,2024-01-01,29,permanently_inactive_outside_recent_window
MT-TNG,10.L1.3060.4544,071,Vô hiệu hóa,2024-01-01,2024-09-01,2024-09-01,21,permanently_inactive_outside_recent_window
TNB,10.L1.3060.4544,073,Vô hiệu hóa,2024-01-01,2024-09-01,2024-09-01,21,permanently_inactive_outside_recent_window
MT-TNG,10.L1.3060.4544,099,Vô hiệu hóa,2024-03-01,2024-03-01,2024-03-01,27,permanently_inactive_outside_recent_window
DNB,10.L1.3060.4545,022,Vô hiệu hóa,2024-01-01,2024-03-01,2024-03-01,27,permanently_inactive_outside_recent_window
MT-TNG,10.L1.3060.4545,059,Vô hiệu hóa,2024-01-01,2025-03-01,2025-03-01,15,permanently_inactive_outside_recent_window
DNB,10.L1.3060.4545,060,Vô hiệu hóa,2024-01-01,2025-03-01,2025-03-01,15,permanently_inactive_outside_recent_window
MT-TNG,10.L1.3060.4545,064,Vô hiệu hóa,2024-01-01,2024-09-01,2024-09-01,21,permanently_inactive_outside_recent_window
TNB,10.L1.3060.4545,065,Vô hiệu hóa,2024-01-01,2024-01-01,2024-01-01,29,permanently_inactive_outside_recent_window
TNB,10.L1.3060.4545,069,Vô hiệu hóa,2024-10-01,2024-10-01,2024-10-01,20,permanently_inactive_outside_recent_window
MT-TNG,10.L1.3060.4545,070,Vô hiệu hóa,2024-01-01,2024-01-01,2024-01-01,29,permanently_inactive_outside_recent_window
MT-TNG,10.L1.3060.4545,071,Vô hiệu hóa,2024-01-01,2024-10-01,2024-10-01,20,permanently_inactive_outside_recent_window
TNB,10.L1.3060.4545,073,Vô hiệu hóa,2024-01-01,2024-09-01,2024-09-01,21,permanently_inactive_outside_recent_window
DNB,10.L1.3060.4546,022,Vô hiệu hóa,2024-01-01,2024-02-01,2024-02-01,28,permanently_inactive_outside_recent_window
TNB,10.L1.3060.4546,024,Vô hiệu hóa,2024-01-01,2024-01-01,2024-01-01,29,permanently_inactive_outside_recent_window
MT-TNG,10.L1.3060.4546,059,Vô hiệu hóa,2025-03-01,2025-03-01,2025-03-01,15,permanently_inactive_outside_recent_window
DNB,10.L1.3060.4546,060,Vô hiệu hóa,2024-01-01,2025-03-01,2025-03-01,15,permanently_inactive_outside_recent_window
TNB,10.L1.3060.4546,063,Vô hiệu hóa,2024-05-01,2024-05-01,2024-05-01,25,permanently_inactive_outside_recent_window
MT-TNG,10.L1.3060.4546,064,Vô hiệu hóa,2024-01-01,2024-09-01,2024-09-01,21,permanently_inactive_outside_recent_window
MT-TNG,10.L1.3060.4546,070,Vô hiệu hóa,2024-01-01,2024-01-01,2024-01-01,29,permanently_inactive_outside_recent_window
MT-TNG,10.L1.3060.4546,071,Vô hiệu hóa,2024-01-01,2024-10-01,2024-10-01,20,permanently_inactive_outside_recent_window
TNB,10.L1.3060.4546,073,Vô hiệu hóa,2024-01-01,2024-04-01,2024-04-01,26,permanently_inactive_outside_recent_window
Chưa xác định,10.L1.3060.4547,000,Vô hiệu hóa,2024-01-01,2024-01-01,2024-01-01,29,permanently_inactive_outside_recent_window
MT-TNG,10.L1.3060.4547,059,Vô hiệu hóa,2024-01-01,2025-03-01,2025-03-01,15,permanently_inactive_outside_recent_window
MT-TNG,10.L1.3060.4547,067,Vô hiệu hóa,2024-04-01,2024-05-01,2024-05-01,25,permanently_inactive_outside_recent_window
MT-TNG,10.L1.3060.4547,078,Vô hiệu hóa,2024-02-01,2024-02-01,2024-02-01,28,permanently_inactive_outside_recent_window
MT-TNG,10.L1.3060.4547,079,Vô hiệu hóa,2024-01-01,2024-01-01,2024-01-01,29,permanently_inactive_outside_recent_window
Chưa xác định,10.L1.3060.4547,222,Vô hiệu hóa,2024-01-01,2024-03-01,2024-03-01,27,permanently_inactive_outside_recent_window
MT-TNG,10.L1.3060.4548,001,Vô hiệu hóa,2024-05-01,2024-05-01,2024-05-01,25,permanently_inactive_outside_recent_window
DNB,10.L1.3060.4548,008,Vô hiệu hóa,2024-01-01,2025-04-01,2025-04-01,14,permanently_inactive_outside_recent_window
TNB,10.L1.3060.4548,011,Vô hiệu hóa,2024-01-01,2024-11-01,2024-11-01,19,permanently_inactive_outside_recent_window
TNB,10.L1.3060.4548,017,Vô hiệu hóa,2024-02-01,2025-05-01,2025-05-01,13,permanently_inactive_outside_recent_window
DNB,10.L1.3060.4548,022,Vô hiệu hóa,2024-01-01,2024-10-01,2024-10-01,20,permanently_inactive_outside_recent_window
MT-TNG,10.L1.3060.4548,067,Vô hiệu hóa,2024-04-01,2024-04-01,2024-04-01,26,permanently_inactive_outside_recent_window
MT-TNG,10.L1.3060.4548,078,Vô hiệu hóa,2024-02-01,2024-02-01,2024-02-01,28,permanently_inactive_outside_recent_window
TNB,10.L1.3060.4549,011,Vô hiệu hóa,2024-01-01,2024-11-01,2024-11-01,19,permanently_inactive_outside_recent_window
DNB,10.L1.3060.4549,013,Vô hiệu hóa,2024-01-01,2024-09-01,2024-09-01,21,permanently_inactive_outside_recent_window
MT-TNG,10.L1.3060.4549,014,Vô hiệu hóa,2024-01-01,2024-09-01,2024-09-01,21,permanently_inactive_outside_recent_window
TNB,10.L1.3060.4549,017,Vô hiệu hóa,2024-01-01,2025-03-01,2025-03-01,15,permanently_inactive_outside_recent_window
MT-TNG,10.L1.3060.4549,059,Vô hiệu hóa,2024-01-01,2025-03-01,2025-03-01,15,permanently_inactive_outside_recent_window
MT-TNG,10.L1.3060.4549,067,Vô hiệu hóa,2024-04-01,2024-04-01,2024-04-01,26,permanently_inactive_outside_recent_window
MT-TNG,10.L1.3060.4549,078,Vô hiệu hóa,2024-02-01,2024-02-01,2024-02-01,28,permanently_inactive_outside_recent_window
Chưa xác định,10.L1.3060.4551,000,Vô hiệu hóa,2024-01-01,2024-09-01,2024-09-01,21,permanently_inactive_outside_recent_window
MT-TNG,10.L1.3060.4551,064,Vô hiệu hóa,2024-01-01,2025-01-01,2025-01-01,17,permanently_inactive_outside_recent_window
MT-TNG,10.L1.3060.4551,067,Vô hiệu hóa,2024-06-01,2024-06-01,2024-06-01,24,permanently_inactive_outside_recent_window
TNB,10.L1.3060.4551,069,Vô hiệu hóa,2024-01-01,2024-05-01,2024-05-01,25,permanently_inactive_outside_recent_window
MT-TNG,10.L1.3060.4551,070,Vô hiệu hóa,2024-01-01,2024-01-01,2024-01-01,29,permanently_inactive_outside_recent_window
MT-TNG,10.L1.3060.4551,072,Vô hiệu hóa,2024-01-01,2025-03-01,2025-03-01,15,permanently_inactive_outside_recent_window
DNB,10.L1.3060.4551,076,Vô hiệu hóa,2024-03-01,2024-09-01,2024-09-01,21,permanently_inactive_outside_recent_window
MT-TNG,10.L1.3060.4551,079,Vô hiệu hóa,2024-01-01,2025-03-01,2025-03-01,15,permanently_inactive_outside_recent_window
DNB,10.L1.3060.4551,081,Vô hiệu hóa,2024-01-01,2025-03-01,2025-03-01,15,permanently_inactive_outside_recent_window
DNB,10.L1.3060.4551,094,Vô hiệu hóa,2024-01-01,2024-01-01,2024-01-01,29,permanently_inactive_outside_recent_window
Chưa xác định,10.L1.3060.4552,000,Vô hiệu hóa,2024-01-01,2024-04-01,2024-04-01,26,permanently_inactive_outside_recent_window
TNB,10.L1.3060.4552,063,Vô hiệu hóa,2024-01-01,2024-04-01,2024-04-01,26,permanently_inactive_outside_recent_window
MT-TNG,10.L1.3060.4552,064,Vô hiệu hóa,2024-01-01,2024-01-01,2024-01-01,29,permanently_inactive_outside_recent_window
MT-TNG,10.L1.3060.4552,067,Vô hiệu hóa,2024-06-01,2024-06-01,2024-06-01,24,permanently_inactive_outside_recent_window
MT-TNG,10.L1.3060.4552,072,Vô hiệu hóa,2024-01-01,2024-12-01,2024-12-01,18,permanently_inactive_outside_recent_window
DNB,10.L1.3060.4552,076,Vô hiệu hóa,2024-04-01,2024-04-01,2024-04-01,26,permanently_inactive_outside_recent_window
MT-TNG,10.L1.3060.4552,079,Vô hiệu hóa,2024-01-01,2025-04-01,2025-04-01,14,permanently_inactive_outside_recent_window
DNB,10.L1.3060.4552,081,Vô hiệu hóa,2024-04-01,2025-03-01,2025-03-01,15,permanently_inactive_outside_recent_window
DNB,10.L1.3060.4552,094,Vô hiệu hóa,2024-01-01,2024-01-01,2024-01-01,29,permanently_inactive_outside_recent_window
Chưa xác định,10.L1.3060.4552,222,Vô hiệu hóa,2024-01-01,2024-05-01,2024-05-01,25,permanently_inactive_outside_recent_window
Chưa xác định,10.L1.3060.4553,000,Vô hiệu hóa,2024-01-01,2024-09-01,2024-09-01,21,permanently_inactive_outside_recent_window
DNB,10.L1.3060.4553,061,Vô hiệu hóa,2024-01-01,2024-03-01,2024-03-01,27,permanently_inactive_outside_recent_window
MT-TNG,10.L1.3060.4553,064,Vô hiệu hóa,2024-01-01,2024-12-01,2024-12-01,18,permanently_inactive_outside_recent_window
MT-TNG,10.L1.3060.4553,067,Vô hiệu hóa,2024-06-01,2024-06-01,2024-06-01,24,permanently_inactive_outside_recent_window
TNB,10.L1.3060.4553,069,Vô hiệu hóa,2024-01-01,2024-05-01,2024-05-01,25,permanently_inactive_outside_recent_window
DNB,10.L1.3060.4553,076,Vô hiệu hóa,2024-03-01,2024-09-01,2024-09-01,21,permanently_inactive_outside_recent_window
MT-TNG,10.L1.3060.4553,079,Vô hiệu hóa,2024-01-01,2024-08-01,2024-08-01,22,permanently_inactive_outside_recent_window
DNB,10.L1.3060.4553,081,Vô hiệu hóa,2024-03-01,2025-03-01,2025-03-01,15,permanently_inactive_outside_recent_window
DNB,10.L1.3060.4553,094,Vô hiệu hóa,2024-01-01,2024-01-01,2024-01-01,29,permanently_inactive_outside_recent_window
Chưa xác định,10.L1.3060.4553,222,Vô hiệu hóa,2024-01-01,2024-04-01,2024-04-01,26,permanently_inactive_outside_recent_window
DNB,10.L1.3060.4554,008,Vô hiệu hóa,2024-01-01,2025-05-01,2025-05-01,13,permanently_inactive_outside_recent_window
MT-TNG,10.L1.3060.4554,023,Vô hiệu hóa,2024-01-01,2024-10-01,2024-10-01,20,permanently_inactive_outside_recent_window
MT-TNG,10.L1.3060.4554,095,Vô hiệu hóa,2024-01-01,2024-02-01,2024-02-01,28,permanently_inactive_outside_recent_window
Chưa xác định,10.L1.3060.4554,222,Vô hiệu hóa,2024-01-01,2024-03-01,2024-03-01,27,permanently_inactive_outside_recent_window
DNB,10.L1.3060.4555,002,Vô hiệu hóa,2024-04-01,2024-04-01,2024-04-01,26,permanently_inactive_outside_recent_window
DNB,10.L1.3060.4555,008,Vô hiệu hóa,2024-01-01,2025-04-01,2025-04-01,14,permanently_inactive_outside_recent_window
MT-TNG,10.L1.3060.4555,014,Vô hiệu hóa,2024-01-01,2025-04-01,2025-04-01,14,permanently_inactive_outside_recent_window
DNB,10.L1.3060.4555,022,Vô hiệu hóa,2024-01-01,2025-05-01,2025-05-01,13,permanently_inactive_outside_recent_window
MT-TNG,10.L1.3060.4555,095,Vô hiệu hóa,2024-01-01,2024-01-01,2024-01-01,29,permanently_inactive_outside_recent_window
Chưa xác định,10.L1.3060.4555,222,Vô hiệu hóa,2024-03-01,2024-03-01,2024-03-01,27,permanently_inactive_outside_recent_window
Chưa xác định,10.L1.3060.4556,000,Vô hiệu hóa,2024-01-01,2024-01-01,2024-01-01,29,permanently_inactive_outside_recent_window
DNB,10.L1.3060.4556,002,Vô hiệu hóa,2024-01-01,2024-07-01,2024-07-01,23,permanently_inactive_outside_recent_window
DNB,10.L1.3060.4556,008,Vô hiệu hóa,2024-01-01,2025-05-01,2025-05-01,13,permanently_inactive_outside_recent_window
DNB,10.L1.3060.4556,013,Vô hiệu hóa,2024-01-01,2025-05-01,2025-05-01,13,permanently_inactive_outside_recent_window
TNB,10.L1.3060.4556,015,Vô hiệu hóa,2024-01-01,2025-05-01,2025-05-01,13,permanently_inactive_outside_recent_window
MT-TNG,10.L1.3060.4556,078,Vô hiệu hóa,2024-01-01,2024-01-01,2024-01-01,29,permanently_inactive_outside_recent_window
MT-TNG,10.L1.3060.4556,095,Vô hiệu hóa,2024-01-01,2024-01-01,2024-01-01,29,permanently_inactive_outside_recent_window
Chưa xác định,10.L1.3060.4556,222,Vô hiệu hóa,2024-03-01,2024-03-01,2024-03-01,27,permanently_inactive_outside_recent_window
Chưa xác định,10.L1.3060.4557,000,Vô hiệu hóa,2024-06-01,2024-09-01,2024-09-01,21,permanently_inactive_outside_recent_window
MT-TNG,10.L1.3060.4557,023,Vô hiệu hóa,2024-01-01,2024-01-01,2024-01-01,29,permanently_inactive_outside_recent_window
MT-TNG,10.L1.3060.4557,072,Vô hiệu hóa,2024-01-01,2025-04-01,2025-04-01,14,permanently_inactive_outside_recent_window
DNB,10.L1.3060.4557,076,Vô hiệu hóa,2024-01-01,2024-06-01,2024-06-01,24,permanently_inactive_outside_recent_window
MT-TNG,10.L1.3060.4557,079,Vô hiệu hóa,2024-01-01,2024-06-01,2024-06-01,24,permanently_inactive_outside_recent_window
DNB,10.L1.3060.4557,081,Vô hiệu hóa,2024-03-01,2024-09-01,2024-09-01,21,permanently_inactive_outside_recent_window
DNB,10.L1.3060.4557,094,Vô hiệu hóa,2024-01-01,2025-05-01,2025-05-01,13,permanently_inactive_outside_recent_window
Chưa xác định,10.L1.3060.4557,222,Vô hiệu hóa,2024-01-01,2024-07-01,2024-07-01,23,permanently_inactive_outside_recent_window
DNB,10.L1.3060.4558,060,Vô hiệu hóa,2024-01-01,2024-07-01,2024-07-01,23,permanently_inactive_outside_recent_window
MT-TNG,10.L1.3060.4558,064,Vô hiệu hóa,2024-01-01,2024-04-01,2024-04-01,26,permanently_inactive_outside_recent_window
MT-TNG,10.L1.3060.4558,071,Vô hiệu hóa,2024-01-01,2024-09-01,2024-09-01,21,permanently_inactive_outside_recent_window
MT-TNG,10.L1.3060.4558,072,Vô hiệu hóa,2024-01-01,2025-04-01,2025-04-01,14,permanently_inactive_outside_recent_window
MT-TNG,10.L1.3060.4558,079,Vô hiệu hóa,2024-06-01,2024-07-01,2024-07-01,23,permanently_inactive_outside_recent_window
DNB,10.L1.3060.4558,081,Vô hiệu hóa,2024-04-01,2024-04-01,2024-04-01,26,permanently_inactive_outside_recent_window
DNB,10.L1.3060.4558,094,Vô hiệu hóa,2024-01-01,2024-03-01,2024-03-01,27,permanently_inactive_outside_recent_window
Chưa xác định,10.L1.3060.4559,000,Vô hiệu hóa,2024-01-01,2024-01-01,2024-01-01,29,permanently_inactive_outside_recent_window
DNB,10.L1.3060.4559,060,Vô hiệu hóa,2024-01-01,2024-08-01,2024-08-01,22,permanently_inactive_outside_recent_window
MT-TNG,10.L1.3060.4559,064,Vô hiệu hóa,2024-01-01,2024-04-01,2024-04-01,26,permanently_inactive_outside_recent_window
TNB,10.L1.3060.4559,065,Vô hiệu hóa,2024-12-01,2024-12-01,2024-12-01,18,permanently_inactive_outside_recent_window
TNB,10.L1.3060.4559,069,Vô hiệu hóa,2024-03-01,2024-05-01,2024-05-01,25,permanently_inactive_outside_recent_window
MT-TNG,10.L1.3060.4559,072,Vô hiệu hóa,2024-01-01,2025-04-01,2025-04-01,14,permanently_inactive_outside_recent_window
DNB,10.L1.3060.4559,076,Vô hiệu hóa,2024-01-01,2024-01-01,2024-01-01,29,permanently_inactive_outside_recent_window
MT-TNG,10.L1.3060.4559,079,Vô hiệu hóa,2024-01-01,2024-06-01,2024-06-01,24,permanently_inactive_outside_recent_window
DNB,10.L1.3060.4559,081,Vô hiệu hóa,2024-03-01,2024-09-01,2024-09-01,21,permanently_inactive_outside_recent_window
DNB,10.L1.3060.4559,094,Vô hiệu hóa,2024-01-01,2025-05-01,2025-05-01,13,permanently_inactive_outside_recent_window
Chưa xác định,10.L1.3060.4559,222,Vô hiệu hóa,2024-03-01,2024-05-01,2024-05-01,25,permanently_inactive_outside_recent_window
MT-TNG,10.L1.3060.4561,012,Vô hiệu hóa,2024-01-01,2025-05-01,2025-05-01,13,permanently_inactive_outside_recent_window
DNB,10.L1.3060.4561,019,Vô hiệu hóa,2024-03-01,2025-05-01,2025-05-01,13,permanently_inactive_outside_recent_window
DNB,10.L1.3060.4561,022,Vô hiệu hóa,2024-04-01,2025-05-01,2025-05-01,13,permanently_inactive_outside_recent_window
MT-TNG,10.L1.3060.4561,059,Vô hiệu hóa,2024-01-01,2024-09-01,2024-09-01,21,permanently_inactive_outside_recent_window
MT-TNG,10.L1.3060.4561,078,Vô hiệu hóa,2024-01-01,2024-01-01,2024-01-01,29,permanently_inactive_outside_recent_window
MT-TNG,10.L1.3060.4561,095,Vô hiệu hóa,2024-01-01,2024-01-01,2024-01-01,29,permanently_inactive_outside_recent_window
Chưa xác định,10.L1.3060.4561,222,Vô hiệu hóa,2024-03-01,2024-03-01,2024-03-01,27,permanently_inactive_outside_recent_window
TNB,10.L1.3060.4562,016,Vô hiệu hóa,2024-04-01,2024-08-01,2024-08-01,22,permanently_inactive_outside_recent_window
DNB,10.L1.3060.4562,019,Vô hiệu hóa,2024-03-01,2025-05-01,2025-05-01,13,permanently_inactive_outside_recent_window
DNB,10.L1.3060.4562,022,Vô hiệu hóa,2024-04-01,2024-04-01,2024-04-01,26,permanently_inactive_outside_recent_window
Chưa xác định,10.L1.3060.4562,222,Vô hiệu hóa,2024-03-01,2024-03-01,2024-03-01,27,permanently_inactive_outside_recent_window
TNB,10.L1.3060.4563,015,Vô hiệu hóa,2024-01-01,2025-03-01,2025-03-01,15,permanently_inactive_outside_recent_window
TNB,10.L1.3060.4563,016,Vô hiệu hóa,2024-04-01,2024-08-01,2024-08-01,22,permanently_inactive_outside_recent_window
DNB,10.L1.3060.4563,019,Vô hiệu hóa,2024-03-01,2025-05-01,2025-05-01,13,permanently_inactive_outside_recent_window
DNB,10.L1.3060.4563,022,Vô hiệu hóa,2024-03-01,2025-05-01,2025-05-01,13,permanently_inactive_outside_recent_window
MT-TNG,10.L1.3060.4563,059,Vô hiệu hóa,2024-01-01,2024-11-01,2024-11-01,19,permanently_inactive_outside_recent_window
MT-TNG,10.L1.3060.4563,095,Vô hiệu hóa,2024-01-01,2024-01-01,2024-01-01,29,permanently_inactive_outside_recent_window
Chưa xác định,10.L1.3060.4563,222,Vô hiệu hóa,2024-03-01,2024-03-01,2024-03-01,27,permanently_inactive_outside_recent_window
TNB,10.L1.3060.4564,050,Vô hiệu hóa,2024-03-01,2024-06-01,2024-06-01,24,permanently_inactive_outside_recent_window
MT-TNG,10.L1.3060.4564,059,Vô hiệu hóa,2024-01-01,2024-01-01,2024-01-01,29,permanently_inactive_outside_recent_window
DNB,10.L1.3060.4564,060,Vô hiệu hóa,2024-01-01,2025-02-01,2025-02-01,16,permanently_inactive_outside_recent_window
TNB,10.L1.3060.4564,063,Vô hiệu hóa,2024-03-01,2024-04-01,2024-04-01,26,permanently_inactive_outside_recent_window
TNB,10.L1.3060.4564,073,Vô hiệu hóa,2024-03-01,2024-08-01,2024-08-01,22,permanently_inactive_outside_recent_window
MT-TNG,10.L1.3060.4564,079,Vô hiệu hóa,2024-06-01,2024-10-01,2024-10-01,20,permanently_inactive_outside_recent_window
DNB,10.L1.3060.4564,081,Vô hiệu hóa,2024-01-01,2024-01-01,2024-01-01,29,permanently_inactive_outside_recent_window
DNB,10.L1.3060.4564,094,Vô hiệu hóa,2024-04-01,2024-09-01,2024-09-01,21,permanently_inactive_outside_recent_window
Chưa xác định,10.L1.3060.4564,222,Vô hiệu hóa,2025-02-01,2025-02-01,2025-02-01,16,permanently_inactive_outside_recent_window
TNB,10.L1.3060.4565,050,Vô hiệu hóa,2024-01-01,2024-06-01,2024-06-01,24,permanently_inactive_outside_recent_window
MT-TNG,10.L1.3060.4565,059,Vô hiệu hóa,2024-01-01,2024-05-01,2024-05-01,25,permanently_inactive_outside_recent_window
DNB,10.L1.3060.4565,060,Vô hiệu hóa,2024-01-01,2025-02-01,2025-02-01,16,permanently_inactive_outside_recent_window
TNB,10.L1.3060.4565,063,Vô hiệu hóa,2024-03-01,2024-03-01,2024-03-01,27,permanently_inactive_outside_recent_window
TNB,10.L1.3060.4565,073,Vô hiệu hóa,2024-04-01,2024-07-01,2024-07-01,23,permanently_inactive_outside_recent_window
MT-TNG,10.L1.3060.4565,079,Vô hiệu hóa,2024-04-01,2025-04-01,2025-04-01,14,permanently_inactive_outside_recent_window
DNB,10.L1.3060.4565,094,Vô hiệu hóa,2024-06-01,2024-09-01,2024-09-01,21,permanently_inactive_outside_recent_window
Chưa xác định,10.L1.3060.4565,222,Vô hiệu hóa,2025-02-01,2025-02-01,2025-02-01,16,permanently_inactive_outside_recent_window
Chưa xác định,10.L1.3060.4566,000,Vô hiệu hóa,2024-03-01,2025-04-01,2025-04-01,14,permanently_inactive_outside_recent_window
TNB,10.L1.3060.4566,050,Vô hiệu hóa,2024-01-01,2024-06-01,2024-06-01,24,permanently_inactive_outside_recent_window
MT-TNG,10.L1.3060.4566,059,Vô hiệu hóa,2024-01-01,2024-09-01,2024-09-01,21,permanently_inactive_outside_recent_window
DNB,10.L1.3060.4566,060,Vô hiệu hóa,2024-01-01,2025-01-01,2025-01-01,17,permanently_inactive_outside_recent_window
DNB,10.L1.3060.4566,061,Vô hiệu hóa,2024-01-01,2025-02-01,2025-02-01,16,permanently_inactive_outside_recent_window
TNB,10.L1.3060.4566,063,Vô hiệu hóa,2024-03-01,2024-03-01,2024-03-01,27,permanently_inactive_outside_recent_window
MT-TNG,10.L1.3060.4566,064,Vô hiệu hóa,2024-11-01,2024-11-01,2024-11-01,19,permanently_inactive_outside_recent_window
DNB,10.L1.3060.4566,068,Vô hiệu hóa,2025-05-01,2025-05-01,2025-05-01,13,permanently_inactive_outside_recent_window
MT-TNG,10.L1.3060.4566,079,Vô hiệu hóa,2024-06-01,2025-04-01,2025-04-01,14,permanently_inactive_outside_recent_window
DNB,10.L1.3060.4566,081,Vô hiệu hóa,2024-01-01,2024-03-01,2024-03-01,27,permanently_inactive_outside_recent_window
DNB,10.L1.3060.4566,094,Vô hiệu hóa,2024-01-01,2024-09-01,2024-09-01,21,permanently_inactive_outside_recent_window
Chưa xác định,10.L1.3060.4566,222,Vô hiệu hóa,2024-08-01,2024-11-01,2024-11-01,19,permanently_inactive_outside_recent_window
TNB,10.L1.3060.4567,050,Vô hiệu hóa,2024-01-01,2024-06-01,2024-06-01,24,permanently_inactive_outside_recent_window
DNB,10.L1.3060.4567,081,Vô hiệu hóa,2024-03-01,2024-06-01,2024-06-01,24,permanently_inactive_outside_recent_window
DNB,10.L1.3060.4567,094,Vô hiệu hóa,2024-04-01,2025-05-01,2025-05-01,13,permanently_inactive_outside_recent_window
TNB,10.L1.3060.4568,050,Vô hiệu hóa,2024-01-01,2024-09-01,2024-09-01,21,permanently_inactive_outside_recent_window
DNB,10.L1.3060.4568,060,Vô hiệu hóa,2024-01-01,2025-02-01,2025-02-01,16,permanently_inactive_outside_recent_window
DNB,10.L1.3060.4568,061,Vô hiệu hóa,2024-01-01,2024-01-01,2024-01-01,29,permanently_inactive_outside_recent_window
TNB,10.L1.3060.4568,073,Vô hiệu hóa,2024-01-01,2024-04-01,2024-04-01,26,permanently_inactive_outside_recent_window
DNB,10.L1.3060.4568,094,Vô hiệu hóa,2024-06-01,2025-05-01,2025-05-01,13,permanently_inactive_outside_recent_window
Chưa xác định,10.L1.3060.4568,222,Vô hiệu hóa,2024-01-01,2024-01-01,2024-01-01,29,permanently_inactive_outside_recent_window
Chưa xác định,10.L1.3060.4569,000,Vô hiệu hóa,2024-01-01,2024-04-01,2024-04-01,26,permanently_inactive_outside_recent_window
TNB,10.L1.3060.4569,050,Vô hiệu hóa,2024-01-01,2024-11-01,2024-11-01,19,permanently_inactive_outside_recent_window
DNB,10.L1.3060.4569,061,Vô hiệu hóa,2024-01-01,2024-08-01,2024-08-01,22,permanently_inactive_outside_recent_window
MT-TNG,10.L1.3060.4569,064,Vô hiệu hóa,2024-03-01,2024-05-01,2024-05-01,25,permanently_inactive_outside_recent_window
MT-TNG,10.L1.3060.4569,071,Vô hiệu hóa,2024-03-01,2025-03-01,2025-03-01,15,permanently_inactive_outside_recent_window
DNB,10.L1.3060.4569,081,Vô hiệu hóa,2024-01-01,2024-03-01,2024-03-01,27,permanently_inactive_outside_recent_window
DNB,10.L1.3060.4569,094,Vô hiệu hóa,2024-04-01,2025-05-01,2025-05-01,13,permanently_inactive_outside_recent_window
Chưa xác định,10.L1.3060.4569,222,Vô hiệu hóa,2024-01-01,2024-05-01,2024-05-01,25,permanently_inactive_outside_recent_window
DNB,10.L1.3060.4571,002,Vô hiệu hóa,2024-01-01,2025-04-01,2025-04-01,14,permanently_inactive_outside_recent_window
MT-TNG,10.L1.3060.4571,012,Vô hiệu hóa,2024-04-01,2025-03-01,2025-03-01,15,permanently_inactive_outside_recent_window
TNB,10.L1.3060.4571,015,Vô hiệu hóa,2024-01-01,2025-04-01,2025-04-01,14,permanently_inactive_outside_recent_window
DNB,10.L1.3060.4571,022,Vô hiệu hóa,2024-01-01,2025-05-01,2025-05-01,13,permanently_inactive_outside_recent_window
MT-TNG,10.L1.3060.4571,078,Vô hiệu hóa,2024-01-01,2024-01-01,2024-01-01,29,permanently_inactive_outside_recent_window
MT-TNG,10.L1.3060.4571,095,Vô hiệu hóa,2024-01-01,2024-01-01,2024-01-01,29,permanently_inactive_outside_recent_window
Chưa xác định,10.L1.3060.4571,222,Vô hiệu hóa,2024-01-01,2024-03-01,2024-03-01,27,permanently_inactive_outside_recent_window
DNB,10.L1.3060.4572,002,Vô hiệu hóa,2024-03-01,2025-04-01,2025-04-01,14,permanently_inactive_outside_recent_window
DNB,10.L1.3060.4572,008,Vô hiệu hóa,2024-01-01,2025-03-01,2025-03-01,15,permanently_inactive_outside_recent_window
MT-TNG,10.L1.3060.4572,014,Vô hiệu hóa,2024-01-01,2025-02-01,2025-02-01,16,permanently_inactive_outside_recent_window
TNB,10.L1.3060.4572,015,Vô hiệu hóa,2024-01-01,2024-11-01,2024-11-01,19,permanently_inactive_outside_recent_window
TNB,10.L1.3060.4572,018,Vô hiệu hóa,2024-01-01,2025-04-01,2025-04-01,14,permanently_inactive_outside_recent_window
DNB,10.L1.3060.4572,022,Vô hiệu hóa,2024-01-01,2025-05-01,2025-05-01,13,permanently_inactive_outside_recent_window
MT-TNG,10.L1.3060.4572,078,Vô hiệu hóa,2024-01-01,2024-01-01,2024-01-01,29,permanently_inactive_outside_recent_window
DNB,10.L1.3060.4573,002,Vô hiệu hóa,2024-03-01,2025-04-01,2025-04-01,14,permanently_inactive_outside_recent_window
MT-TNG,10.L1.3060.4573,012,Vô hiệu hóa,2024-01-01,2025-05-01,2025-05-01,13,permanently_inactive_outside_recent_window
DNB,10.L1.3060.4573,013,Vô hiệu hóa,2024-01-01,2024-01-01,2024-01-01,29,permanently_inactive_outside_recent_window
TNB,10.L1.3060.4573,015,Vô hiệu hóa,2024-01-01,2025-04-01,2025-04-01,14,permanently_inactive_outside_recent_window
DNB,10.L1.3060.4573,022,Vô hiệu hóa,2024-01-01,2024-08-01,2024-08-01,22,permanently_inactive_outside_recent_window
MT-TNG,10.L1.3060.4573,078,Vô hiệu hóa,2024-01-01,2024-01-01,2024-01-01,29,permanently_inactive_outside_recent_window
Chưa xác định,10.L1.3060.4573,222,Vô hiệu hóa,2024-03-01,2024-03-01,2024-03-01,27,permanently_inactive_outside_recent_window
Chưa xác định,10.L1.3060.4601,000,Vô hiệu hóa,2024-06-01,2024-06-01,2024-06-01,24,permanently_inactive_outside_recent_window
MT-TNG,10.L1.3060.4601,001,Vô hiệu hóa,2024-01-01,2024-01-01,2024-01-01,29,permanently_inactive_outside_recent_window
TNB,10.L1.3060.4601,050,Vô hiệu hóa,2024-01-01,2024-04-01,2024-04-01,26,permanently_inactive_outside_recent_window
MT-TNG,10.L1.3060.4601,059,Vô hiệu hóa,2024-01-01,2025-03-01,2025-03-01,15,permanently_inactive_outside_recent_window
DNB,10.L1.3060.4601,060,Vô hiệu hóa,2024-01-01,2024-04-01,2024-04-01,26,permanently_inactive_outside_recent_window
DNB,10.L1.3060.4601,061,Vô hiệu hóa,2024-01-01,2024-01-01,2024-01-01,29,permanently_inactive_outside_recent_window
MT-TNG,10.L1.3060.4601,064,Vô hiệu hóa,2024-01-01,2024-10-01,2024-10-01,20,permanently_inactive_outside_recent_window
MT-TNG,10.L1.3060.4601,067,Vô hiệu hóa,2024-01-01,2024-01-01,2024-01-01,29,permanently_inactive_outside_recent_window
TNB,10.L1.3060.4601,069,Vô hiệu hóa,2024-01-01,2024-10-01,2024-10-01,20,permanently_inactive_outside_recent_window
MT-TNG,10.L1.3060.4601,070,Vô hiệu hóa,2024-01-01,2024-01-01,2024-01-01,29,permanently_inactive_outside_recent_window
MT-TNG,10.L1.3060.4601,071,Vô hiệu hóa,2024-04-01,2025-04-01,2025-04-01,14,permanently_inactive_outside_recent_window
MT-TNG,10.L1.3060.4601,072,Vô hiệu hóa,2024-01-01,2024-01-01,2024-01-01,29,permanently_inactive_outside_recent_window
TNB,10.L1.3060.4601,073,Vô hiệu hóa,2024-01-01,2024-09-01,2024-09-01,21,permanently_inactive_outside_recent_window
DNB,10.L1.3060.4601,076,Vô hiệu hóa,2024-01-01,2024-03-01,2024-03-01,27,permanently_inactive_outside_recent_window
MT-TNG,10.L1.3060.4601,079,Vô hiệu hóa,2024-05-01,2024-06-01,2024-06-01,24,permanently_inactive_outside_recent_window
DNB,10.L1.3060.4601,081,Vô hiệu hóa,2024-01-01,2024-06-01,2024-06-01,24,permanently_inactive_outside_recent_window
DNB,10.L1.3060.4601,094,Vô hiệu hóa,2024-01-01,2024-01-01,2024-01-01,29,permanently_inactive_outside_recent_window
Chưa xác định,10.L1.3060.4601,222,Vô hiệu hóa,2024-01-01,2024-04-01,2024-04-01,26,permanently_inactive_outside_recent_window
Chưa xác định,10.L1.3060.4602,000,Vô hiệu hóa,2024-01-01,2024-01-01,2024-01-01,29,permanently_inactive_outside_recent_window
TNB,10.L1.3060.4602,050,Vô hiệu hóa,2024-01-01,2024-06-01,2024-06-01,24,permanently_inactive_outside_recent_window
MT-TNG,10.L1.3060.4602,059,Vô hiệu hóa,2024-01-01,2025-03-01,2025-03-01,15,permanently_inactive_outside_recent_window
DNB,10.L1.3060.4602,060,Vô hiệu hóa,2024-01-01,2024-03-01,2024-03-01,27,permanently_inactive_outside_recent_window
DNB,10.L1.3060.4602,061,Vô hiệu hóa,2024-01-01,2024-01-01,2024-01-01,29,permanently_inactive_outside_recent_window
MT-TNG,10.L1.3060.4602,064,Vô hiệu hóa,2024-09-01,2024-10-01,2024-10-01,20,permanently_inactive_outside_recent_window
MT-TNG,10.L1.3060.4602,067,Vô hiệu hóa,2024-01-01,2024-01-01,2024-01-01,29,permanently_inactive_outside_recent_window
MT-TNG,10.L1.3060.4602,070,Vô hiệu hóa,2024-01-01,2024-01-01,2024-01-01,29,permanently_inactive_outside_recent_window
MT-TNG,10.L1.3060.4602,071,Vô hiệu hóa,2024-01-01,2025-04-01,2025-04-01,14,permanently_inactive_outside_recent_window
TNB,10.L1.3060.4602,073,Vô hiệu hóa,2024-01-01,2024-09-01,2024-09-01,21,permanently_inactive_outside_recent_window
DNB,10.L1.3060.4602,076,Vô hiệu hóa,2024-01-01,2024-01-01,2024-01-01,29,permanently_inactive_outside_recent_window
MT-TNG,10.L1.3060.4602,079,Vô hiệu hóa,2024-05-01,2024-08-01,2024-08-01,22,permanently_inactive_outside_recent_window
DNB,10.L1.3060.4602,081,Vô hiệu hóa,2024-01-01,2024-05-01,2024-05-01,25,permanently_inactive_outside_recent_window
Chưa xác định,10.L1.3060.4602,222,Vô hiệu hóa,2024-01-01,2024-05-01,2024-05-01,25,permanently_inactive_outside_recent_window
Chưa xác định,10.L1.3060.4603,000,Vô hiệu hóa,2024-01-01,2024-03-01,2024-03-01,27,permanently_inactive_outside_recent_window
TNB,10.L1.3060.4603,050,Vô hiệu hóa,2024-01-01,2024-06-01,2024-06-01,24,permanently_inactive_outside_recent_window
MT-TNG,10.L1.3060.4603,059,Vô hiệu hóa,2024-03-01,2025-03-01,2025-03-01,15,permanently_inactive_outside_recent_window
DNB,10.L1.3060.4603,060,Vô hiệu hóa,2024-01-01,2024-05-01,2024-05-01,25,permanently_inactive_outside_recent_window
DNB,10.L1.3060.4603,061,Vô hiệu hóa,2024-01-01,2024-01-01,2024-01-01,29,permanently_inactive_outside_recent_window
MT-TNG,10.L1.3060.4603,064,Vô hiệu hóa,2024-01-01,2024-02-01,2024-02-01,28,permanently_inactive_outside_recent_window
MT-TNG,10.L1.3060.4603,070,Vô hiệu hóa,2024-01-01,2024-01-01,2024-01-01,29,permanently_inactive_outside_recent_window
MT-TNG,10.L1.3060.4603,071,Vô hiệu hóa,2024-01-01,2025-04-01,2025-04-01,14,permanently_inactive_outside_recent_window
TNB,10.L1.3060.4603,073,Vô hiệu hóa,2024-01-01,2024-09-01,2024-09-01,21,permanently_inactive_outside_recent_window
DNB,10.L1.3060.4603,076,Vô hiệu hóa,2024-01-01,2024-03-01,2024-03-01,27,permanently_inactive_outside_recent_window
MT-TNG,10.L1.3060.4603,079,Vô hiệu hóa,2024-06-01,2024-06-01,2024-06-01,24,permanently_inactive_outside_recent_window
DNB,10.L1.3060.4603,081,Vô hiệu hóa,2024-01-01,2024-03-01,2024-03-01,27,permanently_inactive_outside_recent_window
DNB,10.L1.3060.4603,094,Vô hiệu hóa,2024-01-01,2024-07-01,2024-07-01,23,permanently_inactive_outside_recent_window
Chưa xác định,10.L1.3060.4603,222,Vô hiệu hóa,2024-01-01,2024-05-01,2024-05-01,25,permanently_inactive_outside_recent_window
MT-TNG,10.L1.3060.4604,023,Vô hiệu hóa,2024-03-01,2024-06-01,2024-06-01,24,permanently_inactive_outside_recent_window
TNB,10.L1.3060.4604,063,Vô hiệu hóa,2024-08-01,2025-03-01,2025-03-01,15,permanently_inactive_outside_recent_window
DNB,10.L1.3060.4604,081,Vô hiệu hóa,2024-12-01,2024-12-01,2024-12-01,18,permanently_inactive_outside_recent_window
Chưa xác định,10.L1.3060.4604,222,Vô hiệu hóa,2025-03-01,2025-03-01,2025-03-01,15,permanently_inactive_outside_recent_window
Chưa xác định,10.L1.3060.4605,000,Vô hiệu hóa,2024-12-01,2024-12-01,2024-12-01,18,permanently_inactive_outside_recent_window
TNB,10.L1.3060.4605,024,Vô hiệu hóa,2024-10-01,2024-10-01,2024-10-01,20,permanently_inactive_outside_recent_window
TNB,10.L1.3060.4605,063,Vô hiệu hóa,2024-08-01,2025-03-01,2025-03-01,15,permanently_inactive_outside_recent_window
TNB,10.L1.3060.4605,065,Vô hiệu hóa,2024-01-01,2025-02-01,2025-02-01,16,permanently_inactive_outside_recent_window
DNB,10.L1.3060.4605,081,Vô hiệu hóa,2024-12-01,2024-12-01,2024-12-01,18,permanently_inactive_outside_recent_window
Chưa xác định,10.L1.3060.4606,000,Vô hiệu hóa,2024-12-01,2024-12-01,2024-12-01,18,permanently_inactive_outside_recent_window
MT-TNG,10.L1.3060.4606,023,Vô hiệu hóa,2024-09-01,2024-09-01,2024-09-01,21,permanently_inactive_outside_recent_window
DNB,10.L1.3060.4606,081,Vô hiệu hóa,2024-12-01,2024-12-01,2024-12-01,18,permanently_inactive_outside_recent_window
DNB,10.L1.3060.4607,060,Vô hiệu hóa,2024-01-01,2025-02-01,2025-02-01,16,permanently_inactive_outside_recent_window
TNB,10.L1.3060.4607,065,Vô hiệu hóa,2024-01-01,2025-05-01,2025-05-01,13,permanently_inactive_outside_recent_window
MT-TNG,10.L1.3060.4607,067,Vô hiệu hóa,2024-03-01,2024-03-01,2024-03-01,27,permanently_inactive_outside_recent_window
TNB,10.L1.3060.4607,069,Vô hiệu hóa,2024-01-01,2024-08-01,2024-08-01,22,permanently_inactive_outside_recent_window
DNB,10.L1.3060.4607,081,Vô hiệu hóa,2024-01-01,2024-12-01,2024-12-01,18,permanently_inactive_outside_recent_window
Chưa xác định,10.L1.3060.4607,222,Vô hiệu hóa,2024-02-01,2024-03-01,2024-03-01,27,permanently_inactive_outside_recent_window
DNB,10.L1.3060.4608,060,Vô hiệu hóa,2024-01-01,2025-01-01,2025-01-01,17,permanently_inactive_outside_recent_window
TNB,10.L1.3060.4608,065,Vô hiệu hóa,2024-01-01,2025-04-01,2025-04-01,14,permanently_inactive_outside_recent_window
MT-TNG,10.L1.3060.4608,067,Vô hiệu hóa,2024-03-01,2024-03-01,2024-03-01,27,permanently_inactive_outside_recent_window
TNB,10.L1.3060.4608,069,Vô hiệu hóa,2024-03-01,2024-03-01,2024-03-01,27,permanently_inactive_outside_recent_window
DNB,10.L1.3060.4608,081,Vô hiệu hóa,2024-01-01,2024-07-01,2024-07-01,23,permanently_inactive_outside_recent_window
Chưa xác định,10.L1.3060.4608,222,Vô hiệu hóa,2024-02-01,2024-03-01,2024-03-01,27,permanently_inactive_outside_recent_window
DNB,10.L1.3060.4609,060,Vô hiệu hóa,2024-01-01,2025-01-01,2025-01-01,17,permanently_inactive_outside_recent_window
MT-TNG,10.L1.3060.4609,067,Vô hiệu hóa,2024-03-01,2024-03-01,2024-03-01,27,permanently_inactive_outside_recent_window
TNB,10.L1.3060.4609,069,Vô hiệu hóa,2024-01-01,2024-03-01,2024-03-01,27,permanently_inactive_outside_recent_window
DNB,10.L1.3060.4609,081,Vô hiệu hóa,2024-04-01,2024-04-01,2024-04-01,26,permanently_inactive_outside_recent_window
DNB,10.L1.3060.4611,008,Vô hiệu hóa,2024-01-01,2024-11-01,2024-11-01,19,permanently_inactive_outside_recent_window
MT-TNG,10.L1.3060.4611,012,Vô hiệu hóa,2024-01-01,2024-09-01,2024-09-01,21,permanently_inactive_outside_recent_window
TNB,10.L1.3060.4611,016,Vô hiệu hóa,2024-01-01,2025-02-01,2025-02-01,16,permanently_inactive_outside_recent_window
TNB,10.L1.3060.4611,018,Vô hiệu hóa,2024-01-01,2025-03-01,2025-03-01,15,permanently_inactive_outside_recent_window
TNB,10.L1.3060.4611,024,Vô hiệu hóa,2024-01-01,2025-04-01,2025-04-01,14,permanently_inactive_outside_recent_window
MT-TNG,10.L1.3060.4611,079,Vô hiệu hóa,2024-01-01,2024-03-01,2024-03-01,27,permanently_inactive_outside_recent_window
Chưa xác định,10.L1.3060.4612,000,Vô hiệu hóa,2024-04-01,2024-04-01,2024-04-01,26,permanently_inactive_outside_recent_window
DNB,10.L1.3060.4612,002,Vô hiệu hóa,2024-05-01,2024-11-01,2024-11-01,19,permanently_inactive_outside_recent_window
DNB,10.L1.3060.4612,008,Vô hiệu hóa,2024-01-01,2024-09-01,2024-09-01,21,permanently_inactive_outside_recent_window
MT-TNG,10.L1.3060.4612,012,Vô hiệu hóa,2024-01-01,2024-07-01,2024-07-01,23,permanently_inactive_outside_recent_window
TNB,10.L1.3060.4612,016,Vô hiệu hóa,2024-01-01,2025-02-01,2025-02-01,16,permanently_inactive_outside_recent_window
TNB,10.L1.3060.4612,018,Vô hiệu hóa,2024-01-01,2025-03-01,2025-03-01,15,permanently_inactive_outside_recent_window
TNB,10.L1.3060.4612,024,Vô hiệu hóa,2024-01-01,2025-01-01,2025-01-01,17,permanently_inactive_outside_recent_window
MT-TNG,10.L1.3060.4612,079,Vô hiệu hóa,2024-03-01,2024-05-01,2024-05-01,25,permanently_inactive_outside_recent_window
Chưa xác định,10.L1.3060.4613,000,Vô hiệu hóa,2024-05-01,2024-05-01,2024-05-01,25,permanently_inactive_outside_recent_window
DNB,10.L1.3060.4613,008,Vô hiệu hóa,2024-01-01,2024-03-01,2024-03-01,27,permanently_inactive_outside_recent_window
MT-TNG,10.L1.3060.4613,012,Vô hiệu hóa,2024-04-01,2024-10-01,2024-10-01,20,permanently_inactive_outside_recent_window
TNB,10.L1.3060.4613,016,Vô hiệu hóa,2024-01-01,2024-10-01,2024-10-01,20,permanently_inactive_outside_recent_window
TNB,10.L1.3060.4613,018,Vô hiệu hóa,2024-01-01,2025-03-01,2025-03-01,15,permanently_inactive_outside_recent_window
MT-TNG,10.L1.3060.4613,079,Vô hiệu hóa,2024-01-01,2025-02-01,2025-02-01,16,permanently_inactive_outside_recent_window
DNB,10.L1.3060.4614,010,Vô hiệu hóa,2024-05-01,2025-04-01,2025-04-01,14,permanently_inactive_outside_recent_window
DNB,10.L1.3060.4614,013,Vô hiệu hóa,2024-01-01,2024-01-01,2024-01-01,29,permanently_inactive_outside_recent_window
TNB,10.L1.3060.4614,015,Vô hiệu hóa,2024-01-01,2025-04-01,2025-04-01,14,permanently_inactive_outside_recent_window
TNB,10.L1.3060.4614,017,Vô hiệu hóa,2024-01-01,2025-04-01,2025-04-01,14,permanently_inactive_outside_recent_window
DNB,10.L1.3060.4614,019,Vô hiệu hóa,2024-04-01,2024-12-01,2024-12-01,18,permanently_inactive_outside_recent_window
DNB,10.L1.3060.4615,010,Vô hiệu hóa,2025-04-01,2025-04-01,2025-04-01,14,permanently_inactive_outside_recent_window
TNB,10.L1.3060.4615,015,Vô hiệu hóa,2024-03-01,2025-04-01,2025-04-01,14,permanently_inactive_outside_recent_window
TNB,10.L1.3060.4615,017,Vô hiệu hóa,2024-01-01,2025-03-01,2025-03-01,15,permanently_inactive_outside_recent_window
DNB,10.L1.3060.4615,019,Vô hiệu hóa,2024-01-01,2024-12-01,2024-12-01,18,permanently_inactive_outside_recent_window
DNB,10.L1.3060.4616,008,Vô hiệu hóa,2024-01-01,2024-04-01,2024-04-01,26,permanently_inactive_outside_recent_window
DNB,10.L1.3060.4616,010,Vô hiệu hóa,2024-05-01,2025-04-01,2025-04-01,14,permanently_inactive_outside_recent_window
DNB,10.L1.3060.4616,013,Vô hiệu hóa,2024-01-01,2024-12-01,2024-12-01,18,permanently_inactive_outside_recent_window
TNB,10.L1.3060.4616,015,Vô hiệu hóa,2024-01-01,2025-05-01,2025-05-01,13,permanently_inactive_outside_recent_window
TNB,10.L1.3060.4616,017,Vô hiệu hóa,2024-01-01,2025-03-01,2025-03-01,15,permanently_inactive_outside_recent_window
DNB,10.L1.3060.4616,019,Vô hiệu hóa,2024-04-01,2024-12-01,2024-12-01,18,permanently_inactive_outside_recent_window
DNB,10.L1.3060.4617,002,Vô hiệu hóa,2024-01-01,2025-04-01,2025-04-01,14,permanently_inactive_outside_recent_window
DNB,10.L1.3060.4617,008,Vô hiệu hóa,2024-01-01,2024-09-01,2024-09-01,21,permanently_inactive_outside_recent_window
DNB,10.L1.3060.4617,013,Vô hiệu hóa,2024-03-01,2024-04-01,2024-04-01,26,permanently_inactive_outside_recent_window
TNB,10.L1.3060.4617,016,Vô hiệu hóa,2024-04-01,2025-02-01,2025-02-01,16,permanently_inactive_outside_recent_window
MT-TNG,10.L1.3060.4617,079,Vô hiệu hóa,2024-01-01,2025-04-01,2025-04-01,14,permanently_inactive_outside_recent_window
Chưa xác định,10.L1.3060.4618,000,Vô hiệu hóa,2024-01-01,2025-03-01,2025-03-01,15,permanently_inactive_outside_recent_window
DNB,10.L1.3060.4618,002,Vô hiệu hóa,2024-01-01,2024-07-01,2024-07-01,23,permanently_inactive_outside_recent_window
DNB,10.L1.3060.4618,008,Vô hiệu hóa,2024-01-01,2024-04-01,2024-04-01,26,permanently_inactive_outside_recent_window
DNB,10.L1.3060.4618,013,Vô hiệu hóa,2024-03-01,2024-04-01,2024-04-01,26,permanently_inactive_outside_recent_window
TNB,10.L1.3060.4618,016,Vô hiệu hóa,2024-04-01,2024-06-01,2024-06-01,24,permanently_inactive_outside_recent_window
MT-TNG,10.L1.3060.4618,079,Vô hiệu hóa,2024-01-01,2025-03-01,2025-03-01,15,permanently_inactive_outside_recent_window
Chưa xác định,10.L1.3060.4619,000,Vô hiệu hóa,2025-04-01,2025-04-01,2025-04-01,14,permanently_inactive_outside_recent_window
DNB,10.L1.3060.4619,002,Vô hiệu hóa,2024-01-01,2025-01-01,2025-01-01,17,permanently_inactive_outside_recent_window
DNB,10.L1.3060.4619,013,Vô hiệu hóa,2024-03-01,2024-04-01,2024-04-01,26,permanently_inactive_outside_recent_window
TNB,10.L1.3060.4619,016,Vô hiệu hóa,2024-04-01,2025-02-01,2025-02-01,16,permanently_inactive_outside_recent_window
TNB,10.L1.3060.4619,024,Vô hiệu hóa,2024-11-01,2025-04-01,2025-04-01,14,permanently_inactive_outside_recent_window
MT-TNG,10.L1.3060.4619,079,Vô hiệu hóa,2024-01-01,2025-04-01,2025-04-01,14,permanently_inactive_outside_recent_window
Chưa xác định,10.L1.3060.4619,222,Vô hiệu hóa,2024-06-01,2024-06-01,2024-06-01,24,permanently_inactive_outside_recent_window
MT-TNG,10.L1.3060.4621,001,Vô hiệu hóa,2024-03-01,2025-04-01,2025-04-01,14,permanently_inactive_outside_recent_window
DNB,10.L1.3060.4621,010,Vô hiệu hóa,2024-05-01,2025-05-01,2025-05-01,13,permanently_inactive_outside_recent_window
DNB,10.L1.3060.4621,013,Vô hiệu hóa,2024-03-01,2025-03-01,2025-03-01,15,permanently_inactive_outside_recent_window
MT-TNG,10.L1.3060.4621,014,Vô hiệu hóa,2024-02-01,2025-02-01,2025-02-01,16,permanently_inactive_outside_recent_window
DNB,10.L1.3060.4622,002,Vô hiệu hóa,2024-04-01,2025-05-01,2025-05-01,13,permanently_inactive_outside_recent_window
DNB,10.L1.3060.4622,010,Vô hiệu hóa,2024-05-01,2025-05-01,2025-05-01,13,permanently_inactive_outside_recent_window
MT-TNG,10.L1.3060.4622,012,Vô hiệu hóa,2024-03-01,2024-12-01,2024-12-01,18,permanently_inactive_outside_recent_window
DNB,10.L1.3060.4622,013,Vô hiệu hóa,2024-04-01,2025-02-01,2025-02-01,16,permanently_inactive_outside_recent_window
MT-TNG,10.L1.3060.4622,014,Vô hiệu hóa,2024-04-01,2024-10-01,2024-10-01,20,permanently_inactive_outside_recent_window
TNB,10.L1.3060.4622,018,Vô hiệu hóa,2024-02-01,2025-03-01,2025-03-01,15,permanently_inactive_outside_recent_window
DNB,10.L1.3060.4623,002,Vô hiệu hóa,2024-03-01,2025-05-01,2025-05-01,13,permanently_inactive_outside_recent_window
DNB,10.L1.3060.4623,010,Vô hiệu hóa,2024-06-01,2025-05-01,2025-05-01,13,permanently_inactive_outside_recent_window
TNB,10.L1.3060.4623,011,Vô hiệu hóa,2024-03-01,2024-09-01,2024-09-01,21,permanently_inactive_outside_recent_window
MT-TNG,10.L1.3060.4623,012,Vô hiệu hóa,2024-03-01,2025-02-01,2025-02-01,16,permanently_inactive_outside_recent_window
DNB,10.L1.3060.4623,013,Vô hiệu hóa,2024-03-01,2025-03-01,2025-03-01,15,permanently_inactive_outside_recent_window
MT-TNG,10.L1.3060.4623,014,Vô hiệu hóa,2024-02-01,2025-02-01,2025-02-01,16,permanently_inactive_outside_recent_window
TNB,10.L1.3060.4623,015,Vô hiệu hóa,2024-03-01,2025-02-01,2025-02-01,16,permanently_inactive_outside_recent_window
TNB,10.L1.3060.4623,017,Vô hiệu hóa,2024-03-01,2024-12-01,2024-12-01,18,permanently_inactive_outside_recent_window
DNB,10.L1.3060.4623,019,Vô hiệu hóa,2024-04-01,2025-03-01,2025-03-01,15,permanently_inactive_outside_recent_window
TNB,10.L1.3060.4623,024,Vô hiệu hóa,2024-03-01,2025-01-01,2025-01-01,17,permanently_inactive_outside_recent_window
DNB,10.L1.3060.4624,002,Vô hiệu hóa,2024-03-01,2025-04-01,2025-04-01,14,permanently_inactive_outside_recent_window
DNB,10.L1.3060.4624,010,Vô hiệu hóa,2024-04-01,2024-12-01,2024-12-01,18,permanently_inactive_outside_recent_window
MT-TNG,10.L1.3060.4624,012,Vô hiệu hóa,2024-03-01,2025-01-01,2025-01-01,17,permanently_inactive_outside_recent_window
DNB,10.L1.3060.4624,013,Vô hiệu hóa,2024-03-01,2025-03-01,2025-03-01,15,permanently_inactive_outside_recent_window
MT-TNG,10.L1.3060.4624,014,Vô hiệu hóa,2024-02-01,2025-05-01,2025-05-01,13,permanently_inactive_outside_recent_window
TNB,10.L1.3060.4624,015,Vô hiệu hóa,2024-02-01,2025-04-01,2025-04-01,14,permanently_inactive_outside_recent_window
TNB,10.L1.3060.4624,017,Vô hiệu hóa,2024-03-01,2024-12-01,2024-12-01,18,permanently_inactive_outside_recent_window
DNB,10.L1.3060.4624,022,Vô hiệu hóa,2024-04-01,2025-05-01,2025-05-01,13,permanently_inactive_outside_recent_window
TNB,10.L1.3060.4624,024,Vô hiệu hóa,2024-03-01,2025-05-01,2025-05-01,13,permanently_inactive_outside_recent_window
DNB,10.L1.3060.4625,010,Vô hiệu hóa,2024-05-01,2024-07-01,2024-07-01,23,permanently_inactive_outside_recent_window
MT-TNG,10.L1.3060.4625,012,Vô hiệu hóa,2024-04-01,2025-01-01,2025-01-01,17,permanently_inactive_outside_recent_window
DNB,10.L1.3060.4625,013,Vô hiệu hóa,2024-04-01,2025-02-01,2025-02-01,16,permanently_inactive_outside_recent_window
MT-TNG,10.L1.3060.4625,014,Vô hiệu hóa,2024-03-01,2025-04-01,2025-04-01,14,permanently_inactive_outside_recent_window
TNB,10.L1.3060.4625,015,Vô hiệu hóa,2024-03-01,2025-04-01,2025-04-01,14,permanently_inactive_outside_recent_window
TNB,10.L1.3060.4625,017,Vô hiệu hóa,2024-03-01,2024-11-01,2024-11-01,19,permanently_inactive_outside_recent_window
DNB,10.L1.3060.4625,022,Vô hiệu hóa,2024-04-01,2025-05-01,2025-05-01,13,permanently_inactive_outside_recent_window
DNB,10.L1.3060.4626,008,Vô hiệu hóa,2024-03-01,2024-10-01,2024-10-01,20,permanently_inactive_outside_recent_window
MT-TNG,10.L1.3060.4626,012,Vô hiệu hóa,2024-03-01,2025-01-01,2025-01-01,17,permanently_inactive_outside_recent_window
DNB,10.L1.3060.4626,013,Vô hiệu hóa,2024-03-01,2025-03-01,2025-03-01,15,permanently_inactive_outside_recent_window
TNB,10.L1.3060.4626,015,Vô hiệu hóa,2024-02-01,2025-04-01,2025-04-01,14,permanently_inactive_outside_recent_window
TNB,10.L1.3060.4626,017,Vô hiệu hóa,2024-03-01,2024-11-01,2024-11-01,19,permanently_inactive_outside_recent_window
DNB,10.L1.3060.4626,022,Vô hiệu hóa,2024-04-01,2025-05-01,2025-05-01,13,permanently_inactive_outside_recent_window
TNB,10.L1.3060.4626,024,Vô hiệu hóa,2024-03-01,2025-05-01,2025-05-01,13,permanently_inactive_outside_recent_window
DNB,10.L1.3060.4631,002,Vô hiệu hóa,2024-03-01,2025-05-01,2025-05-01,13,permanently_inactive_outside_recent_window
DNB,10.L1.3060.4631,010,Vô hiệu hóa,2024-03-01,2025-04-01,2025-04-01,14,permanently_inactive_outside_recent_window
MT-TNG,10.L1.3060.4631,012,Vô hiệu hóa,2024-03-01,2025-03-01,2025-03-01,15,permanently_inactive_outside_recent_window
DNB,10.L1.3060.4631,013,Vô hiệu hóa,2024-04-01,2025-03-01,2025-03-01,15,permanently_inactive_outside_recent_window
MT-TNG,10.L1.3060.4631,014,Vô hiệu hóa,2024-03-01,2025-05-01,2025-05-01,13,permanently_inactive_outside_recent_window
DNB,10.L1.3060.4631,019,Vô hiệu hóa,2024-05-01,2025-03-01,2025-03-01,15,permanently_inactive_outside_recent_window
DNB,10.L1.3060.4632,008,Vô hiệu hóa,2024-05-01,2025-01-01,2025-01-01,17,permanently_inactive_outside_recent_window
DNB,10.L1.3060.4632,010,Vô hiệu hóa,2024-05-01,2025-03-01,2025-03-01,15,permanently_inactive_outside_recent_window
MT-TNG,10.L1.3060.4632,012,Vô hiệu hóa,2024-04-01,2024-12-01,2024-12-01,18,permanently_inactive_outside_recent_window
DNB,10.L1.3060.4632,013,Vô hiệu hóa,2024-04-01,2025-03-01,2025-03-01,15,permanently_inactive_outside_recent_window
MT-TNG,10.L1.3060.4632,014,Vô hiệu hóa,2024-03-01,2024-11-01,2024-11-01,19,permanently_inactive_outside_recent_window
TNB,10.L1.3060.4632,016,Vô hiệu hóa,2024-04-01,2025-02-01,2025-02-01,16,permanently_inactive_outside_recent_window
TNB,10.L1.3060.4632,018,Vô hiệu hóa,2024-05-01,2024-08-01,2024-08-01,22,permanently_inactive_outside_recent_window
DNB,10.L1.3060.4632,019,Vô hiệu hóa,2024-04-01,2025-03-01,2025-03-01,15,permanently_inactive_outside_recent_window
DNB,10.L1.3060.4633,008,Vô hiệu hóa,2024-03-01,2025-04-01,2025-04-01,14,permanently_inactive_outside_recent_window
DNB,10.L1.3060.4633,010,Vô hiệu hóa,2024-03-01,2025-03-01,2025-03-01,15,permanently_inactive_outside_recent_window
MT-TNG,10.L1.3060.4633,012,Vô hiệu hóa,2024-03-01,2024-12-01,2024-12-01,18,permanently_inactive_outside_recent_window
DNB,10.L1.3060.4633,013,Vô hiệu hóa,2024-04-01,2025-03-01,2025-03-01,15,permanently_inactive_outside_recent_window
MT-TNG,10.L1.3060.4633,014,Vô hiệu hóa,2024-03-01,2025-03-01,2025-03-01,15,permanently_inactive_outside_recent_window
DNB,10.L1.3060.4633,019,Vô hiệu hóa,2024-05-01,2025-03-01,2025-03-01,15,permanently_inactive_outside_recent_window
MT-TNG,10.L1.3060.4716,071,Vô hiệu hóa,2024-09-01,2024-09-01,2024-09-01,21,permanently_inactive_outside_recent_window
MT-TNG,10.L1.3060.4718,001,Vô hiệu hóa,2024-05-01,2024-05-01,2024-05-01,25,permanently_inactive_outside_recent_window
MT-TNG,10.L1.3060.4719,059,Vô hiệu hóa,2024-03-01,2024-03-01,2024-03-01,27,permanently_inactive_outside_recent_window
MT-TNG,10.L1.3060.4719,071,Vô hiệu hóa,2024-07-01,2024-11-01,2024-11-01,19,permanently_inactive_outside_recent_window
DNB,10.L1.3060.4719,076,Vô hiệu hóa,2024-01-01,2024-01-01,2024-01-01,29,permanently_inactive_outside_recent_window
Chưa xác định,10.L1.3060.5027,000,Vô hiệu hóa,2024-01-01,2024-06-01,2024-06-01,24,permanently_inactive_outside_recent_window
TNB,10.L1.3060.5027,050,Vô hiệu hóa,2024-01-01,2025-04-01,2025-04-01,14,permanently_inactive_outside_recent_window
MT-TNG,10.L1.3060.5027,072,Vô hiệu hóa,2024-01-01,2024-09-01,2024-09-01,21,permanently_inactive_outside_recent_window
DNB,10.L1.3060.5027,076,Vô hiệu hóa,2024-01-01,2024-06-01,2024-06-01,24,permanently_inactive_outside_recent_window
MT-TNG,10.L1.3060.5027,079,Vô hiệu hóa,2024-01-01,2025-04-01,2025-04-01,14,permanently_inactive_outside_recent_window
DNB,10.L1.3060.5027,081,Vô hiệu hóa,2024-01-01,2024-04-01,2024-04-01,26,permanently_inactive_outside_recent_window
DNB,10.L1.3060.5027,094,Vô hiệu hóa,2024-04-01,2024-05-01,2024-05-01,25,permanently_inactive_outside_recent_window
MT-TNG,10.L1.3060.5027,123,Vô hiệu hóa,2025-05-01,2025-05-01,2025-05-01,13,permanently_inactive_outside_recent_window
Chưa xác định,10.L1.3060.5027,222,Vô hiệu hóa,2024-04-01,2024-10-01,2024-10-01,20,permanently_inactive_outside_recent_window
Chưa xác định,10.L1.3060.5028,000,Vô hiệu hóa,2024-04-01,2024-06-01,2024-06-01,24,permanently_inactive_outside_recent_window
TNB,10.L1.3060.5028,050,Vô hiệu hóa,2024-01-01,2025-04-01,2025-04-01,14,permanently_inactive_outside_recent_window
MT-TNG,10.L1.3060.5028,072,Vô hiệu hóa,2024-07-01,2024-07-01,2024-07-01,23,permanently_inactive_outside_recent_window
TNB,10.L1.3060.5028,073,Vô hiệu hóa,2024-01-01,2024-09-01,2024-09-01,21,permanently_inactive_outside_recent_window
DNB,10.L1.3060.5028,076,Vô hiệu hóa,2024-05-01,2024-05-01,2024-05-01,25,permanently_inactive_outside_recent_window
MT-TNG,10.L1.3060.5028,079,Vô hiệu hóa,2024-10-01,2025-04-01,2025-04-01,14,permanently_inactive_outside_recent_window
DNB,10.L1.3060.5028,081,Vô hiệu hóa,2024-01-01,2024-06-01,2024-06-01,24,permanently_inactive_outside_recent_window
DNB,10.L1.3060.5028,094,Vô hiệu hóa,2025-05-01,2025-05-01,2025-05-01,13,permanently_inactive_outside_recent_window
MT-TNG,10.L1.3060.5028,123,Vô hiệu hóa,2025-05-01,2025-05-01,2025-05-01,13,permanently_inactive_outside_recent_window
Chưa xác định,10.L1.3060.5028,222,Vô hiệu hóa,2024-10-01,2024-10-01,2024-10-01,20,permanently_inactive_outside_recent_window
Chưa xác định,10.L1.3060.5029,000,Vô hiệu hóa,2024-01-01,2024-05-01,2024-05-01,25,permanently_inactive_outside_recent_window
TNB,10.L1.3060.5029,050,Vô hiệu hóa,2024-01-01,2024-12-01,2024-12-01,18,permanently_inactive_outside_recent_window
TNB,10.L1.3060.5029,063,Vô hiệu hóa,2024-04-01,2024-04-01,2024-04-01,26,permanently_inactive_outside_recent_window
MT-TNG,10.L1.3060.5029,064,Vô hiệu hóa,2024-03-01,2024-03-01,2024-03-01,27,permanently_inactive_outside_recent_window
TNB,10.L1.3060.5029,073,Vô hiệu hóa,2024-01-01,2024-11-01,2024-11-01,19,permanently_inactive_outside_recent_window
DNB,10.L1.3060.5029,076,Vô hiệu hóa,2024-01-01,2024-05-01,2024-05-01,25,permanently_inactive_outside_recent_window
MT-TNG,10.L1.3060.5029,079,Vô hiệu hóa,2024-01-01,2025-04-01,2025-04-01,14,permanently_inactive_outside_recent_window
DNB,10.L1.3060.5029,081,Vô hiệu hóa,2024-01-01,2024-05-01,2024-05-01,25,permanently_inactive_outside_recent_window
DNB,10.L1.3060.5029,094,Vô hiệu hóa,2024-04-01,2025-05-01,2025-05-01,13,permanently_inactive_outside_recent_window
MT-TNG,10.L1.3060.5029,123,Vô hiệu hóa,2025-05-01,2025-05-01,2025-05-01,13,permanently_inactive_outside_recent_window
Chưa xác định,10.L1.3060.5029,222,Vô hiệu hóa,2024-04-01,2024-11-01,2024-11-01,19,permanently_inactive_outside_recent_window
MT-TNG,10.L1.3060.5037,014,Vô hiệu hóa,2025-04-01,2025-04-01,2025-04-01,14,permanently_inactive_outside_recent_window
TNB,10.L1.3060.5037,015,Vô hiệu hóa,2024-05-01,2025-03-01,2025-03-01,15,permanently_inactive_outside_recent_window
TNB,10.L1.3060.5037,018,Vô hiệu hóa,2024-02-01,2025-04-01,2025-04-01,14,permanently_inactive_outside_recent_window
DNB,10.L1.3060.5037,019,Vô hiệu hóa,2024-05-01,2025-02-01,2025-02-01,16,permanently_inactive_outside_recent_window
TNB,10.L1.3060.5037,024,Vô hiệu hóa,2024-02-01,2025-03-01,2025-03-01,15,permanently_inactive_outside_recent_window
MT-TNG,10.L1.3060.5037,072,Vô hiệu hóa,2025-02-01,2025-02-01,2025-02-01,16,permanently_inactive_outside_recent_window
DNB,10.L1.3060.5037,097,Vô hiệu hóa,2024-11-01,2025-02-01,2025-02-01,16,permanently_inactive_outside_recent_window
MT-TNG,10.L1.3060.5037,099,Vô hiệu hóa,2024-03-01,2024-03-01,2024-03-01,27,permanently_inactive_outside_recent_window
Chưa xác định,10.L1.3060.5037,222,Vô hiệu hóa,2024-03-01,2024-03-01,2024-03-01,27,permanently_inactive_outside_recent_window
MT-TNG,10.L1.3060.5038,014,Vô hiệu hóa,2025-04-01,2025-04-01,2025-04-01,14,permanently_inactive_outside_recent_window
TNB,10.L1.3060.5038,015,Vô hiệu hóa,2024-05-01,2024-11-01,2024-11-01,19,permanently_inactive_outside_recent_window
TNB,10.L1.3060.5038,018,Vô hiệu hóa,2024-07-01,2025-03-01,2025-03-01,15,permanently_inactive_outside_recent_window
TNB,10.L1.3060.5038,024,Vô hiệu hóa,2024-02-01,2025-03-01,2025-03-01,15,permanently_inactive_outside_recent_window
MT-TNG,10.L1.3060.5038,072,Vô hiệu hóa,2025-02-01,2025-02-01,2025-02-01,16,permanently_inactive_outside_recent_window
DNB,10.L1.3060.5038,097,Vô hiệu hóa,2025-02-01,2025-02-01,2025-02-01,16,permanently_inactive_outside_recent_window
MT-TNG,10.L1.3060.5038,099,Vô hiệu hóa,2024-03-01,2024-03-01,2024-03-01,27,permanently_inactive_outside_recent_window
Chưa xác định,10.L1.3060.5038,222,Vô hiệu hóa,2024-03-01,2024-03-01,2024-03-01,27,permanently_inactive_outside_recent_window
Chưa xác định,10.L1.3060.5039,000,Vô hiệu hóa,2024-04-01,2024-05-01,2024-05-01,25,permanently_inactive_outside_recent_window
MT-TNG,10.L1.3060.5039,014,Vô hiệu hóa,2025-04-01,2025-04-01,2025-04-01,14,permanently_inactive_outside_recent_window
TNB,10.L1.3060.5039,015,Vô hiệu hóa,2024-01-01,2025-03-01,2025-03-01,15,permanently_inactive_outside_recent_window
TNB,10.L1.3060.5039,018,Vô hiệu hóa,2024-02-01,2025-03-01,2025-03-01,15,permanently_inactive_outside_recent_window
DNB,10.L1.3060.5039,019,Vô hiệu hóa,2024-05-01,2025-02-01,2025-02-01,16,permanently_inactive_outside_recent_window
TNB,10.L1.3060.5039,024,Vô hiệu hóa,2024-02-01,2025-03-01,2025-03-01,15,permanently_inactive_outside_recent_window
MT-TNG,10.L1.3060.5039,072,Vô hiệu hóa,2025-02-01,2025-02-01,2025-02-01,16,permanently_inactive_outside_recent_window
DNB,10.L1.3060.5039,097,Vô hiệu hóa,2024-04-01,2025-02-01,2025-02-01,16,permanently_inactive_outside_recent_window
MT-TNG,10.L1.3060.5039,099,Vô hiệu hóa,2024-03-01,2024-03-01,2024-03-01,27,permanently_inactive_outside_recent_window
Chưa xác định,10.L1.3060.5039,222,Vô hiệu hóa,2024-03-01,2024-03-01,2024-03-01,27,permanently_inactive_outside_recent_window
MT-TNG,10.L1.3060.5058,001,Vô hiệu hóa,2024-05-01,2024-05-01,2024-05-01,25,permanently_inactive_outside_recent_window
Chưa xác định,10.L1.3060.5067,000,Vô hiệu hóa,2024-11-01,2024-11-01,2024-11-01,19,permanently_inactive_outside_recent_window
DNB,10.L1.3060.5067,008,Vô hiệu hóa,2024-01-01,2024-01-01,2024-01-01,29,permanently_inactive_outside_recent_window
DNB,10.L1.3060.5067,019,Vô hiệu hóa,2024-04-01,2025-04-01,2025-04-01,14,permanently_inactive_outside_recent_window
TNB,10.L1.3060.5067,050,Vô hiệu hóa,2024-02-01,2024-07-01,2024-07-01,23,permanently_inactive_outside_recent_window
DNB,10.L1.3060.5067,060,Vô hiệu hóa,2024-01-01,2024-01-01,2024-01-01,29,permanently_inactive_outside_recent_window
DNB,10.L1.3060.5067,061,Vô hiệu hóa,2024-01-01,2025-03-01,2025-03-01,15,permanently_inactive_outside_recent_window
TNB,10.L1.3060.5067,065,Vô hiệu hóa,2024-02-01,2025-03-01,2025-03-01,15,permanently_inactive_outside_recent_window
TNB,10.L1.3060.5067,069,Vô hiệu hóa,2024-01-01,2025-01-01,2025-01-01,17,permanently_inactive_outside_recent_window
MT-TNG,10.L1.3060.5067,071,Vô hiệu hóa,2024-03-01,2025-05-01,2025-05-01,13,permanently_inactive_outside_recent_window
DNB,10.L1.3060.5067,081,Vô hiệu hóa,2024-01-01,2024-11-01,2024-11-01,19,permanently_inactive_outside_recent_window
Chưa xác định,10.L1.3060.5067,222,Vô hiệu hóa,2024-10-01,2024-10-01,2024-10-01,20,permanently_inactive_outside_recent_window
TNB,10.L1.3060.5068,050,Vô hiệu hóa,2024-03-01,2024-07-01,2024-07-01,23,permanently_inactive_outside_recent_window
DNB,10.L1.3060.5068,061,Vô hiệu hóa,2024-04-01,2025-03-01,2025-03-01,15,permanently_inactive_outside_recent_window
TNB,10.L1.3060.5068,063,Vô hiệu hóa,2024-05-01,2025-02-01,2025-02-01,16,permanently_inactive_outside_recent_window
TNB,10.L1.3060.5068,069,Vô hiệu hóa,2024-01-01,2025-01-01,2025-01-01,17,permanently_inactive_outside_recent_window
DNB,10.L1.3060.5068,081,Vô hiệu hóa,2024-05-01,2024-05-01,2024-05-01,25,permanently_inactive_outside_recent_window
Chưa xác định,10.L1.3060.5069,000,Vô hiệu hóa,2024-01-01,2024-11-01,2024-11-01,19,permanently_inactive_outside_recent_window
DNB,10.L1.3060.5069,008,Vô hiệu hóa,2024-01-01,2024-01-01,2024-01-01,29,permanently_inactive_outside_recent_window
DNB,10.L1.3060.5069,019,Vô hiệu hóa,2024-04-01,2025-04-01,2025-04-01,14,permanently_inactive_outside_recent_window
TNB,10.L1.3060.5069,050,Vô hiệu hóa,2024-01-01,2024-07-01,2024-07-01,23,permanently_inactive_outside_recent_window
DNB,10.L1.3060.5069,061,Vô hiệu hóa,2024-01-01,2025-03-01,2025-03-01,15,permanently_inactive_outside_recent_window
TNB,10.L1.3060.5069,063,Vô hiệu hóa,2024-01-01,2025-03-01,2025-03-01,15,permanently_inactive_outside_recent_window
TNB,10.L1.3060.5069,065,Vô hiệu hóa,2024-01-01,2025-03-01,2025-03-01,15,permanently_inactive_outside_recent_window
TNB,10.L1.3060.5069,069,Vô hiệu hóa,2024-01-01,2025-02-01,2025-02-01,16,permanently_inactive_outside_recent_window
TNB,10.L1.3060.5069,073,Vô hiệu hóa,2024-01-01,2025-01-01,2025-01-01,17,permanently_inactive_outside_recent_window
DNB,10.L1.3060.5069,081,Vô hiệu hóa,2024-01-01,2024-11-01,2024-11-01,19,permanently_inactive_outside_recent_window
Chưa xác định,10.L1.3060.5069,222,Vô hiệu hóa,2025-02-01,2025-02-01,2025-02-01,16,permanently_inactive_outside_recent_window
Chưa xác định,10.L1.3060.5071,000,Vô hiệu hóa,2024-01-01,2024-01-01,2024-01-01,29,permanently_inactive_outside_recent_window
MT-TNG,10.L1.3060.5071,001,Vô hiệu hóa,2024-01-01,2024-06-01,2024-06-01,24,permanently_inactive_outside_recent_window
DNB,10.L1.3060.5071,008,Vô hiệu hóa,2024-01-01,2024-01-01,2024-01-01,29,permanently_inactive_outside_recent_window
MT-TNG,10.L1.3060.5071,023,Vô hiệu hóa,2024-03-01,2024-09-01,2024-09-01,21,permanently_inactive_outside_recent_window
TNB,10.L1.3060.5071,050,Vô hiệu hóa,2024-02-01,2024-04-01,2024-04-01,26,permanently_inactive_outside_recent_window
MT-TNG,10.L1.3060.5071,059,Vô hiệu hóa,2024-05-01,2024-10-01,2024-10-01,20,permanently_inactive_outside_recent_window
DNB,10.L1.3060.5071,060,Vô hiệu hóa,2024-01-01,2024-05-01,2024-05-01,25,permanently_inactive_outside_recent_window
TNB,10.L1.3060.5071,065,Vô hiệu hóa,2024-01-01,2024-05-01,2024-05-01,25,permanently_inactive_outside_recent_window
MT-TNG,10.L1.3060.5071,067,Vô hiệu hóa,2024-01-01,2024-01-01,2024-01-01,29,permanently_inactive_outside_recent_window
TNB,10.L1.3060.5071,069,Vô hiệu hóa,2024-01-01,2024-12-01,2024-12-01,18,permanently_inactive_outside_recent_window
MT-TNG,10.L1.3060.5071,071,Vô hiệu hóa,2024-01-01,2024-11-01,2024-11-01,19,permanently_inactive_outside_recent_window
DNB,10.L1.3060.5071,081,Vô hiệu hóa,2024-01-01,2024-09-01,2024-09-01,21,permanently_inactive_outside_recent_window
MT-TNG,10.L1.3060.5072,001,Vô hiệu hóa,2024-06-01,2024-06-01,2024-06-01,24,permanently_inactive_outside_recent_window
DNB,10.L1.3060.5072,008,Vô hiệu hóa,2024-02-01,2024-02-01,2024-02-01,28,permanently_inactive_outside_recent_window
TNB,10.L1.3060.5072,050,Vô hiệu hóa,2024-02-01,2024-02-01,2024-02-01,28,permanently_inactive_outside_recent_window
MT-TNG,10.L1.3060.5072,059,Vô hiệu hóa,2024-10-01,2024-12-01,2024-12-01,18,permanently_inactive_outside_recent_window
DNB,10.L1.3060.5072,060,Vô hiệu hóa,2024-03-01,2024-05-01,2024-05-01,25,permanently_inactive_outside_recent_window
TNB,10.L1.3060.5072,069,Vô hiệu hóa,2024-01-01,2024-01-01,2024-01-01,29,permanently_inactive_outside_recent_window
MT-TNG,10.L1.3060.5072,071,Vô hiệu hóa,2024-05-01,2025-05-01,2025-05-01,13,permanently_inactive_outside_recent_window
Chưa xác định,10.L1.3060.5073,000,Vô hiệu hóa,2024-08-01,2024-08-01,2024-08-01,22,permanently_inactive_outside_recent_window
MT-TNG,10.L1.3060.5073,001,Vô hiệu hóa,2024-02-01,2024-09-01,2024-09-01,21,permanently_inactive_outside_recent_window
TNB,10.L1.3060.5073,050,Vô hiệu hóa,2024-02-01,2024-09-01,2024-09-01,21,permanently_inactive_outside_recent_window
MT-TNG,10.L1.3060.5073,059,Vô hiệu hóa,2024-03-01,2024-12-01,2024-12-01,18,permanently_inactive_outside_recent_window
DNB,10.L1.3060.5077,002,Vô hiệu hóa,2024-01-01,2024-01-01,2024-01-01,29,permanently_inactive_outside_recent_window
DNB,10.L1.3060.5077,008,Vô hiệu hóa,2024-01-01,2024-09-01,2024-09-01,21,permanently_inactive_outside_recent_window
MT-TNG,10.L1.3060.5077,012,Vô hiệu hóa,2024-01-01,2024-01-01,2024-01-01,29,permanently_inactive_outside_recent_window
DNB,10.L1.3060.5077,013,Vô hiệu hóa,2024-01-01,2025-02-01,2025-02-01,16,permanently_inactive_outside_recent_window
MT-TNG,10.L1.3060.5077,014,Vô hiệu hóa,2024-03-01,2024-03-01,2024-03-01,27,permanently_inactive_outside_recent_window
TNB,10.L1.3060.5077,015,Vô hiệu hóa,2024-01-01,2024-11-01,2024-11-01,19,permanently_inactive_outside_recent_window
TNB,10.L1.3060.5077,016,Vô hiệu hóa,2024-03-01,2025-04-01,2025-04-01,14,permanently_inactive_outside_recent_window
DNB,10.L1.3060.5077,019,Vô hiệu hóa,2024-04-01,2025-03-01,2025-03-01,15,permanently_inactive_outside_recent_window
TNB,10.L1.3060.5077,024,Vô hiệu hóa,2024-02-01,2024-11-01,2024-11-01,19,permanently_inactive_outside_recent_window
MT-TNG,10.L1.3060.5077,049,Vô hiệu hóa,2024-03-01,2025-03-01,2025-03-01,15,permanently_inactive_outside_recent_window
MT-TNG,10.L1.3060.5077,067,Vô hiệu hóa,2024-08-01,2024-08-01,2024-08-01,22,permanently_inactive_outside_recent_window
DNB,10.L1.3060.5078,008,Vô hiệu hóa,2024-09-01,2024-09-01,2024-09-01,21,permanently_inactive_outside_recent_window
MT-TNG,10.L1.3060.5078,012,Vô hiệu hóa,2024-01-01,2024-01-01,2024-01-01,29,permanently_inactive_outside_recent_window
DNB,10.L1.3060.5078,013,Vô hiệu hóa,2024-01-01,2025-02-01,2025-02-01,16,permanently_inactive_outside_recent_window
MT-TNG,10.L1.3060.5078,014,Vô hiệu hóa,2024-03-01,2024-03-01,2024-03-01,27,permanently_inactive_outside_recent_window
TNB,10.L1.3060.5078,015,Vô hiệu hóa,2024-01-01,2024-10-01,2024-10-01,20,permanently_inactive_outside_recent_window
DNB,10.L1.3060.5078,019,Vô hiệu hóa,2024-04-01,2025-03-01,2025-03-01,15,permanently_inactive_outside_recent_window
TNB,10.L1.3060.5078,024,Vô hiệu hóa,2024-02-01,2025-02-01,2025-02-01,16,permanently_inactive_outside_recent_window
MT-TNG,10.L1.3060.5078,049,Vô hiệu hóa,2024-05-01,2025-03-01,2025-03-01,15,permanently_inactive_outside_recent_window
DNB,10.L1.3060.5079,008,Vô hiệu hóa,2024-01-01,2024-01-01,2024-01-01,29,permanently_inactive_outside_recent_window
MT-TNG,10.L1.3060.5079,012,Vô hiệu hóa,2024-01-01,2024-01-01,2024-01-01,29,permanently_inactive_outside_recent_window
DNB,10.L1.3060.5079,013,Vô hiệu hóa,2024-01-01,2024-08-01,2024-08-01,22,permanently_inactive_outside_recent_window
DNB,10.L1.3060.5079,019,Vô hiệu hóa,2024-04-01,2025-02-01,2025-02-01,16,permanently_inactive_outside_recent_window
TNB,10.L1.3060.5079,024,Vô hiệu hóa,2024-02-01,2024-09-01,2024-09-01,21,permanently_inactive_outside_recent_window
MT-TNG,10.L1.3060.5079,049,Vô hiệu hóa,2024-04-01,2025-03-01,2025-03-01,15,permanently_inactive_outside_recent_window
MT-TNG,10.L1.3060.5079,067,Vô hiệu hóa,2024-01-01,2024-08-01,2024-08-01,22,permanently_inactive_outside_recent_window
MT-TNG,10.L1.3060.5084,001,Vô hiệu hóa,2024-05-01,2024-05-01,2024-05-01,25,permanently_inactive_outside_recent_window
MT-TNG,10.L1.3060.5084,064,Vô hiệu hóa,2024-09-01,2024-09-01,2024-09-01,21,permanently_inactive_outside_recent_window
MT-TNG,10.L1.3060.5085,064,Vô hiệu hóa,2024-09-01,2024-09-01,2024-09-01,21,permanently_inactive_outside_recent_window
DNB,10.L1.3060.5741,061,Vô hiệu hóa,2024-08-01,2024-08-01,2024-08-01,22,permanently_inactive_outside_recent_window
TNB,10.L1.3060.5741,069,Vô hiệu hóa,2024-01-01,2024-01-01,2024-01-01,29,permanently_inactive_outside_recent_window
MT-TNG,10.L1.3060.5741,071,Vô hiệu hóa,2024-05-01,2024-05-01,2024-05-01,25,permanently_inactive_outside_recent_window
DNB,10.L1.3060.5741,076,Vô hiệu hóa,2024-01-01,2024-11-01,2024-11-01,19,permanently_inactive_outside_recent_window
Chưa xác định,10.L1.3060.5741,222,Vô hiệu hóa,2024-01-01,2024-08-01,2024-08-01,22,permanently_inactive_outside_recent_window
Chưa xác định,10.L1.3060.5742,222,Vô hiệu hóa,2024-01-01,2024-01-01,2024-01-01,29,permanently_inactive_outside_recent_window
MT-TNG,10.L1.3060.5743,012,Vô hiệu hóa,2024-12-01,2024-12-01,2024-12-01,18,permanently_inactive_outside_recent_window
DNB,10.L1.3060.5743,061,Vô hiệu hóa,2024-07-01,2024-07-01,2024-07-01,23,permanently_inactive_outside_recent_window
MT-TNG,10.L1.3060.5743,071,Vô hiệu hóa,2024-04-01,2024-05-01,2024-05-01,25,permanently_inactive_outside_recent_window
MT-TNG,10.L1.3060.5744,012,Vô hiệu hóa,2024-07-01,2024-07-01,2024-07-01,23,permanently_inactive_outside_recent_window
MT-TNG,10.L1.3060.5744,071,Vô hiệu hóa,2024-05-01,2024-05-01,2024-05-01,25,permanently_inactive_outside_recent_window
MT-TNG,10.L1.3060.5745,012,Vô hiệu hóa,2024-07-01,2024-07-01,2024-07-01,23,permanently_inactive_outside_recent_window
MT-TNG,10.L1.3060.5747,071,Vô hiệu hóa,2024-05-01,2024-05-01,2024-05-01,25,permanently_inactive_outside_recent_window
DNB,10.L1.3060.5747,081,Vô hiệu hóa,2024-06-01,2024-06-01,2024-06-01,24,permanently_inactive_outside_recent_window
MT-TNG,10.L1.3060.5748,071,Vô hiệu hóa,2024-05-01,2024-09-01,2024-09-01,21,permanently_inactive_outside_recent_window
MT-TNG,10.L1.3060.5749,071,Vô hiệu hóa,2024-07-01,2024-07-01,2024-07-01,23,permanently_inactive_outside_recent_window
DNB,10.L1.3060.5751,061,Vô hiệu hóa,2024-07-01,2024-08-01,2024-08-01,22,permanently_inactive_outside_recent_window
MT-TNG,10.L1.3060.5751,071,Vô hiệu hóa,2024-03-01,2024-08-01,2024-08-01,22,permanently_inactive_outside_recent_window
DNB,10.L1.3060.5752,061,Vô hiệu hóa,2024-08-01,2024-08-01,2024-08-01,22,permanently_inactive_outside_recent_window
MT-TNG,10.L1.3060.5752,071,Vô hiệu hóa,2024-08-01,2024-08-01,2024-08-01,22,permanently_inactive_outside_recent_window
DNB,10.L1.3060.5752,081,Vô hiệu hóa,2025-04-01,2025-04-01,2025-04-01,14,permanently_inactive_outside_recent_window
MT-TNG,10.L1.3060.5753,071,Vô hiệu hóa,2024-03-01,2024-08-01,2024-08-01,22,permanently_inactive_outside_recent_window
DNB,10.L1.3060.5757,010,Vô hiệu hóa,2024-01-01,2024-01-01,2024-01-01,29,permanently_inactive_outside_recent_window
TNB,10.L1.3060.5757,011,Vô hiệu hóa,2024-01-01,2024-05-01,2024-05-01,25,permanently_inactive_outside_recent_window
MT-TNG,10.L1.3060.5757,012,Vô hiệu hóa,2024-03-01,2024-03-01,2024-03-01,27,permanently_inactive_outside_recent_window
TNB,10.L1.3060.5757,015,Vô hiệu hóa,2024-01-01,2024-01-01,2024-01-01,29,permanently_inactive_outside_recent_window
TNB,10.L1.3060.5757,017,Vô hiệu hóa,2024-01-01,2024-03-01,2024-03-01,27,permanently_inactive_outside_recent_window
DNB,10.L1.3060.5757,019,Vô hiệu hóa,2024-01-01,2024-03-01,2024-03-01,27,permanently_inactive_outside_recent_window
DNB,10.L1.3060.5757,022,Vô hiệu hóa,2024-01-01,2024-07-01,2024-07-01,23,permanently_inactive_outside_recent_window
MT-TNG,10.L1.3060.5757,023,Vô hiệu hóa,2024-01-01,2024-03-01,2024-03-01,27,permanently_inactive_outside_recent_window
TNB,10.L1.3060.5757,024,Vô hiệu hóa,2024-01-01,2024-03-01,2024-03-01,27,permanently_inactive_outside_recent_window
MT-TNG,10.L1.3060.5757,049,Vô hiệu hóa,2024-01-01,2024-03-01,2024-03-01,27,permanently_inactive_outside_recent_window
MT-TNG,10.L1.3060.5757,059,Vô hiệu hóa,2024-01-01,2025-03-01,2025-03-01,15,permanently_inactive_outside_recent_window
MT-TNG,10.L1.3060.5757,070,Vô hiệu hóa,2024-01-01,2024-02-01,2024-02-01,28,permanently_inactive_outside_recent_window
MT-TNG,10.L1.3060.5757,095,Vô hiệu hóa,2024-01-01,2024-01-01,2024-01-01,29,permanently_inactive_outside_recent_window
MT-TNG,10.L1.3060.5757,099,Vô hiệu hóa,2024-03-01,2024-03-01,2024-03-01,27,permanently_inactive_outside_recent_window
TNB,10.L1.3060.5758,011,Vô hiệu hóa,2024-01-01,2025-01-01,2025-01-01,17,permanently_inactive_outside_recent_window
DNB,10.L1.3060.5758,013,Vô hiệu hóa,2024-01-01,2024-05-01,2024-05-01,25,permanently_inactive_outside_recent_window
MT-TNG,10.L1.3060.5758,014,Vô hiệu hóa,2024-01-01,2024-06-01,2024-06-01,24,permanently_inactive_outside_recent_window
TNB,10.L1.3060.5758,017,Vô hiệu hóa,2024-03-01,2024-03-01,2024-03-01,27,permanently_inactive_outside_recent_window
DNB,10.L1.3060.5758,022,Vô hiệu hóa,2024-07-01,2024-07-01,2024-07-01,23,permanently_inactive_outside_recent_window
MT-TNG,10.L1.3060.5758,023,Vô hiệu hóa,2024-01-01,2024-12-01,2024-12-01,18,permanently_inactive_outside_recent_window
TNB,10.L1.3060.5758,024,Vô hiệu hóa,2024-01-01,2024-03-01,2024-03-01,27,permanently_inactive_outside_recent_window
MT-TNG,10.L1.3060.5758,049,Vô hiệu hóa,2024-03-01,2024-04-01,2024-04-01,26,permanently_inactive_outside_recent_window
MT-TNG,10.L1.3060.5758,059,Vô hiệu hóa,2024-01-01,2025-03-01,2025-03-01,15,permanently_inactive_outside_recent_window
MT-TNG,10.L1.3060.5758,095,Vô hiệu hóa,2024-01-01,2024-01-01,2024-01-01,29,permanently_inactive_outside_recent_window
DNB,10.L1.3060.5759,002,Vô hiệu hóa,2024-01-01,2024-01-01,2024-01-01,29,permanently_inactive_outside_recent_window
TNB,10.L1.3060.5759,011,Vô hiệu hóa,2024-01-01,2025-01-01,2025-01-01,17,permanently_inactive_outside_recent_window
TNB,10.L1.3060.5759,015,Vô hiệu hóa,2024-01-01,2024-01-01,2024-01-01,29,permanently_inactive_outside_recent_window
TNB,10.L1.3060.5759,017,Vô hiệu hóa,2024-03-01,2024-03-01,2024-03-01,27,permanently_inactive_outside_recent_window
DNB,10.L1.3060.5759,019,Vô hiệu hóa,2024-01-01,2024-01-01,2024-01-01,29,permanently_inactive_outside_recent_window
DNB,10.L1.3060.5759,022,Vô hiệu hóa,2024-01-01,2024-07-01,2024-07-01,23,permanently_inactive_outside_recent_window
MT-TNG,10.L1.3060.5759,023,Vô hiệu hóa,2024-01-01,2024-03-01,2024-03-01,27,permanently_inactive_outside_recent_window
TNB,10.L1.3060.5759,024,Vô hiệu hóa,2024-01-01,2024-03-01,2024-03-01,27,permanently_inactive_outside_recent_window
MT-TNG,10.L1.3060.5759,049,Vô hiệu hóa,2024-01-01,2024-04-01,2024-04-01,26,permanently_inactive_outside_recent_window
MT-TNG,10.L1.3060.5759,059,Vô hiệu hóa,2024-03-01,2025-03-01,2025-03-01,15,permanently_inactive_outside_recent_window
MT-TNG,10.L1.3060.5759,070,Vô hiệu hóa,2024-02-01,2024-02-01,2024-02-01,28,permanently_inactive_outside_recent_window
MT-TNG,10.L1.3060.5759,095,Vô hiệu hóa,2024-01-01,2024-01-01,2024-01-01,29,permanently_inactive_outside_recent_window
Chưa xác định,10.L1.3060.5761,000,Vô hiệu hóa,2024-05-01,2024-07-01,2024-07-01,23,permanently_inactive_outside_recent_window
MT-TNG,10.L1.3060.5761,012,Vô hiệu hóa,2024-01-01,2025-03-01,2025-03-01,15,permanently_inactive_outside_recent_window
DNB,10.L1.3060.5761,019,Vô hiệu hóa,2024-02-01,2024-02-01,2024-02-01,28,permanently_inactive_outside_recent_window
TNB,10.L1.3060.5761,024,Vô hiệu hóa,2024-01-01,2024-07-01,2024-07-01,23,permanently_inactive_outside_recent_window
TNB,10.L1.3060.5761,050,Vô hiệu hóa,2024-01-01,2024-07-01,2024-07-01,23,permanently_inactive_outside_recent_window
MT-TNG,10.L1.3060.5761,059,Vô hiệu hóa,2024-01-01,2024-06-01,2024-06-01,24,permanently_inactive_outside_recent_window
TNB,10.L1.3060.5761,065,Vô hiệu hóa,2024-03-01,2024-03-01,2024-03-01,27,permanently_inactive_outside_recent_window
TNB,10.L1.3060.5761,069,Vô hiệu hóa,2024-01-01,2024-05-01,2024-05-01,25,permanently_inactive_outside_recent_window
MT-TNG,10.L1.3060.5761,070,Vô hiệu hóa,2024-01-01,2024-01-01,2024-01-01,29,permanently_inactive_outside_recent_window
DNB,10.L1.3060.5761,076,Vô hiệu hóa,2024-05-01,2024-07-01,2024-07-01,23,permanently_inactive_outside_recent_window
DNB,10.L1.3060.5761,081,Vô hiệu hóa,2024-01-01,2024-07-01,2024-07-01,23,permanently_inactive_outside_recent_window
DNB,10.L1.3060.5761,094,Vô hiệu hóa,2024-01-01,2024-01-01,2024-01-01,29,permanently_inactive_outside_recent_window
Chưa xác định,10.L1.3060.5761,222,Vô hiệu hóa,2024-05-01,2024-05-01,2024-05-01,25,permanently_inactive_outside_recent_window
MT-TNG,10.L1.3060.5762,012,Vô hiệu hóa,2024-01-01,2025-03-01,2025-03-01,15,permanently_inactive_outside_recent_window
DNB,10.L1.3060.5762,019,Vô hiệu hóa,2024-02-01,2024-02-01,2024-02-01,28,permanently_inactive_outside_recent_window
TNB,10.L1.3060.5762,024,Vô hiệu hóa,2024-06-01,2024-06-01,2024-06-01,24,permanently_inactive_outside_recent_window
TNB,10.L1.3060.5762,050,Vô hiệu hóa,2024-01-01,2024-10-01,2024-10-01,20,permanently_inactive_outside_recent_window
TNB,10.L1.3060.5762,069,Vô hiệu hóa,2024-02-01,2024-06-01,2024-06-01,24,permanently_inactive_outside_recent_window
MT-TNG,10.L1.3060.5762,071,Vô hiệu hóa,2025-04-01,2025-04-01,2025-04-01,14,permanently_inactive_outside_recent_window
DNB,10.L1.3060.5762,076,Vô hiệu hóa,2024-04-01,2024-04-01,2024-04-01,26,permanently_inactive_outside_recent_window
DNB,10.L1.3060.5762,081,Vô hiệu hóa,2024-06-01,2024-06-01,2024-06-01,24,permanently_inactive_outside_recent_window
Chưa xác định,10.L1.3060.5762,222,Vô hiệu hóa,2024-05-01,2024-05-01,2024-05-01,25,permanently_inactive_outside_recent_window
Chưa xác định,10.L1.3060.5763,000,Vô hiệu hóa,2024-03-01,2024-03-01,2024-03-01,27,permanently_inactive_outside_recent_window
MT-TNG,10.L1.3060.5763,012,Vô hiệu hóa,2024-01-01,2025-03-01,2025-03-01,15,permanently_inactive_outside_recent_window
DNB,10.L1.3060.5763,019,Vô hiệu hóa,2024-02-01,2024-02-01,2024-02-01,28,permanently_inactive_outside_recent_window
TNB,10.L1.3060.5763,024,Vô hiệu hóa,2024-01-01,2024-06-01,2024-06-01,24,permanently_inactive_outside_recent_window
TNB,10.L1.3060.5763,050,Vô hiệu hóa,2024-01-01,2024-07-01,2024-07-01,23,permanently_inactive_outside_recent_window
MT-TNG,10.L1.3060.5763,059,Vô hiệu hóa,2024-02-01,2024-06-01,2024-06-01,24,permanently_inactive_outside_recent_window
TNB,10.L1.3060.5763,063,Vô hiệu hóa,2024-01-01,2024-05-01,2024-05-01,25,permanently_inactive_outside_recent_window
TNB,10.L1.3060.5763,069,Vô hiệu hóa,2024-01-01,2024-05-01,2024-05-01,25,permanently_inactive_outside_recent_window
MT-TNG,10.L1.3060.5763,071,Vô hiệu hóa,2024-04-01,2024-04-01,2024-04-01,26,permanently_inactive_outside_recent_window
DNB,10.L1.3060.5763,076,Vô hiệu hóa,2024-04-01,2024-05-01,2024-05-01,25,permanently_inactive_outside_recent_window
DNB,10.L1.3060.5763,081,Vô hiệu hóa,2024-01-01,2024-06-01,2024-06-01,24,permanently_inactive_outside_recent_window
DNB,10.L1.3060.5763,094,Vô hiệu hóa,2024-01-01,2024-01-01,2024-01-01,29,permanently_inactive_outside_recent_window
Chưa xác định,10.L1.3060.5763,222,Vô hiệu hóa,2024-01-01,2024-05-01,2024-05-01,25,permanently_inactive_outside_recent_window
MT-TNG,10.L1.3060.5765,072,Vô hiệu hóa,2024-03-01,2024-03-01,2024-03-01,27,permanently_inactive_outside_recent_window
MT-TNG,10.L1.3060.5766,001,Vô hiệu hóa,2024-03-01,2024-03-01,2024-03-01,27,permanently_inactive_outside_recent_window
MT-TNG,10.L1.3060.5766,072,Vô hiệu hóa,2024-03-01,2024-03-01,2024-03-01,27,permanently_inactive_outside_recent_window
MT-TNG,10.L1.3060.5771,023,Vô hiệu hóa,2024-06-01,2024-06-01,2024-06-01,24,permanently_inactive_outside_recent_window
TNB,10.L1.3060.5771,050,Vô hiệu hóa,2024-08-01,2024-08-01,2024-08-01,22,permanently_inactive_outside_recent_window
MT-TNG,10.L1.3060.5771,059,Vô hiệu hóa,2024-04-01,2024-09-01,2024-09-01,21,permanently_inactive_outside_recent_window
MT-TNG,10.L1.3060.5772,071,Vô hiệu hóa,2024-05-01,2024-05-01,2024-05-01,25,permanently_inactive_outside_recent_window
MT-TNG,10.L1.3060.5773,059,Vô hiệu hóa,2024-04-01,2024-04-01,2024-04-01,26,permanently_inactive_outside_recent_window
MT-TNG,10.L1.3060.5773,071,Vô hiệu hóa,2024-05-01,2024-09-01,2024-09-01,21,permanently_inactive_outside_recent_window
MT-TNG,10.L1.3060.5774,023,Vô hiệu hóa,2024-10-01,2024-10-01,2024-10-01,20,permanently_inactive_outside_recent_window
DNB,10.L1.3060.5774,061,Vô hiệu hóa,2024-08-01,2024-08-01,2024-08-01,22,permanently_inactive_outside_recent_window
MT-TNG,10.L1.3060.5774,072,Vô hiệu hóa,2024-09-01,2024-09-01,2024-09-01,21,permanently_inactive_outside_recent_window
TNB,10.L1.3060.5774,073,Vô hiệu hóa,2024-09-01,2024-09-01,2024-09-01,21,permanently_inactive_outside_recent_window
DNB,10.L1.3060.5775,061,Vô hiệu hóa,2024-08-01,2024-08-01,2024-08-01,22,permanently_inactive_outside_recent_window
MT-TNG,10.L1.3060.5775,071,Vô hiệu hóa,2024-05-01,2024-05-01,2024-05-01,25,permanently_inactive_outside_recent_window
TNB,10.L1.3060.5776,050,Vô hiệu hóa,2024-08-01,2024-08-01,2024-08-01,22,permanently_inactive_outside_recent_window
MT-TNG,10.L1.3060.5776,072,Vô hiệu hóa,2024-04-01,2024-04-01,2024-04-01,26,permanently_inactive_outside_recent_window
MT-TNG,10.L1.3060.5777,012,Vô hiệu hóa,2025-01-01,2025-04-01,2025-04-01,14,permanently_inactive_outside_recent_window
MT-TNG,10.L1.3060.5777,023,Vô hiệu hóa,2024-01-01,2024-06-01,2024-06-01,24,permanently_inactive_outside_recent_window
MT-TNG,10.L1.3060.5777,059,Vô hiệu hóa,2024-03-01,2024-03-01,2024-03-01,27,permanently_inactive_outside_recent_window
DNB,10.L1.3060.5777,061,Vô hiệu hóa,2024-03-01,2025-03-01,2025-03-01,15,permanently_inactive_outside_recent_window
TNB,10.L1.3060.5777,069,Vô hiệu hóa,2024-01-01,2024-03-01,2024-03-01,27,permanently_inactive_outside_recent_window
MT-TNG,10.L1.3060.5777,072,Vô hiệu hóa,2024-03-01,2024-03-01,2024-03-01,27,permanently_inactive_outside_recent_window
DNB,10.L1.3060.5777,076,Vô hiệu hóa,2024-02-01,2024-03-01,2024-03-01,27,permanently_inactive_outside_recent_window
DNB,10.L1.3060.5777,081,Vô hiệu hóa,2024-06-01,2024-06-01,2024-06-01,24,permanently_inactive_outside_recent_window
Chưa xác định,10.L1.3060.5777,222,Vô hiệu hóa,2024-04-01,2024-04-01,2024-04-01,26,permanently_inactive_outside_recent_window
Chưa xác định,10.L1.3060.5778,000,Vô hiệu hóa,2024-01-01,2024-01-01,2024-01-01,29,permanently_inactive_outside_recent_window
MT-TNG,10.L1.3060.5778,001,Vô hiệu hóa,2024-05-01,2024-05-01,2024-05-01,25,permanently_inactive_outside_recent_window
MT-TNG,10.L1.3060.5778,012,Vô hiệu hóa,2025-04-01,2025-04-01,2025-04-01,14,permanently_inactive_outside_recent_window
MT-TNG,10.L1.3060.5778,023,Vô hiệu hóa,2024-06-01,2024-06-01,2024-06-01,24,permanently_inactive_outside_recent_window
TNB,10.L1.3060.5778,050,Vô hiệu hóa,2024-06-01,2024-06-01,2024-06-01,24,permanently_inactive_outside_recent_window
DNB,10.L1.3060.5778,060,Vô hiệu hóa,2024-05-01,2024-05-01,2024-05-01,25,permanently_inactive_outside_recent_window
DNB,10.L1.3060.5778,061,Vô hiệu hóa,2025-03-01,2025-03-01,2025-03-01,15,permanently_inactive_outside_recent_window
TNB,10.L1.3060.5778,069,Vô hiệu hóa,2024-01-01,2024-01-01,2024-01-01,29,permanently_inactive_outside_recent_window
MT-TNG,10.L1.3060.5778,071,Vô hiệu hóa,2024-03-01,2025-04-01,2025-04-01,14,permanently_inactive_outside_recent_window
MT-TNG,10.L1.3060.5778,072,Vô hiệu hóa,2024-03-01,2024-03-01,2024-03-01,27,permanently_inactive_outside_recent_window
DNB,10.L1.3060.5778,076,Vô hiệu hóa,2024-02-01,2024-03-01,2024-03-01,27,permanently_inactive_outside_recent_window
DNB,10.L1.3060.5778,081,Vô hiệu hóa,2024-06-01,2024-06-01,2024-06-01,24,permanently_inactive_outside_recent_window
Chưa xác định,10.L1.3060.5778,222,Vô hiệu hóa,2024-03-01,2024-04-01,2024-04-01,26,permanently_inactive_outside_recent_window
MT-TNG,10.L1.3060.5779,001,Vô hiệu hóa,2024-05-01,2024-05-01,2024-05-01,25,permanently_inactive_outside_recent_window
MT-TNG,10.L1.3060.5779,023,Vô hiệu hóa,2024-01-01,2024-01-01,2024-01-01,29,permanently_inactive_outside_recent_window
TNB,10.L1.3060.5779,050,Vô hiệu hóa,2024-01-01,2024-06-01,2024-06-01,24,permanently_inactive_outside_recent_window
MT-TNG,10.L1.3060.5779,059,Vô hiệu hóa,2024-03-01,2024-06-01,2024-06-01,24,permanently_inactive_outside_recent_window
TNB,10.L1.3060.5779,063,Vô hiệu hóa,2024-01-01,2024-07-01,2024-07-01,23,permanently_inactive_outside_recent_window
TNB,10.L1.3060.5779,069,Vô hiệu hóa,2024-01-01,2024-01-01,2024-01-01,29,permanently_inactive_outside_recent_window
MT-TNG,10.L1.3060.5779,072,Vô hiệu hóa,2024-03-01,2024-03-01,2024-03-01,27,permanently_inactive_outside_recent_window
DNB,10.L1.3060.5779,076,Vô hiệu hóa,2024-02-01,2024-02-01,2024-02-01,28,permanently_inactive_outside_recent_window
DNB,10.L1.3060.5779,081,Vô hiệu hóa,2024-06-01,2024-06-01,2024-06-01,24,permanently_inactive_outside_recent_window
Chưa xác định,10.L1.3060.5779,222,Vô hiệu hóa,2024-04-01,2024-04-01,2024-04-01,26,permanently_inactive_outside_recent_window
TNB,10.L1.3060.5781,017,Vô hiệu hóa,2024-01-01,2024-01-01,2024-01-01,29,permanently_inactive_outside_recent_window
TNB,10.L1.3060.5781,073,Vô hiệu hóa,2024-09-01,2024-09-01,2024-09-01,21,permanently_inactive_outside_recent_window
MT-TNG,10.L1.3060.5781,078,Vô hiệu hóa,2024-01-01,2024-02-01,2024-02-01,28,permanently_inactive_outside_recent_window
TNB,10.L1.3060.5782,017,Vô hiệu hóa,2024-09-01,2024-09-01,2024-09-01,21,permanently_inactive_outside_recent_window
MT-TNG,10.L1.3060.5782,078,Vô hiệu hóa,2024-02-01,2024-02-01,2024-02-01,28,permanently_inactive_outside_recent_window
TNB,10.L1.3060.5783,017,Vô hiệu hóa,2024-01-01,2024-09-01,2024-09-01,21,permanently_inactive_outside_recent_window
MT-TNG,10.L1.3060.5783,064,Vô hiệu hóa,2024-01-01,2024-01-01,2024-01-01,29,permanently_inactive_outside_recent_window
TNB,10.L1.3060.5783,073,Vô hiệu hóa,2024-01-01,2024-09-01,2024-09-01,21,permanently_inactive_outside_recent_window
MT-TNG,10.L1.3060.5783,078,Vô hiệu hóa,2024-02-01,2024-02-01,2024-02-01,28,permanently_inactive_outside_recent_window
DNB,10.L1.3060.5784,013,Vô hiệu hóa,2024-04-01,2024-07-01,2024-07-01,23,permanently_inactive_outside_recent_window
DNB,10.L1.3060.5785,013,Vô hiệu hóa,2024-07-01,2024-07-01,2024-07-01,23,permanently_inactive_outside_recent_window
MT-TNG,10.L1.3060.5787,001,Vô hiệu hóa,2024-03-01,2024-03-01,2024-03-01,27,permanently_inactive_outside_recent_window
DNB,10.L1.3060.5787,002,Vô hiệu hóa,2024-01-01,2024-05-01,2024-05-01,25,permanently_inactive_outside_recent_window
DNB,10.L1.3060.5787,008,Vô hiệu hóa,2024-04-01,2025-05-01,2025-05-01,13,permanently_inactive_outside_recent_window
DNB,10.L1.3060.5787,013,Vô hiệu hóa,2024-01-01,2024-04-01,2024-04-01,26,permanently_inactive_outside_recent_window
TNB,10.L1.3060.5787,015,Vô hiệu hóa,2024-01-01,2024-09-01,2024-09-01,21,permanently_inactive_outside_recent_window
TNB,10.L1.3060.5787,024,Vô hiệu hóa,2024-03-01,2024-03-01,2024-03-01,27,permanently_inactive_outside_recent_window
MT-TNG,10.L1.3060.5788,012,Vô hiệu hóa,2024-11-01,2024-11-01,2024-11-01,19,permanently_inactive_outside_recent_window
TNB,10.L1.3060.5788,015,Vô hiệu hóa,2024-01-01,2024-01-01,2024-01-01,29,permanently_inactive_outside_recent_window
MT-TNG,10.L1.3060.5789,001,Vô hiệu hóa,2024-03-01,2024-03-01,2024-03-01,27,permanently_inactive_outside_recent_window
DNB,10.L1.3060.5789,008,Vô hiệu hóa,2024-04-01,2024-04-01,2024-04-01,26,permanently_inactive_outside_recent_window
MT-TNG,10.L1.3060.5789,012,Vô hiệu hóa,2024-11-01,2024-11-01,2024-11-01,19,permanently_inactive_outside_recent_window
MT-TNG,10.L1.3060.5791,001,Vô hiệu hóa,2024-05-01,2024-05-01,2024-05-01,25,permanently_inactive_outside_recent_window
DNB,10.L1.3060.5791,008,Vô hiệu hóa,2024-01-01,2024-01-01,2024-01-01,29,permanently_inactive_outside_recent_window
MT-TNG,10.L1.3060.5791,023,Vô hiệu hóa,2024-01-01,2024-06-01,2024-06-01,24,permanently_inactive_outside_recent_window
TNB,10.L1.3060.5791,024,Vô hiệu hóa,2024-03-01,2024-03-01,2024-03-01,27,permanently_inactive_outside_recent_window
MT-TNG,10.L1.3060.5791,059,Vô hiệu hóa,2024-04-01,2024-05-01,2024-05-01,25,permanently_inactive_outside_recent_window
MT-TNG,10.L1.3060.5792,001,Vô hiệu hóa,2024-01-01,2024-05-01,2024-05-01,25,permanently_inactive_outside_recent_window
TNB,10.L1.3060.5792,017,Vô hiệu hóa,2024-01-01,2024-12-01,2024-12-01,18,permanently_inactive_outside_recent_window
MT-TNG,10.L1.3060.5792,023,Vô hiệu hóa,2024-06-01,2024-06-01,2024-06-01,24,permanently_inactive_outside_recent_window
TNB,10.L1.3060.5792,024,Vô hiệu hóa,2025-02-01,2025-02-01,2025-02-01,16,permanently_inactive_outside_recent_window
MT-TNG,10.L1.3060.5792,059,Vô hiệu hóa,2024-01-01,2024-05-01,2024-05-01,25,permanently_inactive_outside_recent_window
MT-TNG,10.L1.3060.5793,001,Vô hiệu hóa,2024-01-01,2024-01-01,2024-01-01,29,permanently_inactive_outside_recent_window
DNB,10.L1.3060.5793,008,Vô hiệu hóa,2024-01-01,2024-01-01,2024-01-01,29,permanently_inactive_outside_recent_window
TNB,10.L1.3060.5793,017,Vô hiệu hóa,2024-01-01,2024-07-01,2024-07-01,23,permanently_inactive_outside_recent_window
MT-TNG,10.L1.3060.5793,023,Vô hiệu hóa,2024-01-01,2024-03-01,2024-03-01,27,permanently_inactive_outside_recent_window
TNB,10.L1.3060.5793,024,Vô hiệu hóa,2024-03-01,2025-02-01,2025-02-01,16,permanently_inactive_outside_recent_window
MT-TNG,10.L1.3060.5793,059,Vô hiệu hóa,2024-05-01,2024-05-01,2024-05-01,25,permanently_inactive_outside_recent_window
MT-TNG,10.L1.3060.68001,067,Vô hiệu hóa,2024-09-01,2024-12-01,2024-12-01,18,permanently_inactive_outside_recent_window
DNB,10.L1.3060.68002,022,Vô hiệu hóa,2024-11-01,2025-04-01,2025-04-01,14,permanently_inactive_outside_recent_window
MT-TNG,10.L1.3060.68003,067,Vô hiệu hóa,2024-09-01,2024-12-01,2024-12-01,18,permanently_inactive_outside_recent_window
Chưa xác định,10.L1.3060.68004,000,Vô hiệu hóa,2024-06-01,2024-06-01,2024-06-01,24,permanently_inactive_outside_recent_window
TNB,10.L1.3060.68004,050,Vô hiệu hóa,2024-08-01,2025-04-01,2025-04-01,14,permanently_inactive_outside_recent_window
DNB,10.L1.3060.68004,060,Vô hiệu hóa,2024-09-01,2025-03-01,2025-03-01,15,permanently_inactive_outside_recent_window
TNB,10.L1.3060.68004,069,Vô hiệu hóa,2024-07-01,2025-04-01,2025-04-01,14,permanently_inactive_outside_recent_window
TNB,10.L1.3060.68004,073,Vô hiệu hóa,2024-08-01,2025-05-01,2025-05-01,13,permanently_inactive_outside_recent_window
DNB,10.L1.3060.68004,076,Vô hiệu hóa,2024-10-01,2024-12-01,2024-12-01,18,permanently_inactive_outside_recent_window
DNB,10.L1.3060.68004,081,Vô hiệu hóa,2024-07-01,2025-04-01,2025-04-01,14,permanently_inactive_outside_recent_window
DNB,10.L1.3060.68004,094,Vô hiệu hóa,2024-11-01,2025-04-01,2025-04-01,14,permanently_inactive_outside_recent_window
Chưa xác định,10.L1.3060.68004,222,Vô hiệu hóa,2025-04-01,2025-04-01,2025-04-01,14,permanently_inactive_outside_recent_window
Chưa xác định,10.L1.3060.68005,000,Vô hiệu hóa,2024-06-01,2024-06-01,2024-06-01,24,permanently_inactive_outside_recent_window
DNB,10.L1.3060.68005,060,Vô hiệu hóa,2024-09-01,2025-03-01,2025-03-01,15,permanently_inactive_outside_recent_window
DNB,10.L1.3060.68005,076,Vô hiệu hóa,2024-11-01,2024-11-01,2024-11-01,19,permanently_inactive_outside_recent_window
DNB,10.L1.3060.68005,081,Vô hiệu hóa,2025-04-01,2025-04-01,2025-04-01,14,permanently_inactive_outside_recent_window
DNB,10.L1.3060.68005,094,Vô hiệu hóa,2024-11-01,2025-05-01,2025-05-01,13,permanently_inactive_outside_recent_window
Chưa xác định,10.L1.3060.68005,222,Vô hiệu hóa,2025-04-01,2025-05-01,2025-05-01,13,permanently_inactive_outside_recent_window
Chưa xác định,10.L1.3060.68006,000,Vô hiệu hóa,2024-06-01,2025-04-01,2025-04-01,14,permanently_inactive_outside_recent_window
DNB,10.L1.3060.68006,060,Vô hiệu hóa,2024-09-01,2025-03-01,2025-03-01,15,permanently_inactive_outside_recent_window
TNB,10.L1.3060.68006,073,Vô hiệu hóa,2024-08-01,2025-05-01,2025-05-01,13,permanently_inactive_outside_recent_window
DNB,10.L1.3060.68006,076,Vô hiệu hóa,2024-11-01,2024-12-01,2024-12-01,18,permanently_inactive_outside_recent_window
DNB,10.L1.3060.68006,081,Vô hiệu hóa,2024-08-01,2025-04-01,2025-04-01,14,permanently_inactive_outside_recent_window
DNB,10.L1.3060.68006,094,Vô hiệu hóa,2024-11-01,2025-04-01,2025-04-01,14,permanently_inactive_outside_recent_window
Chưa xác định,10.L1.3060.68006,222,Vô hiệu hóa,2025-04-01,2025-04-01,2025-04-01,14,permanently_inactive_outside_recent_window
DNB,10.L1.3060.68007,008,Vô hiệu hóa,2024-07-01,2025-05-01,2025-05-01,13,permanently_inactive_outside_recent_window
DNB,10.L1.3060.68007,013,Vô hiệu hóa,2025-05-01,2025-05-01,2025-05-01,13,permanently_inactive_outside_recent_window
DNB,10.L1.3060.68008,008,Vô hiệu hóa,2024-10-01,2025-05-01,2025-05-01,13,permanently_inactive_outside_recent_window
TNB,10.L1.3060.68008,017,Vô hiệu hóa,2025-03-01,2025-04-01,2025-04-01,14,permanently_inactive_outside_recent_window
TNB,10.L1.3060.68008,018,Vô hiệu hóa,2024-07-01,2025-05-01,2025-05-01,13,permanently_inactive_outside_recent_window
DNB,10.L1.3060.68009,008,Vô hiệu hóa,2024-10-01,2025-05-01,2025-05-01,13,permanently_inactive_outside_recent_window
DNB,10.L1.3060.68009,013,Vô hiệu hóa,2025-05-01,2025-05-01,2025-05-01,13,permanently_inactive_outside_recent_window
TNB,10.L1.3060.68009,015,Vô hiệu hóa,2024-07-01,2025-02-01,2025-02-01,16,permanently_inactive_outside_recent_window
TNB,10.L1.3060.68009,018,Vô hiệu hóa,2024-07-01,2025-04-01,2025-04-01,14,permanently_inactive_outside_recent_window
DNB,10.L1.3060.68011,076,Vô hiệu hóa,2024-08-01,2025-03-01,2025-03-01,15,permanently_inactive_outside_recent_window
DNB,10.L1.3060.68011,081,Vô hiệu hóa,2024-07-01,2025-02-01,2025-02-01,16,permanently_inactive_outside_recent_window
DNB,10.L1.3060.68011,094,Vô hiệu hóa,2024-08-01,2025-05-01,2025-05-01,13,permanently_inactive_outside_recent_window
Chưa xác định,10.L1.3060.68012,000,Vô hiệu hóa,2024-06-01,2024-06-01,2024-06-01,24,permanently_inactive_outside_recent_window
DNB,10.L1.3060.68012,076,Vô hiệu hóa,2024-12-01,2025-01-01,2025-01-01,17,permanently_inactive_outside_recent_window
DNB,10.L1.3060.68012,081,Vô hiệu hóa,2024-07-01,2025-02-01,2025-02-01,16,permanently_inactive_outside_recent_window
Chưa xác định,10.L1.3060.68013,000,Vô hiệu hóa,2024-06-01,2025-02-01,2025-02-01,16,permanently_inactive_outside_recent_window
TNB,10.L1.3060.68013,050,Vô hiệu hóa,2024-07-01,2025-04-01,2025-04-01,14,permanently_inactive_outside_recent_window
TNB,10.L1.3060.68013,063,Vô hiệu hóa,2024-09-01,2025-03-01,2025-03-01,15,permanently_inactive_outside_recent_window
DNB,10.L1.3060.68013,081,Vô hiệu hóa,2024-07-01,2025-02-01,2025-02-01,16,permanently_inactive_outside_recent_window
Chưa xác định,10.L1.3060.68013,222,Vô hiệu hóa,2025-01-01,2025-01-01,2025-01-01,17,permanently_inactive_outside_recent_window
TNB,10.L1.3060.68014,015,Vô hiệu hóa,2024-11-01,2025-03-01,2025-03-01,15,permanently_inactive_outside_recent_window
TNB,10.L1.3060.68015,015,Vô hiệu hóa,2024-11-01,2025-03-01,2025-03-01,15,permanently_inactive_outside_recent_window
TNB,10.L1.3060.68016,015,Vô hiệu hóa,2024-10-01,2025-03-01,2025-03-01,15,permanently_inactive_outside_recent_window
TNB,10.L1.3060.68017,015,Vô hiệu hóa,2024-08-01,2025-05-01,2025-05-01,13,permanently_inactive_outside_recent_window
DNB,10.L1.3060.68018,008,Vô hiệu hóa,2024-07-01,2025-04-01,2025-04-01,14,permanently_inactive_outside_recent_window
DNB,10.L1.3060.7801,019,Vô hiệu hóa,2024-02-01,2024-02-01,2024-02-01,28,permanently_inactive_outside_recent_window
TNB,10.L1.3060.7801,024,Vô hiệu hóa,2025-02-01,2025-02-01,2025-02-01,16,permanently_inactive_outside_recent_window
TNB,10.L1.3060.7801,050,Vô hiệu hóa,2024-01-01,2024-07-01,2024-07-01,23,permanently_inactive_outside_recent_window
MT-TNG,10.L1.3060.7801,059,Vô hiệu hóa,2024-01-01,2024-07-01,2024-07-01,23,permanently_inactive_outside_recent_window
TNB,10.L1.3060.7801,063,Vô hiệu hóa,2024-02-01,2024-08-01,2024-08-01,22,permanently_inactive_outside_recent_window
TNB,10.L1.3060.7801,069,Vô hiệu hóa,2024-02-01,2024-06-01,2024-06-01,24,permanently_inactive_outside_recent_window
MT-TNG,10.L1.3060.7801,070,Vô hiệu hóa,2024-01-01,2024-01-01,2024-01-01,29,permanently_inactive_outside_recent_window
DNB,10.L1.3060.7801,081,Vô hiệu hóa,2024-12-01,2024-12-01,2024-12-01,18,permanently_inactive_outside_recent_window
TNB,10.L1.3060.7805,050,Vô hiệu hóa,2024-02-01,2024-07-01,2024-07-01,23,permanently_inactive_outside_recent_window
MT-TNG,10.L1.3060.7805,059,Vô hiệu hóa,2024-01-01,2024-07-01,2024-07-01,23,permanently_inactive_outside_recent_window
TNB,10.L1.3060.7805,063,Vô hiệu hóa,2024-03-01,2024-04-01,2024-04-01,26,permanently_inactive_outside_recent_window
TNB,10.L1.3060.7805,065,Vô hiệu hóa,2024-04-01,2024-04-01,2024-04-01,26,permanently_inactive_outside_recent_window
TNB,10.L1.3060.7806,050,Vô hiệu hóa,2024-03-01,2024-07-01,2024-07-01,23,permanently_inactive_outside_recent_window
MT-TNG,10.L1.3060.7806,059,Vô hiệu hóa,2024-04-01,2024-06-01,2024-06-01,24,permanently_inactive_outside_recent_window
MT-TNG,10.L1.3060.7807,064,Vô hiệu hóa,2025-03-01,2025-04-01,2025-04-01,14,permanently_inactive_outside_recent_window
TNB,10.L1.3060.7807,065,Vô hiệu hóa,2024-05-01,2024-05-01,2024-05-01,25,permanently_inactive_outside_recent_window
MT-TNG,10.L1.3060.7807,072,Vô hiệu hóa,2024-09-01,2024-09-01,2024-09-01,21,permanently_inactive_outside_recent_window
DNB,10.L1.3060.7807,076,Vô hiệu hóa,2024-04-01,2024-04-01,2024-04-01,26,permanently_inactive_outside_recent_window
DNB,10.L1.3060.7807,081,Vô hiệu hóa,2024-07-01,2025-04-01,2025-04-01,14,permanently_inactive_outside_recent_window
Chưa xác định,10.L1.3060.7807,222,Vô hiệu hóa,2024-03-01,2024-06-01,2024-06-01,24,permanently_inactive_outside_recent_window
TNB,10.L1.3060.7808,069,Vô hiệu hóa,2024-02-01,2024-07-01,2024-07-01,23,permanently_inactive_outside_recent_window
DNB,10.L1.3060.7808,081,Vô hiệu hóa,2024-07-01,2025-04-01,2025-04-01,14,permanently_inactive_outside_recent_window
Chưa xác định,10.L1.3060.7808,222,Vô hiệu hóa,2024-04-01,2024-04-01,2024-04-01,26,permanently_inactive_outside_recent_window
DNB,10.L1.3060.7809,081,Vô hiệu hóa,2024-07-01,2025-04-01,2025-04-01,14,permanently_inactive_outside_recent_window
Chưa xác định,10.L1.3060.7809,222,Vô hiệu hóa,2024-04-01,2024-04-01,2024-04-01,26,permanently_inactive_outside_recent_window
TNB,10.L1.3060.7811,050,Vô hiệu hóa,2024-08-01,2024-08-01,2024-08-01,22,permanently_inactive_outside_recent_window
DNB,10.L1.3060.7811,061,Vô hiệu hóa,2024-03-01,2025-03-01,2025-03-01,15,permanently_inactive_outside_recent_window
TNB,10.L1.3060.7811,069,Vô hiệu hóa,2024-11-01,2024-11-01,2024-11-01,19,permanently_inactive_outside_recent_window
DNB,10.L1.3060.7811,081,Vô hiệu hóa,2024-01-01,2025-02-01,2025-02-01,16,permanently_inactive_outside_recent_window
TNB,10.L1.3060.7812,050,Vô hiệu hóa,2024-08-01,2024-08-01,2024-08-01,22,permanently_inactive_outside_recent_window
DNB,10.L1.3060.7812,061,Vô hiệu hóa,2024-04-01,2025-03-01,2025-03-01,15,permanently_inactive_outside_recent_window
TNB,10.L1.3060.7812,069,Vô hiệu hóa,2024-11-01,2024-11-01,2024-11-01,19,permanently_inactive_outside_recent_window
DNB,10.L1.3060.7812,081,Vô hiệu hóa,2024-07-01,2024-07-01,2024-07-01,23,permanently_inactive_outside_recent_window
TNB,10.L1.3060.7813,050,Vô hiệu hóa,2024-08-01,2024-08-01,2024-08-01,22,permanently_inactive_outside_recent_window
DNB,10.L1.3060.7813,061,Vô hiệu hóa,2024-03-01,2025-03-01,2025-03-01,15,permanently_inactive_outside_recent_window
MT-TNG,10.L1.3060.7813,064,Vô hiệu hóa,2024-03-01,2025-04-01,2025-04-01,14,permanently_inactive_outside_recent_window
TNB,10.L1.3060.7813,069,Vô hiệu hóa,2024-11-01,2024-11-01,2024-11-01,19,permanently_inactive_outside_recent_window
DNB,10.L1.3060.7813,081,Vô hiệu hóa,2024-01-01,2025-02-01,2025-02-01,16,permanently_inactive_outside_recent_window
MT-TNG,10.L1.3060.7817,014,Vô hiệu hóa,2024-05-01,2024-09-01,2024-09-01,21,permanently_inactive_outside_recent_window
TNB,10.L1.3060.7817,015,Vô hiệu hóa,2025-04-01,2025-04-01,2025-04-01,14,permanently_inactive_outside_recent_window
MT-TNG,10.L1.3060.7817,049,Vô hiệu hóa,2024-01-01,2025-05-01,2025-05-01,13,permanently_inactive_outside_recent_window
MT-TNG,10.L1.3060.7817,072,Vô hiệu hóa,2024-11-01,2024-11-01,2024-11-01,19,permanently_inactive_outside_recent_window
MT-TNG,10.L1.3060.7817,078,Vô hiệu hóa,2024-01-01,2024-02-01,2024-02-01,28,permanently_inactive_outside_recent_window
Chưa xác định,10.L1.3060.7817,222,Vô hiệu hóa,2024-03-01,2024-03-01,2024-03-01,27,permanently_inactive_outside_recent_window
MT-TNG,10.L1.3060.7818,014,Vô hiệu hóa,2024-09-01,2024-09-01,2024-09-01,21,permanently_inactive_outside_recent_window
MT-TNG,10.L1.3060.7818,072,Vô hiệu hóa,2024-11-01,2024-11-01,2024-11-01,19,permanently_inactive_outside_recent_window
MT-TNG,10.L1.3060.7818,078,Vô hiệu hóa,2024-01-01,2024-02-01,2024-02-01,28,permanently_inactive_outside_recent_window
Chưa xác định,10.L1.3060.7818,222,Vô hiệu hóa,2024-03-01,2024-03-01,2024-03-01,27,permanently_inactive_outside_recent_window
DNB,10.L1.3060.7819,008,Vô hiệu hóa,2024-01-01,2024-01-01,2024-01-01,29,permanently_inactive_outside_recent_window
MT-TNG,10.L1.3060.7819,014,Vô hiệu hóa,2024-05-01,2024-09-01,2024-09-01,21,permanently_inactive_outside_recent_window
MT-TNG,10.L1.3060.7819,072,Vô hiệu hóa,2024-11-01,2024-11-01,2024-11-01,19,permanently_inactive_outside_recent_window
MT-TNG,10.L1.3060.7819,078,Vô hiệu hóa,2024-01-01,2024-02-01,2024-02-01,28,permanently_inactive_outside_recent_window
Chưa xác định,10.L1.3060.7819,222,Vô hiệu hóa,2024-03-01,2024-03-01,2024-03-01,27,permanently_inactive_outside_recent_window
MT-TNG,10.L1.3060.7821,001,Vô hiệu hóa,2024-05-01,2024-05-01,2024-05-01,25,permanently_inactive_outside_recent_window
DNB,10.L1.3060.7821,008,Vô hiệu hóa,2024-01-01,2024-08-01,2024-08-01,22,permanently_inactive_outside_recent_window
TNB,10.L1.3060.7821,011,Vô hiệu hóa,2024-01-01,2025-02-01,2025-02-01,16,permanently_inactive_outside_recent_window
DNB,10.L1.3060.7821,013,Vô hiệu hóa,2024-01-01,2025-02-01,2025-02-01,16,permanently_inactive_outside_recent_window
MT-TNG,10.L1.3060.7821,014,Vô hiệu hóa,2024-03-01,2024-09-01,2024-09-01,21,permanently_inactive_outside_recent_window
TNB,10.L1.3060.7821,015,Vô hiệu hóa,2024-01-01,2024-07-01,2024-07-01,23,permanently_inactive_outside_recent_window
TNB,10.L1.3060.7821,018,Vô hiệu hóa,2024-01-01,2025-04-01,2025-04-01,14,permanently_inactive_outside_recent_window
DNB,10.L1.3060.7821,022,Vô hiệu hóa,2025-02-01,2025-04-01,2025-04-01,14,permanently_inactive_outside_recent_window
TNB,10.L1.3060.7821,024,Vô hiệu hóa,2024-03-01,2024-06-01,2024-06-01,24,permanently_inactive_outside_recent_window
MT-TNG,10.L1.3060.7821,072,Vô hiệu hóa,2024-11-01,2024-12-01,2024-12-01,18,permanently_inactive_outside_recent_window
MT-TNG,10.L1.3060.7821,078,Vô hiệu hóa,2024-01-01,2024-01-01,2024-01-01,29,permanently_inactive_outside_recent_window
Chưa xác định,10.L1.3060.7821,222,Vô hiệu hóa,2024-03-01,2024-03-01,2024-03-01,27,permanently_inactive_outside_recent_window
DNB,10.L1.3060.7822,008,Vô hiệu hóa,2024-05-01,2024-08-01,2024-08-01,22,permanently_inactive_outside_recent_window
TNB,10.L1.3060.7822,011,Vô hiệu hóa,2024-02-01,2025-02-01,2025-02-01,16,permanently_inactive_outside_recent_window
DNB,10.L1.3060.7822,013,Vô hiệu hóa,2024-03-01,2025-03-01,2025-03-01,15,permanently_inactive_outside_recent_window
MT-TNG,10.L1.3060.7822,014,Vô hiệu hóa,2024-07-01,2024-09-01,2024-09-01,21,permanently_inactive_outside_recent_window
TNB,10.L1.3060.7822,015,Vô hiệu hóa,2024-04-01,2024-06-01,2024-06-01,24,permanently_inactive_outside_recent_window
TNB,10.L1.3060.7822,017,Vô hiệu hóa,2024-04-01,2024-04-01,2024-04-01,26,permanently_inactive_outside_recent_window
TNB,10.L1.3060.7822,018,Vô hiệu hóa,2024-06-01,2025-03-01,2025-03-01,15,permanently_inactive_outside_recent_window
DNB,10.L1.3060.7822,022,Vô hiệu hóa,2025-04-01,2025-04-01,2025-04-01,14,permanently_inactive_outside_recent_window
TNB,10.L1.3060.7822,024,Vô hiệu hóa,2024-03-01,2025-02-01,2025-02-01,16,permanently_inactive_outside_recent_window
MT-TNG,10.L1.3060.7822,072,Vô hiệu hóa,2024-11-01,2024-11-01,2024-11-01,19,permanently_inactive_outside_recent_window
Chưa xác định,10.L1.3060.7822,222,Vô hiệu hóa,2024-03-01,2024-03-01,2024-03-01,27,permanently_inactive_outside_recent_window
MT-TNG,10.L1.3060.7823,001,Vô hiệu hóa,2024-05-01,2024-05-01,2024-05-01,25,permanently_inactive_outside_recent_window
DNB,10.L1.3060.7823,008,Vô hiệu hóa,2024-01-01,2024-08-01,2024-08-01,22,permanently_inactive_outside_recent_window
TNB,10.L1.3060.7823,011,Vô hiệu hóa,2024-01-01,2025-02-01,2025-02-01,16,permanently_inactive_outside_recent_window
DNB,10.L1.3060.7823,013,Vô hiệu hóa,2024-03-01,2025-05-01,2025-05-01,13,permanently_inactive_outside_recent_window
MT-TNG,10.L1.3060.7823,014,Vô hiệu hóa,2024-03-01,2024-08-01,2024-08-01,22,permanently_inactive_outside_recent_window
TNB,10.L1.3060.7823,015,Vô hiệu hóa,2024-01-01,2024-11-01,2024-11-01,19,permanently_inactive_outside_recent_window
TNB,10.L1.3060.7823,018,Vô hiệu hóa,2024-01-01,2025-04-01,2025-04-01,14,permanently_inactive_outside_recent_window
DNB,10.L1.3060.7823,022,Vô hiệu hóa,2025-04-01,2025-04-01,2025-04-01,14,permanently_inactive_outside_recent_window
TNB,10.L1.3060.7823,024,Vô hiệu hóa,2024-04-01,2025-02-01,2025-02-01,16,permanently_inactive_outside_recent_window
MT-TNG,10.L1.3060.7823,072,Vô hiệu hóa,2024-11-01,2024-11-01,2024-11-01,19,permanently_inactive_outside_recent_window
Chưa xác định,10.L1.3060.7823,222,Vô hiệu hóa,2024-03-01,2024-03-01,2024-03-01,27,permanently_inactive_outside_recent_window
MT-TNG,10.L1.3060.7824,059,Vô hiệu hóa,2024-03-01,2025-03-01,2025-03-01,15,permanently_inactive_outside_recent_window
TNB,10.L1.3060.7824,063,Vô hiệu hóa,2024-04-01,2025-05-01,2025-05-01,13,permanently_inactive_outside_recent_window
TNB,10.L1.3060.7824,069,Vô hiệu hóa,2025-04-01,2025-04-01,2025-04-01,14,permanently_inactive_outside_recent_window
MT-TNG,10.L1.3060.7824,072,Vô hiệu hóa,2025-03-01,2025-03-01,2025-03-01,15,permanently_inactive_outside_recent_window
MT-TNG,10.L1.3060.7825,072,Vô hiệu hóa,2025-03-01,2025-03-01,2025-03-01,15,permanently_inactive_outside_recent_window
MT-TNG,10.L1.3060.7826,059,Vô hiệu hóa,2024-03-01,2025-03-01,2025-03-01,15,permanently_inactive_outside_recent_window
TNB,10.L1.3060.7826,063,Vô hiệu hóa,2024-04-01,2024-04-01,2024-04-01,26,permanently_inactive_outside_recent_window
MT-TNG,10.L1.3060.7826,072,Vô hiệu hóa,2025-03-01,2025-03-01,2025-03-01,15,permanently_inactive_outside_recent_window
TNB,10.L1.3060.7827,063,Vô hiệu hóa,2024-01-01,2025-04-01,2025-04-01,14,permanently_inactive_outside_recent_window
MT-TNG,10.L1.3060.7827,072,Vô hiệu hóa,2025-04-01,2025-04-01,2025-04-01,14,permanently_inactive_outside_recent_window
MT-TNG,10.L1.3060.7827,078,Vô hiệu hóa,2024-01-01,2024-01-01,2024-01-01,29,permanently_inactive_outside_recent_window
MT-TNG,10.L1.3060.7827,099,Vô hiệu hóa,2024-05-01,2024-06-01,2024-06-01,24,permanently_inactive_outside_recent_window
Chưa xác định,10.L1.3060.7827,222,Vô hiệu hóa,2024-03-01,2024-03-01,2024-03-01,27,permanently_inactive_outside_recent_window
TNB,10.L1.3060.7828,063,Vô hiệu hóa,2024-01-01,2025-04-01,2025-04-01,14,permanently_inactive_outside_recent_window
MT-TNG,10.L1.3060.7828,072,Vô hiệu hóa,2025-04-01,2025-04-01,2025-04-01,14,permanently_inactive_outside_recent_window
MT-TNG,10.L1.3060.7828,099,Vô hiệu hóa,2024-05-01,2024-06-01,2024-06-01,24,permanently_inactive_outside_recent_window
Chưa xác định,10.L1.3060.7828,222,Vô hiệu hóa,2024-03-01,2024-03-01,2024-03-01,27,permanently_inactive_outside_recent_window
MT-TNG,10.L1.3060.7829,072,Vô hiệu hóa,2025-04-01,2025-04-01,2025-04-01,14,permanently_inactive_outside_recent_window
MT-TNG,10.L1.3060.7829,078,Vô hiệu hóa,2024-01-01,2024-01-01,2024-01-01,29,permanently_inactive_outside_recent_window
Chưa xác định,10.L1.3060.7829,222,Vô hiệu hóa,2024-03-01,2024-03-01,2024-03-01,27,permanently_inactive_outside_recent_window
DNB,10.L1.3060.7831,008,Vô hiệu hóa,2024-04-01,2024-05-01,2024-05-01,25,permanently_inactive_outside_recent_window
TNB,10.L1.3060.7831,016,Vô hiệu hóa,2024-06-01,2024-06-01,2024-06-01,24,permanently_inactive_outside_recent_window
TNB,10.L1.3060.7831,017,Vô hiệu hóa,2024-01-01,2024-12-01,2024-12-01,18,permanently_inactive_outside_recent_window
TNB,10.L1.3060.7831,018,Vô hiệu hóa,2024-02-01,2024-05-01,2024-05-01,25,permanently_inactive_outside_recent_window
MT-TNG,10.L1.3060.7831,049,Vô hiệu hóa,2024-01-01,2024-10-01,2024-10-01,20,permanently_inactive_outside_recent_window
TNB,10.L1.3060.7832,011,Vô hiệu hóa,2024-01-01,2025-02-01,2025-02-01,16,permanently_inactive_outside_recent_window
TNB,10.L1.3060.7832,015,Vô hiệu hóa,2024-05-01,2024-05-01,2024-05-01,25,permanently_inactive_outside_recent_window
DNB,10.L1.3060.7833,008,Vô hiệu hóa,2024-04-01,2024-04-01,2024-04-01,26,permanently_inactive_outside_recent_window
Chưa xác định,10.L1.3060.7837,000,Vô hiệu hóa,2024-04-01,2024-07-01,2024-07-01,23,permanently_inactive_outside_recent_window
DNB,10.L1.3060.7837,002,Vô hiệu hóa,2024-06-01,2024-06-01,2024-06-01,24,permanently_inactive_outside_recent_window
DNB,10.L1.3060.7837,008,Vô hiệu hóa,2024-01-01,2024-07-01,2024-07-01,23,permanently_inactive_outside_recent_window
DNB,10.L1.3060.7837,013,Vô hiệu hóa,2024-01-01,2025-02-01,2025-02-01,16,permanently_inactive_outside_recent_window
MT-TNG,10.L1.3060.7837,014,Vô hiệu hóa,2024-03-01,2024-06-01,2024-06-01,24,permanently_inactive_outside_recent_window
MT-TNG,10.L1.3060.7837,023,Vô hiệu hóa,2024-04-01,2025-03-01,2025-03-01,15,permanently_inactive_outside_recent_window
MT-TNG,10.L1.3060.7837,049,Vô hiệu hóa,2024-05-01,2025-04-01,2025-04-01,14,permanently_inactive_outside_recent_window
DNB,10.L1.3060.7837,060,Vô hiệu hóa,2024-01-01,2024-01-01,2024-01-01,29,permanently_inactive_outside_recent_window
MT-TNG,10.L1.3060.7837,067,Vô hiệu hóa,2024-03-01,2024-05-01,2024-05-01,25,permanently_inactive_outside_recent_window
TNB,10.L1.3060.7837,069,Vô hiệu hóa,2024-01-01,2024-06-01,2024-06-01,24,permanently_inactive_outside_recent_window
MT-TNG,10.L1.3060.7837,071,Vô hiệu hóa,2024-01-01,2024-12-01,2024-12-01,18,permanently_inactive_outside_recent_window
MT-TNG,10.L1.3060.7837,072,Vô hiệu hóa,2024-05-01,2024-06-01,2024-06-01,24,permanently_inactive_outside_recent_window
DNB,10.L1.3060.7837,076,Vô hiệu hóa,2024-01-01,2024-07-01,2024-07-01,23,permanently_inactive_outside_recent_window
DNB,10.L1.3060.7837,081,Vô hiệu hóa,2024-04-01,2024-05-01,2024-05-01,25,permanently_inactive_outside_recent_window
DNB,10.L1.3060.7838,002,Vô hiệu hóa,2025-05-01,2025-05-01,2025-05-01,13,permanently_inactive_outside_recent_window
DNB,10.L1.3060.7838,008,Vô hiệu hóa,2024-07-01,2024-07-01,2024-07-01,23,permanently_inactive_outside_recent_window
MT-TNG,10.L1.3060.7838,067,Vô hiệu hóa,2024-03-01,2024-05-01,2024-05-01,25,permanently_inactive_outside_recent_window
DNB,10.L1.3060.7839,002,Vô hiệu hóa,2024-06-01,2025-05-01,2025-05-01,13,permanently_inactive_outside_recent_window
DNB,10.L1.3060.7839,013,Vô hiệu hóa,2024-06-01,2025-02-01,2025-02-01,16,permanently_inactive_outside_recent_window
MT-TNG,10.L1.3060.7839,067,Vô hiệu hóa,2024-03-01,2024-05-01,2024-05-01,25,permanently_inactive_outside_recent_window
MT-TNG,10.L1.3060.7839,071,Vô hiệu hóa,2024-03-01,2024-03-01,2024-03-01,27,permanently_inactive_outside_recent_window
DNB,10.L1.3060.7842,060,Vô hiệu hóa,2024-01-01,2024-01-01,2024-01-01,29,permanently_inactive_outside_recent_window
TNB,10.L1.3060.7842,069,Vô hiệu hóa,2024-01-01,2024-01-01,2024-01-01,29,permanently_inactive_outside_recent_window
Chưa xác định,10.L1.3060.7843,000,Vô hiệu hóa,2024-07-01,2024-07-01,2024-07-01,23,permanently_inactive_outside_recent_window
TNB,10.L1.3060.7843,050,Vô hiệu hóa,2024-03-01,2024-10-01,2024-10-01,20,permanently_inactive_outside_recent_window
DNB,10.L1.3060.7843,060,Vô hiệu hóa,2024-01-01,2024-01-01,2024-01-01,29,permanently_inactive_outside_recent_window
TNB,10.L1.3060.7843,069,Vô hiệu hóa,2024-01-01,2024-04-01,2024-04-01,26,permanently_inactive_outside_recent_window
MT-TNG,10.L1.3060.7843,071,Vô hiệu hóa,2024-01-01,2024-01-01,2024-01-01,29,permanently_inactive_outside_recent_window
DNB,10.L1.3060.7843,076,Vô hiệu hóa,2024-07-01,2024-07-01,2024-07-01,23,permanently_inactive_outside_recent_window
TNB,10.L1.4080.4811,011,Vô hiệu hóa,2024-10-01,2024-10-01,2024-10-01,20,permanently_inactive_outside_recent_window
TNB,10.L1.4080.4811,016,Vô hiệu hóa,2024-01-01,2024-01-01,2024-01-01,29,permanently_inactive_outside_recent_window
MT-TNG,10.L1.4080.4811,071,Vô hiệu hóa,2024-09-01,2024-09-01,2024-09-01,21,permanently_inactive_outside_recent_window
TNB,10.L1.4080.4812,011,Vô hiệu hóa,2024-10-01,2024-10-01,2024-10-01,20,permanently_inactive_outside_recent_window
TNB,10.L1.4080.4812,016,Vô hiệu hóa,2024-01-01,2024-01-01,2024-01-01,29,permanently_inactive_outside_recent_window
MT-TNG,10.L1.4080.4812,071,Vô hiệu hóa,2024-10-01,2024-10-01,2024-10-01,20,permanently_inactive_outside_recent_window
TNB,10.L1.4080.4813,011,Vô hiệu hóa,2024-10-01,2024-10-01,2024-10-01,20,permanently_inactive_outside_recent_window
TNB,10.L1.4080.4813,016,Vô hiệu hóa,2024-01-01,2024-01-01,2024-01-01,29,permanently_inactive_outside_recent_window
MT-TNG,10.L1.4080.4813,071,Vô hiệu hóa,2024-10-01,2024-10-01,2024-10-01,20,permanently_inactive_outside_recent_window
Chưa xác định,10.L1.4080.4824,000,Vô hiệu hóa,2024-04-01,2024-04-01,2024-04-01,26,permanently_inactive_outside_recent_window
MT-TNG,10.L1.4080.4824,014,Vô hiệu hóa,2024-01-01,2024-01-01,2024-01-01,29,permanently_inactive_outside_recent_window
MT-TNG,10.L1.4080.4824,059,Vô hiệu hóa,2024-01-01,2025-03-01,2025-03-01,15,permanently_inactive_outside_recent_window
DNB,10.L1.4080.4824,060,Vô hiệu hóa,2024-04-01,2025-03-01,2025-03-01,15,permanently_inactive_outside_recent_window
DNB,10.L1.4080.4824,076,Vô hiệu hóa,2024-05-01,2024-09-01,2024-09-01,21,permanently_inactive_outside_recent_window
MT-TNG,10.L1.4080.4824,079,Vô hiệu hóa,2024-01-01,2024-05-01,2024-05-01,25,permanently_inactive_outside_recent_window
DNB,10.L1.4080.4824,081,Vô hiệu hóa,2024-04-01,2024-04-01,2024-04-01,26,permanently_inactive_outside_recent_window
MT-TNG,10.L1.4080.4825,059,Vô hiệu hóa,2024-05-01,2025-03-01,2025-03-01,15,permanently_inactive_outside_recent_window
DNB,10.L1.4080.4825,060,Vô hiệu hóa,2024-06-01,2025-03-01,2025-03-01,15,permanently_inactive_outside_recent_window
TNB,10.L1.4080.4825,073,Vô hiệu hóa,2024-09-01,2024-09-01,2024-09-01,21,permanently_inactive_outside_recent_window
DNB,10.L1.4080.4825,076,Vô hiệu hóa,2024-06-01,2024-09-01,2024-09-01,21,permanently_inactive_outside_recent_window
MT-TNG,10.L1.4080.4825,079,Vô hiệu hóa,2024-01-01,2024-07-01,2024-07-01,23,permanently_inactive_outside_recent_window
MT-TNG,10.L1.4080.4826,059,Vô hiệu hóa,2024-03-01,2025-03-01,2025-03-01,15,permanently_inactive_outside_recent_window
DNB,10.L1.4080.4826,060,Vô hiệu hóa,2025-03-01,2025-03-01,2025-03-01,15,permanently_inactive_outside_recent_window
TNB,10.L1.4080.4826,073,Vô hiệu hóa,2024-09-01,2024-09-01,2024-09-01,21,permanently_inactive_outside_recent_window
DNB,10.L1.4080.4826,076,Vô hiệu hóa,2024-09-01,2024-09-01,2024-09-01,21,permanently_inactive_outside_recent_window
MT-TNG,10.L1.4080.4826,079,Vô hiệu hóa,2024-04-01,2024-07-01,2024-07-01,23,permanently_inactive_outside_recent_window
DNB,10.L1.4080.4826,081,Vô hiệu hóa,2024-04-01,2024-04-01,2024-04-01,26,permanently_inactive_outside_recent_window
Chưa xác định,10.L1.4080.4827,000,Vô hiệu hóa,2024-04-01,2024-05-01,2024-05-01,25,permanently_inactive_outside_recent_window
MT-TNG,10.L1.4080.4827,001,Vô hiệu hóa,2024-06-01,2024-06-01,2024-06-01,24,permanently_inactive_outside_recent_window
DNB,10.L1.4080.4827,022,Vô hiệu hóa,2024-01-01,2024-01-01,2024-01-01,29,permanently_inactive_outside_recent_window
MT-TNG,10.L1.4080.4827,059,Vô hiệu hóa,2024-04-01,2025-03-01,2025-03-01,15,permanently_inactive_outside_recent_window
DNB,10.L1.4080.4827,060,Vô hiệu hóa,2024-04-01,2025-03-01,2025-03-01,15,permanently_inactive_outside_recent_window
DNB,10.L1.4080.4827,061,Vô hiệu hóa,2024-01-01,2024-10-01,2024-10-01,20,permanently_inactive_outside_recent_window
MT-TNG,10.L1.4080.4827,071,Vô hiệu hóa,2024-01-01,2025-05-01,2025-05-01,13,permanently_inactive_outside_recent_window
MT-TNG,10.L1.4080.4827,072,Vô hiệu hóa,2024-04-01,2024-04-01,2024-04-01,26,permanently_inactive_outside_recent_window
DNB,10.L1.4080.4827,076,Vô hiệu hóa,2024-02-01,2024-09-01,2024-09-01,21,permanently_inactive_outside_recent_window
MT-TNG,10.L1.4080.4827,079,Vô hiệu hóa,2024-01-01,2024-08-01,2024-08-01,22,permanently_inactive_outside_recent_window
DNB,10.L1.4080.4827,081,Vô hiệu hóa,2024-03-01,2024-06-01,2024-06-01,24,permanently_inactive_outside_recent_window
Chưa xác định,10.L1.4080.4827,222,Vô hiệu hóa,2024-04-01,2024-07-01,2024-07-01,23,permanently_inactive_outside_recent_window
Chưa xác định,10.L1.4080.4828,000,Vô hiệu hóa,2024-04-01,2024-04-01,2024-04-01,26,permanently_inactive_outside_recent_window
MT-TNG,10.L1.4080.4828,001,Vô hiệu hóa,2024-06-01,2024-06-01,2024-06-01,24,permanently_inactive_outside_recent_window
MT-TNG,10.L1.4080.4828,059,Vô hiệu hóa,2024-04-01,2024-04-01,2024-04-01,26,permanently_inactive_outside_recent_window
DNB,10.L1.4080.4828,060,Vô hiệu hóa,2025-03-01,2025-03-01,2025-03-01,15,permanently_inactive_outside_recent_window
DNB,10.L1.4080.4828,061,Vô hiệu hóa,2024-06-01,2024-06-01,2024-06-01,24,permanently_inactive_outside_recent_window
MT-TNG,10.L1.4080.4828,071,Vô hiệu hóa,2024-01-01,2025-05-01,2025-05-01,13,permanently_inactive_outside_recent_window
DNB,10.L1.4080.4828,076,Vô hiệu hóa,2024-02-01,2024-09-01,2024-09-01,21,permanently_inactive_outside_recent_window
MT-TNG,10.L1.4080.4828,079,Vô hiệu hóa,2024-03-01,2024-04-01,2024-04-01,26,permanently_inactive_outside_recent_window
DNB,10.L1.4080.4828,081,Vô hiệu hóa,2024-03-01,2024-05-01,2024-05-01,25,permanently_inactive_outside_recent_window
Chưa xác định,10.L1.4080.4829,000,Vô hiệu hóa,2024-04-01,2024-05-01,2024-05-01,25,permanently_inactive_outside_recent_window
MT-TNG,10.L1.4080.4829,001,Vô hiệu hóa,2024-06-01,2024-06-01,2024-06-01,24,permanently_inactive_outside_recent_window
MT-TNG,10.L1.4080.4829,059,Vô hiệu hóa,2024-04-01,2025-03-01,2025-03-01,15,permanently_inactive_outside_recent_window
DNB,10.L1.4080.4829,060,Vô hiệu hóa,2024-04-01,2024-04-01,2024-04-01,26,permanently_inactive_outside_recent_window
MT-TNG,10.L1.4080.4829,071,Vô hiệu hóa,2024-01-01,2025-05-01,2025-05-01,13,permanently_inactive_outside_recent_window
DNB,10.L1.4080.4829,076,Vô hiệu hóa,2024-03-01,2024-09-01,2024-09-01,21,permanently_inactive_outside_recent_window
MT-TNG,10.L1.4080.4829,079,Vô hiệu hóa,2024-02-01,2024-08-01,2024-08-01,22,permanently_inactive_outside_recent_window
DNB,10.L1.4080.4829,081,Vô hiệu hóa,2024-03-01,2024-06-01,2024-06-01,24,permanently_inactive_outside_recent_window
Chưa xác định,10.L1.4080.4829,222,Vô hiệu hóa,2024-04-01,2024-05-01,2024-05-01,25,permanently_inactive_outside_recent_window
Chưa xác định,10.L1.4080.4831,000,Vô hiệu hóa,2024-02-01,2024-05-01,2024-05-01,25,permanently_inactive_outside_recent_window
MT-TNG,10.L1.4080.4831,059,Vô hiệu hóa,2024-05-01,2025-03-01,2025-03-01,15,permanently_inactive_outside_recent_window
DNB,10.L1.4080.4831,060,Vô hiệu hóa,2024-04-01,2024-05-01,2024-05-01,25,permanently_inactive_outside_recent_window
DNB,10.L1.4080.4831,061,Vô hiệu hóa,2024-01-01,2024-04-01,2024-04-01,26,permanently_inactive_outside_recent_window
MT-TNG,10.L1.4080.4831,064,Vô hiệu hóa,2024-03-01,2024-03-01,2024-03-01,27,permanently_inactive_outside_recent_window
TNB,10.L1.4080.4831,065,Vô hiệu hóa,2024-03-01,2024-04-01,2024-04-01,26,permanently_inactive_outside_recent_window
TNB,10.L1.4080.4831,069,Vô hiệu hóa,2024-01-01,2024-03-01,2024-03-01,27,permanently_inactive_outside_recent_window
MT-TNG,10.L1.4080.4831,071,Vô hiệu hóa,2024-03-01,2025-02-01,2025-02-01,16,permanently_inactive_outside_recent_window
TNB,10.L1.4080.4831,073,Vô hiệu hóa,2024-01-01,2024-01-01,2024-01-01,29,permanently_inactive_outside_recent_window
DNB,10.L1.4080.4831,076,Vô hiệu hóa,2024-04-01,2024-04-01,2024-04-01,26,permanently_inactive_outside_recent_window
MT-TNG,10.L1.4080.4831,079,Vô hiệu hóa,2024-01-01,2024-01-01,2024-01-01,29,permanently_inactive_outside_recent_window
DNB,10.L1.4080.4831,081,Vô hiệu hóa,2024-01-01,2024-05-01,2024-05-01,25,permanently_inactive_outside_recent_window
DNB,10.L1.4080.4831,094,Vô hiệu hóa,2024-01-01,2025-05-01,2025-05-01,13,permanently_inactive_outside_recent_window
Chưa xác định,10.L1.4080.4831,222,Vô hiệu hóa,2024-03-01,2024-05-01,2024-05-01,25,permanently_inactive_outside_recent_window
Chưa xác định,10.L1.4080.4832,000,Vô hiệu hóa,2024-03-01,2024-05-01,2024-05-01,25,permanently_inactive_outside_recent_window
MT-TNG,10.L1.4080.4832,059,Vô hiệu hóa,2024-05-01,2025-03-01,2025-03-01,15,permanently_inactive_outside_recent_window
DNB,10.L1.4080.4832,060,Vô hiệu hóa,2024-04-01,2025-03-01,2025-03-01,15,permanently_inactive_outside_recent_window
DNB,10.L1.4080.4832,061,Vô hiệu hóa,2024-01-01,2024-04-01,2024-04-01,26,permanently_inactive_outside_recent_window
MT-TNG,10.L1.4080.4832,064,Vô hiệu hóa,2024-03-01,2024-03-01,2024-03-01,27,permanently_inactive_outside_recent_window
TNB,10.L1.4080.4832,069,Vô hiệu hóa,2024-01-01,2024-02-01,2024-02-01,28,permanently_inactive_outside_recent_window
MT-TNG,10.L1.4080.4832,071,Vô hiệu hóa,2024-04-01,2025-02-01,2025-02-01,16,permanently_inactive_outside_recent_window
MT-TNG,10.L1.4080.4832,079,Vô hiệu hóa,2024-07-01,2024-07-01,2024-07-01,23,permanently_inactive_outside_recent_window
DNB,10.L1.4080.4832,094,Vô hiệu hóa,2024-05-01,2025-05-01,2025-05-01,13,permanently_inactive_outside_recent_window
Chưa xác định,10.L1.4080.4832,222,Vô hiệu hóa,2024-04-01,2024-05-01,2024-05-01,25,permanently_inactive_outside_recent_window
Chưa xác định,10.L1.4080.4833,000,Vô hiệu hóa,2024-03-01,2024-05-01,2024-05-01,25,permanently_inactive_outside_recent_window
MT-TNG,10.L1.4080.4833,059,Vô hiệu hóa,2024-05-01,2025-03-01,2025-03-01,15,permanently_inactive_outside_recent_window
DNB,10.L1.4080.4833,060,Vô hiệu hóa,2024-04-01,2024-04-01,2024-04-01,26,permanently_inactive_outside_recent_window
DNB,10.L1.4080.4833,061,Vô hiệu hóa,2024-01-01,2024-04-01,2024-04-01,26,permanently_inactive_outside_recent_window
MT-TNG,10.L1.4080.4833,064,Vô hiệu hóa,2024-03-01,2024-03-01,2024-03-01,27,permanently_inactive_outside_recent_window
TNB,10.L1.4080.4833,065,Vô hiệu hóa,2024-03-01,2024-03-01,2024-03-01,27,permanently_inactive_outside_recent_window
MT-TNG,10.L1.4080.4833,071,Vô hiệu hóa,2024-03-01,2025-02-01,2025-02-01,16,permanently_inactive_outside_recent_window
DNB,10.L1.4080.4833,076,Vô hiệu hóa,2024-04-01,2024-04-01,2024-04-01,26,permanently_inactive_outside_recent_window
DNB,10.L1.4080.4833,081,Vô hiệu hóa,2024-02-01,2024-05-01,2024-05-01,25,permanently_inactive_outside_recent_window
DNB,10.L1.4080.4833,094,Vô hiệu hóa,2024-01-01,2025-05-01,2025-05-01,13,permanently_inactive_outside_recent_window
Chưa xác định,10.L1.4080.4833,222,Vô hiệu hóa,2024-03-01,2024-05-01,2024-05-01,25,permanently_inactive_outside_recent_window
DNB,10.L1.4080.4834,013,Vô hiệu hóa,2024-01-01,2024-07-01,2024-07-01,23,permanently_inactive_outside_recent_window
MT-TNG,10.L1.4080.4834,014,Vô hiệu hóa,2024-05-01,2024-06-01,2024-06-01,24,permanently_inactive_outside_recent_window
MT-TNG,10.L1.4080.4834,023,Vô hiệu hóa,2024-01-01,2024-11-01,2024-11-01,19,permanently_inactive_outside_recent_window
MT-TNG,10.L1.4080.4834,049,Vô hiệu hóa,2024-03-01,2025-05-01,2025-05-01,13,permanently_inactive_outside_recent_window
MT-TNG,10.L1.4080.4835,023,Vô hiệu hóa,2024-11-01,2024-11-01,2024-11-01,19,permanently_inactive_outside_recent_window
MT-TNG,10.L1.4080.4835,049,Vô hiệu hóa,2025-05-01,2025-05-01,2025-05-01,13,permanently_inactive_outside_recent_window
MT-TNG,10.L1.4080.4836,014,Vô hiệu hóa,2024-06-01,2024-06-01,2024-06-01,24,permanently_inactive_outside_recent_window
MT-TNG,10.L1.4080.4836,023,Vô hiệu hóa,2024-01-01,2024-01-01,2024-01-01,29,permanently_inactive_outside_recent_window
MT-TNG,10.L1.4080.4836,049,Vô hiệu hóa,2024-04-01,2025-05-01,2025-05-01,13,permanently_inactive_outside_recent_window
Chưa xác định,10.L1.4080.4837,000,Vô hiệu hóa,2024-01-01,2024-05-01,2024-05-01,25,permanently_inactive_outside_recent_window
DNB,10.L1.4080.4837,019,Vô hiệu hóa,2024-04-01,2024-11-01,2024-11-01,19,permanently_inactive_outside_recent_window
MT-TNG,10.L1.4080.4837,059,Vô hiệu hóa,2024-01-01,2025-03-01,2025-03-01,15,permanently_inactive_outside_recent_window
DNB,10.L1.4080.4837,060,Vô hiệu hóa,2024-03-01,2024-05-01,2024-05-01,25,permanently_inactive_outside_recent_window
DNB,10.L1.4080.4837,061,Vô hiệu hóa,2024-01-01,2024-05-01,2024-05-01,25,permanently_inactive_outside_recent_window
MT-TNG,10.L1.4080.4837,064,Vô hiệu hóa,2024-05-01,2024-05-01,2024-05-01,25,permanently_inactive_outside_recent_window
MT-TNG,10.L1.4080.4837,071,Vô hiệu hóa,2024-01-01,2025-05-01,2025-05-01,13,permanently_inactive_outside_recent_window
TNB,10.L1.4080.4837,073,Vô hiệu hóa,2024-01-01,2024-03-01,2024-03-01,27,permanently_inactive_outside_recent_window
DNB,10.L1.4080.4837,076,Vô hiệu hóa,2024-01-01,2024-10-01,2024-10-01,20,permanently_inactive_outside_recent_window
DNB,10.L1.4080.4837,081,Vô hiệu hóa,2024-05-01,2024-05-01,2024-05-01,25,permanently_inactive_outside_recent_window
Chưa xác định,10.L1.4080.4837,222,Vô hiệu hóa,2024-01-01,2024-05-01,2024-05-01,25,permanently_inactive_outside_recent_window
DNB,10.L1.4080.4838,019,Vô hiệu hóa,2024-04-01,2024-04-01,2024-04-01,26,permanently_inactive_outside_recent_window
MT-TNG,10.L1.4080.4838,059,Vô hiệu hóa,2024-01-01,2025-03-01,2025-03-01,15,permanently_inactive_outside_recent_window
DNB,10.L1.4080.4838,060,Vô hiệu hóa,2025-03-01,2025-03-01,2025-03-01,15,permanently_inactive_outside_recent_window
MT-TNG,10.L1.4080.4838,071,Vô hiệu hóa,2024-05-01,2025-05-01,2025-05-01,13,permanently_inactive_outside_recent_window
DNB,10.L1.4080.4838,076,Vô hiệu hóa,2024-01-01,2024-10-01,2024-10-01,20,permanently_inactive_outside_recent_window
MT-TNG,10.L1.4080.4838,079,Vô hiệu hóa,2024-05-01,2024-07-01,2024-07-01,23,permanently_inactive_outside_recent_window
DNB,10.L1.4080.4838,081,Vô hiệu hóa,2024-05-01,2024-05-01,2024-05-01,25,permanently_inactive_outside_recent_window
DNB,10.L1.4080.4839,019,Vô hiệu hóa,2024-04-01,2024-08-01,2024-08-01,22,permanently_inactive_outside_recent_window
MT-TNG,10.L1.4080.4839,059,Vô hiệu hóa,2025-03-01,2025-03-01,2025-03-01,15,permanently_inactive_outside_recent_window
DNB,10.L1.4080.4839,060,Vô hiệu hóa,2024-03-01,2025-03-01,2025-03-01,15,permanently_inactive_outside_recent_window
DNB,10.L1.4080.4839,061,Vô hiệu hóa,2024-01-01,2024-05-01,2024-05-01,25,permanently_inactive_outside_recent_window
MT-TNG,10.L1.4080.4839,071,Vô hiệu hóa,2024-01-01,2025-05-01,2025-05-01,13,permanently_inactive_outside_recent_window
DNB,10.L1.4080.4839,076,Vô hiệu hóa,2024-01-01,2024-10-01,2024-10-01,20,permanently_inactive_outside_recent_window
MT-TNG,10.L1.4080.4839,079,Vô hiệu hóa,2024-05-01,2024-05-01,2024-05-01,25,permanently_inactive_outside_recent_window
Chưa xác định,10.L1.4080.4839,222,Vô hiệu hóa,2024-06-01,2024-06-01,2024-06-01,24,permanently_inactive_outside_recent_window
MT-TNG,10.L1.4080.4841,001,Vô hiệu hóa,2024-01-01,2024-01-01,2024-01-01,29,permanently_inactive_outside_recent_window
DNB,10.L1.4080.4841,002,Vô hiệu hóa,2024-01-01,2025-04-01,2025-04-01,14,permanently_inactive_outside_recent_window
DNB,10.L1.4080.4841,010,Vô hiệu hóa,2024-01-01,2024-01-01,2024-01-01,29,permanently_inactive_outside_recent_window
MT-TNG,10.L1.4080.4841,012,Vô hiệu hóa,2024-01-01,2024-01-01,2024-01-01,29,permanently_inactive_outside_recent_window
DNB,10.L1.4080.4841,013,Vô hiệu hóa,2024-05-01,2024-05-01,2024-05-01,25,permanently_inactive_outside_recent_window
MT-TNG,10.L1.4080.4841,014,Vô hiệu hóa,2024-05-01,2024-05-01,2024-05-01,25,permanently_inactive_outside_recent_window
TNB,10.L1.4080.4841,018,Vô hiệu hóa,2024-04-01,2024-05-01,2024-05-01,25,permanently_inactive_outside_recent_window
MT-TNG,10.L1.4080.4841,023,Vô hiệu hóa,2024-04-01,2024-07-01,2024-07-01,23,permanently_inactive_outside_recent_window
TNB,10.L1.4080.4841,024,Vô hiệu hóa,2024-01-01,2024-06-01,2024-06-01,24,permanently_inactive_outside_recent_window
MT-TNG,10.L1.4080.4841,049,Vô hiệu hóa,2024-03-01,2025-05-01,2025-05-01,13,permanently_inactive_outside_recent_window
TNB,10.L1.4080.4842,018,Vô hiệu hóa,2024-04-01,2024-04-01,2024-04-01,26,permanently_inactive_outside_recent_window
DNB,10.L1.4080.4842,019,Vô hiệu hóa,2024-03-01,2024-12-01,2024-12-01,18,permanently_inactive_outside_recent_window
MT-TNG,10.L1.4080.4842,023,Vô hiệu hóa,2024-07-01,2024-11-01,2024-11-01,19,permanently_inactive_outside_recent_window
TNB,10.L1.4080.4842,024,Vô hiệu hóa,2024-01-01,2024-06-01,2024-06-01,24,permanently_inactive_outside_recent_window
MT-TNG,10.L1.4080.4842,049,Vô hiệu hóa,2024-05-01,2025-05-01,2025-05-01,13,permanently_inactive_outside_recent_window
MT-TNG,10.L1.4080.4843,001,Vô hiệu hóa,2024-01-01,2024-01-01,2024-01-01,29,permanently_inactive_outside_recent_window
DNB,10.L1.4080.4843,019,Vô hiệu hóa,2024-03-01,2024-10-01,2024-10-01,20,permanently_inactive_outside_recent_window
MT-TNG,10.L1.4080.4843,023,Vô hiệu hóa,2024-02-01,2024-07-01,2024-07-01,23,permanently_inactive_outside_recent_window
TNB,10.L1.4080.4843,024,Vô hiệu hóa,2024-05-01,2024-08-01,2024-08-01,22,permanently_inactive_outside_recent_window
MT-TNG,10.L1.4080.4843,049,Vô hiệu hóa,2024-03-01,2024-05-01,2024-05-01,25,permanently_inactive_outside_recent_window
Chưa xác định,10.L1.4080.9951,000,Vô hiệu hóa,2024-01-01,2025-05-01,2025-05-01,13,permanently_inactive_outside_recent_window
TNB,10.L1.4080.9951,024,Vô hiệu hóa,2025-05-01,2025-05-01,2025-05-01,13,permanently_inactive_outside_recent_window
TNB,10.L1.4080.9951,050,Vô hiệu hóa,2024-04-01,2025-05-01,2025-05-01,13,permanently_inactive_outside_recent_window
DNB,10.L1.4080.9951,060,Vô hiệu hóa,2024-08-01,2025-03-01,2025-03-01,15,permanently_inactive_outside_recent_window
TNB,10.L1.4080.9951,063,Vô hiệu hóa,2024-08-01,2024-08-01,2024-08-01,22,permanently_inactive_outside_recent_window
TNB,10.L1.4080.9951,065,Vô hiệu hóa,2024-01-01,2025-05-01,2025-05-01,13,permanently_inactive_outside_recent_window
TNB,10.L1.4080.9951,069,Vô hiệu hóa,2024-08-01,2025-03-01,2025-03-01,15,permanently_inactive_outside_recent_window
TNB,10.L1.4080.9951,073,Vô hiệu hóa,2024-12-01,2024-12-01,2024-12-01,18,permanently_inactive_outside_recent_window
DNB,10.L1.4080.9951,081,Vô hiệu hóa,2024-05-01,2024-12-01,2024-12-01,18,permanently_inactive_outside_recent_window
Chưa xác định,10.L1.4080.9951,222,Vô hiệu hóa,2024-08-01,2025-04-01,2025-04-01,14,permanently_inactive_outside_recent_window
Chưa xác định,10.L1.4080.9952,000,Vô hiệu hóa,2025-04-01,2025-04-01,2025-04-01,14,permanently_inactive_outside_recent_window
TNB,10.L1.4080.9952,050,Vô hiệu hóa,2024-03-01,2025-05-01,2025-05-01,13,permanently_inactive_outside_recent_window
TNB,10.L1.4080.9952,063,Vô hiệu hóa,2024-08-01,2024-12-01,2024-12-01,18,permanently_inactive_outside_recent_window
TNB,10.L1.4080.9952,065,Vô hiệu hóa,2024-05-01,2024-10-01,2024-10-01,20,permanently_inactive_outside_recent_window
MT-TNG,10.L1.4080.9952,079,Vô hiệu hóa,2024-09-01,2024-09-01,2024-09-01,21,permanently_inactive_outside_recent_window
DNB,10.L1.4080.9952,081,Vô hiệu hóa,2024-10-01,2024-11-01,2024-11-01,19,permanently_inactive_outside_recent_window
Chưa xác định,10.L1.4080.9952,222,Vô hiệu hóa,2024-03-01,2024-03-01,2024-03-01,27,permanently_inactive_outside_recent_window
TNB,10.L1.4080.9953,063,Vô hiệu hóa,2024-05-01,2024-08-01,2024-08-01,22,permanently_inactive_outside_recent_window
MT-TNG,10.L1.4080.9953,079,Vô hiệu hóa,2024-09-01,2024-09-01,2024-09-01,21,permanently_inactive_outside_recent_window
DNB,10.L1.4080.9953,081,Vô hiệu hóa,2024-03-01,2024-11-01,2024-11-01,19,permanently_inactive_outside_recent_window
MT-TNG,10.L1.4080.9954,001,Vô hiệu hóa,2024-04-01,2024-05-01,2024-05-01,25,permanently_inactive_outside_recent_window
DNB,10.L1.4080.9954,002,Vô hiệu hóa,2024-01-01,2025-05-01,2025-05-01,13,permanently_inactive_outside_recent_window
MT-TNG,10.L1.4080.9954,012,Vô hiệu hóa,2024-11-01,2024-11-01,2024-11-01,19,permanently_inactive_outside_recent_window
DNB,10.L1.4080.9954,013,Vô hiệu hóa,2024-09-01,2025-03-01,2025-03-01,15,permanently_inactive_outside_recent_window
MT-TNG,10.L1.4080.9954,014,Vô hiệu hóa,2024-05-01,2024-05-01,2024-05-01,25,permanently_inactive_outside_recent_window
TNB,10.L1.4080.9954,015,Vô hiệu hóa,2024-05-01,2024-12-01,2024-12-01,18,permanently_inactive_outside_recent_window
TNB,10.L1.4080.9954,016,Vô hiệu hóa,2024-01-01,2025-05-01,2025-05-01,13,permanently_inactive_outside_recent_window
TNB,10.L1.4080.9954,018,Vô hiệu hóa,2024-01-01,2025-04-01,2025-04-01,14,permanently_inactive_outside_recent_window
TNB,10.L1.4080.9954,024,Vô hiệu hóa,2024-11-01,2024-12-01,2024-12-01,18,permanently_inactive_outside_recent_window
Chưa xác định,10.L1.4080.9954,222,Vô hiệu hóa,2024-03-01,2024-03-01,2024-03-01,27,permanently_inactive_outside_recent_window
MT-TNG,10.L1.4080.9955,001,Vô hiệu hóa,2024-04-01,2024-05-01,2024-05-01,25,permanently_inactive_outside_recent_window
DNB,10.L1.4080.9955,008,Vô hiệu hóa,2024-11-01,2024-11-01,2024-11-01,19,permanently_inactive_outside_recent_window
DNB,10.L1.4080.9955,010,Vô hiệu hóa,2024-08-01,2025-05-01,2025-05-01,13,permanently_inactive_outside_recent_window
TNB,10.L1.4080.9955,016,Vô hiệu hóa,2024-03-01,2025-05-01,2025-05-01,13,permanently_inactive_outside_recent_window
DNB,10.L1.4080.9955,019,Vô hiệu hóa,2024-01-01,2025-03-01,2025-03-01,15,permanently_inactive_outside_recent_window
TNB,10.L1.4080.9955,024,Vô hiệu hóa,2024-11-01,2024-11-01,2024-11-01,19,permanently_inactive_outside_recent_window
Chưa xác định,10.L1.4080.9955,222,Vô hiệu hóa,2024-03-01,2024-03-01,2024-03-01,27,permanently_inactive_outside_recent_window
MT-TNG,10.L1.4080.9956,001,Vô hiệu hóa,2024-05-01,2024-06-01,2024-06-01,24,permanently_inactive_outside_recent_window
DNB,10.L1.4080.9956,002,Vô hiệu hóa,2024-01-01,2025-05-01,2025-05-01,13,permanently_inactive_outside_recent_window
DNB,10.L1.4080.9956,010,Vô hiệu hóa,2024-01-01,2025-05-01,2025-05-01,13,permanently_inactive_outside_recent_window
TNB,10.L1.4080.9956,015,Vô hiệu hóa,2024-01-01,2025-04-01,2025-04-01,14,permanently_inactive_outside_recent_window
TNB,10.L1.4080.9956,016,Vô hiệu hóa,2024-01-01,2025-05-01,2025-05-01,13,permanently_inactive_outside_recent_window
TNB,10.L1.4080.9956,018,Vô hiệu hóa,2024-01-01,2025-04-01,2025-04-01,14,permanently_inactive_outside_recent_window
TNB,10.L1.4080.9956,024,Vô hiệu hóa,2024-11-01,2024-11-01,2024-11-01,19,permanently_inactive_outside_recent_window
Chưa xác định,10.L1.4080.9956,222,Vô hiệu hóa,2024-03-01,2024-03-01,2024-03-01,27,permanently_inactive_outside_recent_window
MT-TNG,10.L1.4080.9957,001,Vô hiệu hóa,2024-03-01,2024-05-01,2024-05-01,25,permanently_inactive_outside_recent_window
DNB,10.L1.4080.9957,008,Vô hiệu hóa,2024-01-01,2025-03-01,2025-03-01,15,permanently_inactive_outside_recent_window
DNB,10.L1.4080.9957,010,Vô hiệu hóa,2024-01-01,2025-05-01,2025-05-01,13,permanently_inactive_outside_recent_window
DNB,10.L1.4080.9957,013,Vô hiệu hóa,2024-12-01,2024-12-01,2024-12-01,18,permanently_inactive_outside_recent_window
MT-TNG,10.L1.4080.9957,014,Vô hiệu hóa,2024-01-01,2025-01-01,2025-01-01,17,permanently_inactive_outside_recent_window
TNB,10.L1.4080.9957,016,Vô hiệu hóa,2024-05-01,2024-08-01,2024-08-01,22,permanently_inactive_outside_recent_window
TNB,10.L1.4080.9957,018,Vô hiệu hóa,2024-01-01,2025-01-01,2025-01-01,17,permanently_inactive_outside_recent_window
DNB,10.L1.4080.9957,019,Vô hiệu hóa,2025-02-01,2025-02-01,2025-02-01,16,permanently_inactive_outside_recent_window
TNB,10.L1.4080.9957,024,Vô hiệu hóa,2024-02-01,2024-03-01,2024-03-01,27,permanently_inactive_outside_recent_window
DNB,10.L1.4080.9957,060,Vô hiệu hóa,2024-04-01,2025-04-01,2025-04-01,14,permanently_inactive_outside_recent_window
TNB,10.L1.4080.9957,063,Vô hiệu hóa,2024-01-01,2025-04-01,2025-04-01,14,permanently_inactive_outside_recent_window
TNB,10.L1.4080.9957,069,Vô hiệu hóa,2024-06-01,2024-09-01,2024-09-01,21,permanently_inactive_outside_recent_window
TNB,10.L1.4080.9957,073,Vô hiệu hóa,2024-02-01,2024-10-01,2024-10-01,20,permanently_inactive_outside_recent_window
MT-TNG,10.L1.4080.9957,079,Vô hiệu hóa,2024-06-01,2024-06-01,2024-06-01,24,permanently_inactive_outside_recent_window
DNB,10.L1.4080.9957,081,Vô hiệu hóa,2024-04-01,2025-04-01,2025-04-01,14,permanently_inactive_outside_recent_window
TNB,10.L1.4080.9957,098,Vô hiệu hóa,2025-03-01,2025-03-01,2025-03-01,15,permanently_inactive_outside_recent_window
Chưa xác định,10.L1.4080.9957,222,Vô hiệu hóa,2024-01-01,2024-10-01,2024-10-01,20,permanently_inactive_outside_recent_window
DNB,10.L1.4080.9958,010,Vô hiệu hóa,2024-05-01,2024-10-01,2024-10-01,20,permanently_inactive_outside_recent_window
MT-TNG,10.L1.4080.9958,012,Vô hiệu hóa,2024-05-01,2024-05-01,2024-05-01,25,permanently_inactive_outside_recent_window
MT-TNG,10.L1.4080.9958,014,Vô hiệu hóa,2024-01-01,2024-10-01,2024-10-01,20,permanently_inactive_outside_recent_window
TNB,10.L1.4080.9958,016,Vô hiệu hóa,2024-05-01,2025-04-01,2025-04-01,14,permanently_inactive_outside_recent_window
TNB,10.L1.4080.9958,018,Vô hiệu hóa,2024-03-01,2024-04-01,2024-04-01,26,permanently_inactive_outside_recent_window
TNB,10.L1.4080.9958,024,Vô hiệu hóa,2024-02-01,2024-03-01,2024-03-01,27,permanently_inactive_outside_recent_window
Chưa xác định,10.L1.4080.9958,222,Vô hiệu hóa,2024-03-01,2024-03-01,2024-03-01,27,permanently_inactive_outside_recent_window
MT-TNG,10.L1.4080.9959,001,Vô hiệu hóa,2024-08-01,2024-08-01,2024-08-01,22,permanently_inactive_outside_recent_window
MT-TNG,10.L1.4080.9959,012,Vô hiệu hóa,2024-01-01,2025-05-01,2025-05-01,13,permanently_inactive_outside_recent_window
DNB,10.L1.4080.9959,013,Vô hiệu hóa,2024-12-01,2024-12-01,2024-12-01,18,permanently_inactive_outside_recent_window
TNB,10.L1.4080.9959,016,Vô hiệu hóa,2024-05-01,2025-04-01,2025-04-01,14,permanently_inactive_outside_recent_window
TNB,10.L1.4080.9959,018,Vô hiệu hóa,2024-03-01,2025-03-01,2025-03-01,15,permanently_inactive_outside_recent_window
TNB,10.L1.4080.9959,024,Vô hiệu hóa,2024-02-01,2025-05-01,2025-05-01,13,permanently_inactive_outside_recent_window
Chưa xác định,10.L1.4080.9959,222,Vô hiệu hóa,2024-03-01,2024-03-01,2024-03-01,27,permanently_inactive_outside_recent_window
TNB,10.L1.4080.9962,050,Vô hiệu hóa,2024-09-01,2025-05-01,2025-05-01,13,permanently_inactive_outside_recent_window
DNB,10.L1.4080.9962,060,Vô hiệu hóa,2024-04-01,2024-04-01,2024-04-01,26,permanently_inactive_outside_recent_window
TNB,10.L1.4080.9962,065,Vô hiệu hóa,2024-03-01,2024-09-01,2024-09-01,21,permanently_inactive_outside_recent_window
TNB,10.L1.4080.9962,073,Vô hiệu hóa,2024-02-01,2024-10-01,2024-10-01,20,permanently_inactive_outside_recent_window
MT-TNG,10.L1.4080.9962,079,Vô hiệu hóa,2024-06-01,2024-06-01,2024-06-01,24,permanently_inactive_outside_recent_window
DNB,10.L1.4080.9962,081,Vô hiệu hóa,2024-09-01,2024-09-01,2024-09-01,21,permanently_inactive_outside_recent_window
Chưa xác định,10.L1.4080.9963,000,Vô hiệu hóa,2024-01-01,2025-04-01,2025-04-01,14,permanently_inactive_outside_recent_window
DNB,10.L1.4080.9963,019,Vô hiệu hóa,2025-02-01,2025-02-01,2025-02-01,16,permanently_inactive_outside_recent_window
TNB,10.L1.4080.9963,050,Vô hiệu hóa,2024-01-01,2025-05-01,2025-05-01,13,permanently_inactive_outside_recent_window
DNB,10.L1.4080.9963,060,Vô hiệu hóa,2024-04-01,2025-04-01,2025-04-01,14,permanently_inactive_outside_recent_window
MT-TNG,10.L1.4080.9963,064,Vô hiệu hóa,2024-05-01,2024-06-01,2024-06-01,24,permanently_inactive_outside_recent_window
TNB,10.L1.4080.9963,065,Vô hiệu hóa,2024-03-01,2025-01-01,2025-01-01,17,permanently_inactive_outside_recent_window
TNB,10.L1.4080.9963,069,Vô hiệu hóa,2024-02-01,2024-09-01,2024-09-01,21,permanently_inactive_outside_recent_window
MT-TNG,10.L1.4080.9963,072,Vô hiệu hóa,2024-06-01,2024-06-01,2024-06-01,24,permanently_inactive_outside_recent_window
TNB,10.L1.4080.9963,073,Vô hiệu hóa,2024-02-01,2024-12-01,2024-12-01,18,permanently_inactive_outside_recent_window
MT-TNG,10.L1.4080.9963,079,Vô hiệu hóa,2024-06-01,2024-06-01,2024-06-01,24,permanently_inactive_outside_recent_window
DNB,10.L1.4080.9963,081,Vô hiệu hóa,2024-01-01,2025-04-01,2025-04-01,14,permanently_inactive_outside_recent_window
Chưa xác định,10.L1.4080.9963,222,Vô hiệu hóa,2024-10-01,2025-04-01,2025-04-01,14,permanently_inactive_outside_recent_window
Chưa xác định,10.L1.4080.9964,000,Vô hiệu hóa,2024-01-01,2025-01-01,2025-01-01,17,permanently_inactive_outside_recent_window
TNB,10.L1.4080.9964,050,Vô hiệu hóa,2024-04-01,2024-05-01,2024-05-01,25,permanently_inactive_outside_recent_window
TNB,10.L1.4080.9964,063,Vô hiệu hóa,2024-10-01,2025-04-01,2025-04-01,14,permanently_inactive_outside_recent_window
MT-TNG,10.L1.4080.9964,064,Vô hiệu hóa,2024-11-01,2024-11-01,2024-11-01,19,permanently_inactive_outside_recent_window
TNB,10.L1.4080.9964,065,Vô hiệu hóa,2024-02-01,2024-12-01,2024-12-01,18,permanently_inactive_outside_recent_window
DNB,10.L1.4080.9964,068,Vô hiệu hóa,2025-05-01,2025-05-01,2025-05-01,13,permanently_inactive_outside_recent_window
TNB,10.L1.4080.9964,073,Vô hiệu hóa,2024-01-01,2024-05-01,2024-05-01,25,permanently_inactive_outside_recent_window
DNB,10.L1.4080.9964,081,Vô hiệu hóa,2024-01-01,2025-03-01,2025-03-01,15,permanently_inactive_outside_recent_window
TNB,10.L1.4080.9964,098,Vô hiệu hóa,2024-09-01,2024-09-01,2024-09-01,21,permanently_inactive_outside_recent_window
Chưa xác định,10.L1.4080.9964,222,Vô hiệu hóa,2024-04-01,2025-02-01,2025-02-01,16,permanently_inactive_outside_recent_window
TNB,10.L1.4080.9965,063,Vô hiệu hóa,2025-02-01,2025-03-01,2025-03-01,15,permanently_inactive_outside_recent_window
MT-TNG,10.L1.4080.9965,071,Vô hiệu hóa,2024-06-01,2024-12-01,2024-12-01,18,permanently_inactive_outside_recent_window
TNB,10.L1.4080.9965,073,Vô hiệu hóa,2024-07-01,2024-07-01,2024-07-01,23,permanently_inactive_outside_recent_window
MT-TNG,10.L1.4080.9965,079,Vô hiệu hóa,2024-11-01,2025-04-01,2025-04-01,14,permanently_inactive_outside_recent_window
DNB,10.L1.4080.9965,081,Vô hiệu hóa,2024-07-01,2024-07-01,2024-07-01,23,permanently_inactive_outside_recent_window
TNB,10.L1.4080.9965,098,Vô hiệu hóa,2024-09-01,2024-09-01,2024-09-01,21,permanently_inactive_outside_recent_window
Chưa xác định,10.L1.4080.9965,222,Vô hiệu hóa,2024-09-01,2024-09-01,2024-09-01,21,permanently_inactive_outside_recent_window
Chưa xác định,10.L1.4080.9966,000,Vô hiệu hóa,2024-07-01,2025-01-01,2025-01-01,17,permanently_inactive_outside_recent_window
TNB,10.L1.4080.9966,050,Vô hiệu hóa,2024-01-01,2024-05-01,2024-05-01,25,permanently_inactive_outside_recent_window
TNB,10.L1.4080.9966,063,Vô hiệu hóa,2024-04-01,2025-03-01,2025-03-01,15,permanently_inactive_outside_recent_window
TNB,10.L1.4080.9966,065,Vô hiệu hóa,2024-06-01,2024-11-01,2024-11-01,19,permanently_inactive_outside_recent_window
TNB,10.L1.4080.9966,069,Vô hiệu hóa,2024-01-01,2024-01-01,2024-01-01,29,permanently_inactive_outside_recent_window
TNB,10.L1.4080.9966,073,Vô hiệu hóa,2024-07-01,2024-07-01,2024-07-01,23,permanently_inactive_outside_recent_window
MT-TNG,10.L1.4080.9966,079,Vô hiệu hóa,2024-11-01,2025-04-01,2025-04-01,14,permanently_inactive_outside_recent_window
DNB,10.L1.4080.9966,081,Vô hiệu hóa,2024-01-01,2025-01-01,2025-01-01,17,permanently_inactive_outside_recent_window
DNB,10.L1.4080.9966,094,Vô hiệu hóa,2024-05-01,2024-05-01,2024-05-01,25,permanently_inactive_outside_recent_window
MT-TNG,10.L1.4080.9967,001,Vô hiệu hóa,2024-05-01,2024-05-01,2024-05-01,25,permanently_inactive_outside_recent_window
DNB,10.L1.4080.9967,002,Vô hiệu hóa,2024-03-01,2025-04-01,2025-04-01,14,permanently_inactive_outside_recent_window
MT-TNG,10.L1.4080.9967,012,Vô hiệu hóa,2024-06-01,2024-06-01,2024-06-01,24,permanently_inactive_outside_recent_window
DNB,10.L1.4080.9967,013,Vô hiệu hóa,2024-01-01,2024-12-01,2024-12-01,18,permanently_inactive_outside_recent_window
TNB,10.L1.4080.9967,015,Vô hiệu hóa,2024-01-01,2024-04-01,2024-04-01,26,permanently_inactive_outside_recent_window
TNB,10.L1.4080.9967,016,Vô hiệu hóa,2024-01-01,2025-02-01,2025-02-01,16,permanently_inactive_outside_recent_window
TNB,10.L1.4080.9967,017,Vô hiệu hóa,2024-01-01,2024-11-01,2024-11-01,19,permanently_inactive_outside_recent_window
DNB,10.L1.4080.9967,019,Vô hiệu hóa,2024-06-01,2025-05-01,2025-05-01,13,permanently_inactive_outside_recent_window
MT-TNG,10.L1.4080.9967,023,Vô hiệu hóa,2024-12-01,2025-03-01,2025-03-01,15,permanently_inactive_outside_recent_window
TNB,10.L1.4080.9967,024,Vô hiệu hóa,2024-11-01,2025-01-01,2025-01-01,17,permanently_inactive_outside_recent_window
Chưa xác định,10.L1.4080.9967,222,Vô hiệu hóa,2024-03-01,2024-03-01,2024-03-01,27,permanently_inactive_outside_recent_window
Chưa xác định,10.L1.4080.9968,000,Vô hiệu hóa,2024-02-01,2024-02-01,2024-02-01,28,permanently_inactive_outside_recent_window
DNB,10.L1.4080.9968,002,Vô hiệu hóa,2025-04-01,2025-04-01,2025-04-01,14,permanently_inactive_outside_recent_window
DNB,10.L1.4080.9968,008,Vô hiệu hóa,2024-11-01,2025-03-01,2025-03-01,15,permanently_inactive_outside_recent_window
DNB,10.L1.4080.9968,010,Vô hiệu hóa,2024-04-01,2025-03-01,2025-03-01,15,permanently_inactive_outside_recent_window
MT-TNG,10.L1.4080.9968,012,Vô hiệu hóa,2024-06-01,2024-06-01,2024-06-01,24,permanently_inactive_outside_recent_window
DNB,10.L1.4080.9968,013,Vô hiệu hóa,2024-01-01,2024-07-01,2024-07-01,23,permanently_inactive_outside_recent_window
TNB,10.L1.4080.9968,015,Vô hiệu hóa,2024-01-01,2024-01-01,2024-01-01,29,permanently_inactive_outside_recent_window
TNB,10.L1.4080.9968,016,Vô hiệu hóa,2024-12-01,2024-12-01,2024-12-01,18,permanently_inactive_outside_recent_window
TNB,10.L1.4080.9968,017,Vô hiệu hóa,2024-01-01,2024-11-01,2024-11-01,19,permanently_inactive_outside_recent_window
TNB,10.L1.4080.9968,018,Vô hiệu hóa,2024-08-01,2024-08-01,2024-08-01,22,permanently_inactive_outside_recent_window
MT-TNG,10.L1.4080.9968,023,Vô hiệu hóa,2024-09-01,2024-12-01,2024-12-01,18,permanently_inactive_outside_recent_window
MT-TNG,10.L1.4080.9968,099,Vô hiệu hóa,2024-03-01,2024-03-01,2024-03-01,27,permanently_inactive_outside_recent_window
Chưa xác định,10.L1.4080.9968,222,Vô hiệu hóa,2024-03-01,2024-03-01,2024-03-01,27,permanently_inactive_outside_recent_window
Chưa xác định,10.L1.4080.9969,000,Vô hiệu hóa,2024-02-01,2024-02-01,2024-02-01,28,permanently_inactive_outside_recent_window
MT-TNG,10.L1.4080.9969,001,Vô hiệu hóa,2024-05-01,2024-06-01,2024-06-01,24,permanently_inactive_outside_recent_window
DNB,10.L1.4080.9969,002,Vô hiệu hóa,2024-03-01,2025-05-01,2025-05-01,13,permanently_inactive_outside_recent_window
MT-TNG,10.L1.4080.9969,012,Vô hiệu hóa,2024-05-01,2024-08-01,2024-08-01,22,permanently_inactive_outside_recent_window
DNB,10.L1.4080.9969,013,Vô hiệu hóa,2024-01-01,2024-06-01,2024-06-01,24,permanently_inactive_outside_recent_window
TNB,10.L1.4080.9969,015,Vô hiệu hóa,2024-01-01,2024-11-01,2024-11-01,19,permanently_inactive_outside_recent_window
TNB,10.L1.4080.9969,016,Vô hiệu hóa,2024-01-01,2025-02-01,2025-02-01,16,permanently_inactive_outside_recent_window
TNB,10.L1.4080.9969,017,Vô hiệu hóa,2024-01-01,2024-11-01,2024-11-01,19,permanently_inactive_outside_recent_window
TNB,10.L1.4080.9969,018,Vô hiệu hóa,2024-08-01,2024-12-01,2024-12-01,18,permanently_inactive_outside_recent_window
MT-TNG,10.L1.4080.9969,078,Vô hiệu hóa,2024-01-01,2024-01-01,2024-01-01,29,permanently_inactive_outside_recent_window
MT-TNG,10.L1.4080.9969,099,Vô hiệu hóa,2024-03-01,2024-03-01,2024-03-01,27,permanently_inactive_outside_recent_window
Chưa xác định,10.L1.4080.9969,222,Vô hiệu hóa,2024-03-01,2024-03-01,2024-03-01,27,permanently_inactive_outside_recent_window
MT-TNG,10.L1.5050.5301,072,Vô hiệu hóa,2024-03-01,2024-03-01,2024-03-01,27,permanently_inactive_outside_recent_window
MT-TNG,10.L1.5050.5304,072,Vô hiệu hóa,2024-03-01,2024-03-01,2024-03-01,27,permanently_inactive_outside_recent_window
DNB,10.L1.5050.5315,008,Vô hiệu hóa,2024-03-01,2025-05-01,2025-05-01,13,permanently_inactive_outside_recent_window
DNB,10.L1.5050.5315,010,Vô hiệu hóa,2024-03-01,2024-07-01,2024-07-01,23,permanently_inactive_outside_recent_window
MT-TNG,10.L1.5050.5315,012,Vô hiệu hóa,2024-03-01,2024-03-01,2024-03-01,27,permanently_inactive_outside_recent_window
DNB,10.L1.5050.5315,013,Vô hiệu hóa,2024-02-01,2024-12-01,2024-12-01,18,permanently_inactive_outside_recent_window
TNB,10.L1.5050.5315,015,Vô hiệu hóa,2024-03-01,2024-12-01,2024-12-01,18,permanently_inactive_outside_recent_window
TNB,10.L1.5050.5315,016,Vô hiệu hóa,2024-03-01,2024-04-01,2024-04-01,26,permanently_inactive_outside_recent_window
TNB,10.L1.5050.5315,017,Vô hiệu hóa,2024-04-01,2025-05-01,2025-05-01,13,permanently_inactive_outside_recent_window
TNB,10.L1.5050.5315,018,Vô hiệu hóa,2024-02-01,2024-05-01,2024-05-01,25,permanently_inactive_outside_recent_window
DNB,10.L1.5050.5315,019,Vô hiệu hóa,2024-09-01,2025-01-01,2025-01-01,17,permanently_inactive_outside_recent_window
DNB,10.L1.5050.5316,010,Vô hiệu hóa,2024-02-01,2024-09-01,2024-09-01,21,permanently_inactive_outside_recent_window
TNB,10.L1.5050.5316,015,Vô hiệu hóa,2024-03-01,2024-09-01,2024-09-01,21,permanently_inactive_outside_recent_window
TNB,10.L1.5050.5316,017,Vô hiệu hóa,2024-03-01,2024-04-01,2024-04-01,26,permanently_inactive_outside_recent_window
TNB,10.L1.5050.5316,018,Vô hiệu hóa,2024-02-01,2025-01-01,2025-01-01,17,permanently_inactive_outside_recent_window
MT-TNG,10.L1.5050.5316,023,Vô hiệu hóa,2024-03-01,2025-04-01,2025-04-01,14,permanently_inactive_outside_recent_window
MT-TNG,10.L1.5050.5316,049,Vô hiệu hóa,2024-03-01,2024-07-01,2024-07-01,23,permanently_inactive_outside_recent_window
TNB,10.L1.5050.5317,011,Vô hiệu hóa,2024-02-01,2024-12-01,2024-12-01,18,permanently_inactive_outside_recent_window
MT-TNG,10.L1.5050.5317,012,Vô hiệu hóa,2024-03-01,2024-04-01,2024-04-01,26,permanently_inactive_outside_recent_window
TNB,10.L1.5050.5317,017,Vô hiệu hóa,2024-03-01,2024-05-01,2024-05-01,25,permanently_inactive_outside_recent_window
MT-TNG,10.L1.5050.5317,023,Vô hiệu hóa,2024-03-01,2024-06-01,2024-06-01,24,permanently_inactive_outside_recent_window
TNB,10.L1.5050.5317,024,Vô hiệu hóa,2024-03-01,2025-05-01,2025-05-01,13,permanently_inactive_outside_recent_window
MT-TNG,10.L1.5050.5317,049,Vô hiệu hóa,2024-03-01,2024-07-01,2024-07-01,23,permanently_inactive_outside_recent_window
DNB,10.L1.5050.5318,008,Vô hiệu hóa,2024-03-01,2024-09-01,2024-09-01,21,permanently_inactive_outside_recent_window
TNB,10.L1.5050.5318,015,Vô hiệu hóa,2024-03-01,2024-06-01,2024-06-01,24,permanently_inactive_outside_recent_window
DNB,10.L1.5050.5318,019,Vô hiệu hóa,2024-09-01,2024-10-01,2024-10-01,20,permanently_inactive_outside_recent_window
TNB,10.L1.5050.5318,024,Vô hiệu hóa,2024-03-01,2024-03-01,2024-03-01,27,permanently_inactive_outside_recent_window
TNB,10.L1.5050.5319,011,Vô hiệu hóa,2024-04-01,2024-09-01,2024-09-01,21,permanently_inactive_outside_recent_window
MT-TNG,10.L1.5050.5319,012,Vô hiệu hóa,2024-02-01,2025-01-01,2025-01-01,17,permanently_inactive_outside_recent_window
TNB,10.L1.5050.5319,018,Vô hiệu hóa,2024-03-01,2025-04-01,2025-04-01,14,permanently_inactive_outside_recent_window
MT-TNG,10.L1.5050.5319,023,Vô hiệu hóa,2024-04-01,2025-04-01,2025-04-01,14,permanently_inactive_outside_recent_window
DNB,10.L1.5050.5321,008,Vô hiệu hóa,2024-02-01,2025-01-01,2025-01-01,17,permanently_inactive_outside_recent_window
DNB,10.L1.5050.5321,010,Vô hiệu hóa,2024-02-01,2024-10-01,2024-10-01,20,permanently_inactive_outside_recent_window
TNB,10.L1.5050.5321,011,Vô hiệu hóa,2024-02-01,2025-01-01,2025-01-01,17,permanently_inactive_outside_recent_window
MT-TNG,10.L1.5050.5321,012,Vô hiệu hóa,2024-02-01,2024-11-01,2024-11-01,19,permanently_inactive_outside_recent_window
DNB,10.L1.5050.5321,013,Vô hiệu hóa,2024-02-01,2025-05-01,2025-05-01,13,permanently_inactive_outside_recent_window
TNB,10.L1.5050.5321,016,Vô hiệu hóa,2024-02-01,2024-10-01,2024-10-01,20,permanently_inactive_outside_recent_window
TNB,10.L1.5050.5321,017,Vô hiệu hóa,2024-03-01,2024-12-01,2024-12-01,18,permanently_inactive_outside_recent_window
DNB,10.L1.5050.5321,019,Vô hiệu hóa,2024-05-01,2024-10-01,2024-10-01,20,permanently_inactive_outside_recent_window
MT-TNG,10.L1.5050.5321,023,Vô hiệu hóa,2024-03-01,2025-04-01,2025-04-01,14,permanently_inactive_outside_recent_window
TNB,10.L1.5050.5321,024,Vô hiệu hóa,2024-07-01,2024-08-01,2024-08-01,22,permanently_inactive_outside_recent_window
MT-TNG,10.L1.5050.5321,049,Vô hiệu hóa,2024-03-01,2024-07-01,2024-07-01,23,permanently_inactive_outside_recent_window
DNB,10.L1.5050.5322,010,Vô hiệu hóa,2024-02-01,2024-03-01,2024-03-01,27,permanently_inactive_outside_recent_window
TNB,10.L1.5050.5322,011,Vô hiệu hóa,2024-02-01,2024-05-01,2024-05-01,25,permanently_inactive_outside_recent_window
MT-TNG,10.L1.5050.5322,012,Vô hiệu hóa,2024-02-01,2024-02-01,2024-02-01,28,permanently_inactive_outside_recent_window
TNB,10.L1.5050.5322,015,Vô hiệu hóa,2024-02-01,2024-03-01,2024-03-01,27,permanently_inactive_outside_recent_window
TNB,10.L1.5050.5322,016,Vô hiệu hóa,2024-02-01,2024-03-01,2024-03-01,27,permanently_inactive_outside_recent_window
TNB,10.L1.5050.5322,018,Vô hiệu hóa,2024-03-01,2024-03-01,2024-03-01,27,permanently_inactive_outside_recent_window
TNB,10.L1.5050.5322,024,Vô hiệu hóa,2024-03-01,2024-03-01,2024-03-01,27,permanently_inactive_outside_recent_window
MT-TNG,10.L1.5050.5322,049,Vô hiệu hóa,2024-02-01,2024-03-01,2024-03-01,27,permanently_inactive_outside_recent_window
DNB,10.L1.5050.5371,019,Vô hiệu hóa,2024-02-01,2024-02-01,2024-02-01,28,permanently_inactive_outside_recent_window
TNB,10.L1.5050.5371,069,Vô hiệu hóa,2024-01-01,2024-02-01,2024-02-01,28,permanently_inactive_outside_recent_window
TNB,10.L1.5050.5371,073,Vô hiệu hóa,2024-02-01,2024-12-01,2024-12-01,18,permanently_inactive_outside_recent_window
DNB,10.L1.5050.5372,019,Vô hiệu hóa,2024-01-01,2024-01-01,2024-01-01,29,permanently_inactive_outside_recent_window
Chưa xác định,10.L1.5050.5373,000,Vô hiệu hóa,2024-01-01,2024-01-01,2024-01-01,29,permanently_inactive_outside_recent_window
DNB,10.L1.5050.5373,019,Vô hiệu hóa,2024-02-01,2024-02-01,2024-02-01,28,permanently_inactive_outside_recent_window
DNB,10.L1.5050.5373,060,Vô hiệu hóa,2024-02-01,2024-02-01,2024-02-01,28,permanently_inactive_outside_recent_window
DNB,10.L1.5050.5373,061,Vô hiệu hóa,2024-03-01,2024-08-01,2024-08-01,22,permanently_inactive_outside_recent_window
TNB,10.L1.5050.5373,069,Vô hiệu hóa,2024-01-01,2024-07-01,2024-07-01,23,permanently_inactive_outside_recent_window
DNB,10.L1.5050.5373,081,Vô hiệu hóa,2024-01-01,2024-01-01,2024-01-01,29,permanently_inactive_outside_recent_window
DNB,10.L1.5050.9871,019,Vô hiệu hóa,2024-06-01,2025-02-01,2025-02-01,16,permanently_inactive_outside_recent_window
DNB,10.L1.5050.9871,060,Vô hiệu hóa,2024-10-01,2024-10-01,2024-10-01,20,permanently_inactive_outside_recent_window
TNB,10.L1.5050.9871,073,Vô hiệu hóa,2024-01-01,2024-12-01,2024-12-01,18,permanently_inactive_outside_recent_window
DNB,10.L1.5050.9871,081,Vô hiệu hóa,2024-03-01,2025-02-01,2025-02-01,16,permanently_inactive_outside_recent_window
DNB,10.L1.5050.9872,019,Vô hiệu hóa,2024-10-01,2025-02-01,2025-02-01,16,permanently_inactive_outside_recent_window
DNB,10.L1.5050.9872,061,Vô hiệu hóa,2024-08-01,2024-08-01,2024-08-01,22,permanently_inactive_outside_recent_window
TNB,10.L1.5050.9872,073,Vô hiệu hóa,2024-06-01,2024-12-01,2024-12-01,18,permanently_inactive_outside_recent_window
DNB,10.L1.5050.9872,081,Vô hiệu hóa,2024-05-01,2024-05-01,2024-05-01,25,permanently_inactive_outside_recent_window
DNB,10.L1.5050.A5315,008,Vô hiệu hóa,2024-07-01,2025-05-01,2025-05-01,13,permanently_inactive_outside_recent_window
DNB,10.L1.5050.A5315,010,Vô hiệu hóa,2024-04-01,2025-01-01,2025-01-01,17,permanently_inactive_outside_recent_window
MT-TNG,10.L1.5050.A5315,012,Vô hiệu hóa,2024-04-01,2025-01-01,2025-01-01,17,permanently_inactive_outside_recent_window
TNB,10.L1.5050.A5315,015,Vô hiệu hóa,2024-07-01,2024-12-01,2024-12-01,18,permanently_inactive_outside_recent_window
TNB,10.L1.5050.A5315,016,Vô hiệu hóa,2024-06-01,2024-12-01,2024-12-01,18,permanently_inactive_outside_recent_window
DNB,10.L1.5050.A5315,019,Vô hiệu hóa,2024-12-01,2025-01-01,2025-01-01,17,permanently_inactive_outside_recent_window
TNB,10.L1.5050.A5315,024,Vô hiệu hóa,2024-04-01,2025-05-01,2025-05-01,13,permanently_inactive_outside_recent_window
DNB,10.L1.5050.A5316,008,Vô hiệu hóa,2024-07-01,2025-03-01,2025-03-01,15,permanently_inactive_outside_recent_window
TNB,10.L1.5050.A5316,015,Vô hiệu hóa,2024-06-01,2025-02-01,2025-02-01,16,permanently_inactive_outside_recent_window
TNB,10.L1.5050.A5316,016,Vô hiệu hóa,2024-04-01,2025-04-01,2025-04-01,14,permanently_inactive_outside_recent_window
TNB,10.L1.5050.A5316,017,Vô hiệu hóa,2024-04-01,2025-01-01,2025-01-01,17,permanently_inactive_outside_recent_window
TNB,10.L1.5050.A5316,018,Vô hiệu hóa,2024-08-01,2025-05-01,2025-05-01,13,permanently_inactive_outside_recent_window
MT-TNG,10.L1.5050.A5316,023,Vô hiệu hóa,2024-09-01,2025-04-01,2025-04-01,14,permanently_inactive_outside_recent_window
MT-TNG,10.L1.5050.A5317,012,Vô hiệu hóa,2024-04-01,2025-05-01,2025-05-01,13,permanently_inactive_outside_recent_window
TNB,10.L1.5050.A5317,018,Vô hiệu hóa,2024-12-01,2025-01-01,2025-01-01,17,permanently_inactive_outside_recent_window
MT-TNG,10.L1.5050.A5317,023,Vô hiệu hóa,2024-07-01,2025-04-01,2025-04-01,14,permanently_inactive_outside_recent_window
MT-TNG,10.L1.5050.A5317,049,Vô hiệu hóa,2024-05-01,2025-05-01,2025-05-01,13,permanently_inactive_outside_recent_window
TNB,10.L1.5050.A5319,011,Vô hiệu hóa,2024-10-01,2025-04-01,2025-04-01,14,permanently_inactive_outside_recent_window
DNB,10.L1.5050.A5321,008,Vô hiệu hóa,2024-10-01,2025-05-01,2025-05-01,13,permanently_inactive_outside_recent_window
TNB,10.L1.5050.A5321,011,Vô hiệu hóa,2024-12-01,2025-04-01,2025-04-01,14,permanently_inactive_outside_recent_window
MT-TNG,10.L1.5050.A5321,012,Vô hiệu hóa,2024-10-01,2025-04-01,2025-04-01,14,permanently_inactive_outside_recent_window
DNB,10.L1.5050.A5321,013,Vô hiệu hóa,2025-03-01,2025-03-01,2025-03-01,15,permanently_inactive_outside_recent_window
TNB,10.L1.5050.A5321,015,Vô hiệu hóa,2024-06-01,2024-10-01,2024-10-01,20,permanently_inactive_outside_recent_window
TNB,10.L1.5050.A5321,017,Vô hiệu hóa,2024-05-01,2025-03-01,2025-03-01,15,permanently_inactive_outside_recent_window
TNB,10.L1.5050.A5321,024,Vô hiệu hóa,2024-08-01,2025-03-01,2025-03-01,15,permanently_inactive_outside_recent_window
DNB,10.L1.5050.A5322,010,Vô hiệu hóa,2024-04-01,2025-05-01,2025-05-01,13,permanently_inactive_outside_recent_window
TNB,10.L1.5050.A5322,011,Vô hiệu hóa,2024-04-01,2025-02-01,2025-02-01,16,permanently_inactive_outside_recent_window
MT-TNG,10.L1.5050.A5322,012,Vô hiệu hóa,2024-03-01,2025-05-01,2025-05-01,13,permanently_inactive_outside_recent_window
TNB,10.L1.5050.A5322,015,Vô hiệu hóa,2024-04-01,2025-04-01,2025-04-01,14,permanently_inactive_outside_recent_window
TNB,10.L1.5050.A5322,017,Vô hiệu hóa,2024-04-01,2025-04-01,2025-04-01,14,permanently_inactive_outside_recent_window
TNB,10.L1.5050.A5322,018,Vô hiệu hóa,2024-05-01,2025-03-01,2025-03-01,15,permanently_inactive_outside_recent_window
TNB,10.L1.5050.A5322,024,Vô hiệu hóa,2024-04-01,2025-01-01,2025-01-01,17,permanently_inactive_outside_recent_window
MT-TNG,10.L1.5050.A5322,049,Vô hiệu hóa,2024-03-01,2025-04-01,2025-04-01,14,permanently_inactive_outside_recent_window
MT-TNG,10.L1.6060.5164,001,Vô hiệu hóa,2024-06-01,2024-06-01,2024-06-01,24,permanently_inactive_outside_recent_window
TNB,10.L1.6060.5164,011,Vô hiệu hóa,2024-05-01,2024-10-01,2024-10-01,20,permanently_inactive_outside_recent_window
MT-TNG,10.L1.6060.5164,014,Vô hiệu hóa,2024-04-01,2024-04-01,2024-04-01,26,permanently_inactive_outside_recent_window
TNB,10.L1.6060.5164,015,Vô hiệu hóa,2024-03-01,2025-05-01,2025-05-01,13,permanently_inactive_outside_recent_window
TNB,10.L1.6060.5164,016,Vô hiệu hóa,2024-06-01,2024-07-01,2024-07-01,23,permanently_inactive_outside_recent_window
MT-TNG,10.L1.6060.5164,023,Vô hiệu hóa,2024-01-01,2025-04-01,2025-04-01,14,permanently_inactive_outside_recent_window
TNB,10.L1.6060.5164,024,Vô hiệu hóa,2024-01-01,2025-04-01,2025-04-01,14,permanently_inactive_outside_recent_window
MT-TNG,10.L1.6060.5164,059,Vô hiệu hóa,2024-01-01,2025-03-01,2025-03-01,15,permanently_inactive_outside_recent_window
MT-TNG,10.L1.6060.5164,072,Vô hiệu hóa,2024-03-01,2025-03-01,2025-03-01,15,permanently_inactive_outside_recent_window
Chưa xác định,10.L1.6060.5165,000,Vô hiệu hóa,2024-04-01,2024-07-01,2024-07-01,23,permanently_inactive_outside_recent_window
TNB,10.L1.6060.5165,024,Vô hiệu hóa,2024-12-01,2024-12-01,2024-12-01,18,permanently_inactive_outside_recent_window
TNB,10.L1.6060.5165,050,Vô hiệu hóa,2024-01-01,2024-11-01,2024-11-01,19,permanently_inactive_outside_recent_window
MT-TNG,10.L1.6060.5165,059,Vô hiệu hóa,2024-01-01,2024-06-01,2024-06-01,24,permanently_inactive_outside_recent_window
DNB,10.L1.6060.5165,060,Vô hiệu hóa,2024-01-01,2025-01-01,2025-01-01,17,permanently_inactive_outside_recent_window
DNB,10.L1.6060.5165,061,Vô hiệu hóa,2024-11-01,2024-11-01,2024-11-01,19,permanently_inactive_outside_recent_window
MT-TNG,10.L1.6060.5165,067,Vô hiệu hóa,2024-05-01,2024-12-01,2024-12-01,18,permanently_inactive_outside_recent_window
TNB,10.L1.6060.5165,069,Vô hiệu hóa,2024-01-01,2025-01-01,2025-01-01,17,permanently_inactive_outside_recent_window
DNB,10.L1.6060.5165,076,Vô hiệu hóa,2024-01-01,2024-06-01,2024-06-01,24,permanently_inactive_outside_recent_window
MT-TNG,10.L1.6060.5165,079,Vô hiệu hóa,2024-01-01,2025-04-01,2025-04-01,14,permanently_inactive_outside_recent_window
DNB,10.L1.6060.5165,081,Vô hiệu hóa,2024-03-01,2024-06-01,2024-06-01,24,permanently_inactive_outside_recent_window
Chưa xác định,10.L1.6060.5165,222,Vô hiệu hóa,2024-01-01,2024-01-01,2024-01-01,29,permanently_inactive_outside_recent_window
TNB,10.L1.6060.5166,050,Vô hiệu hóa,2024-07-01,2024-07-01,2024-07-01,23,permanently_inactive_outside_recent_window
DNB,10.L1.6060.5166,060,Vô hiệu hóa,2024-01-01,2025-05-01,2025-05-01,13,permanently_inactive_outside_recent_window
MT-TNG,10.L1.6060.5166,064,Vô hiệu hóa,2024-01-01,2024-01-01,2024-01-01,29,permanently_inactive_outside_recent_window
DNB,10.L1.6060.5166,068,Vô hiệu hóa,2025-05-01,2025-05-01,2025-05-01,13,permanently_inactive_outside_recent_window
TNB,10.L1.6060.5166,069,Vô hiệu hóa,2024-03-01,2025-01-01,2025-01-01,17,permanently_inactive_outside_recent_window
MT-TNG,10.L1.6060.5166,072,Vô hiệu hóa,2024-01-01,2024-03-01,2024-03-01,27,permanently_inactive_outside_recent_window
TNB,10.L1.6060.5166,073,Vô hiệu hóa,2024-01-01,2024-09-01,2024-09-01,21,permanently_inactive_outside_recent_window
DNB,10.L1.6060.5166,076,Vô hiệu hóa,2024-01-01,2024-10-01,2024-10-01,20,permanently_inactive_outside_recent_window
DNB,10.L1.6060.5166,081,Vô hiệu hóa,2024-04-01,2025-04-01,2025-04-01,14,permanently_inactive_outside_recent_window
Chưa xác định,10.L1.6060.5167,000,Vô hiệu hóa,2024-01-01,2024-12-01,2024-12-01,18,permanently_inactive_outside_recent_window
MT-TNG,10.L1.6060.5167,001,Vô hiệu hóa,2024-03-01,2024-08-01,2024-08-01,22,permanently_inactive_outside_recent_window
DNB,10.L1.6060.5167,019,Vô hiệu hóa,2024-04-01,2024-09-01,2024-09-01,21,permanently_inactive_outside_recent_window
TNB,10.L1.6060.5167,050,Vô hiệu hóa,2024-01-01,2024-11-01,2024-11-01,19,permanently_inactive_outside_recent_window
MT-TNG,10.L1.6060.5167,059,Vô hiệu hóa,2024-01-01,2024-09-01,2024-09-01,21,permanently_inactive_outside_recent_window
DNB,10.L1.6060.5167,060,Vô hiệu hóa,2024-01-01,2025-04-01,2025-04-01,14,permanently_inactive_outside_recent_window
DNB,10.L1.6060.5167,061,Vô hiệu hóa,2024-03-01,2024-09-01,2024-09-01,21,permanently_inactive_outside_recent_window
TNB,10.L1.6060.5167,063,Vô hiệu hóa,2024-01-01,2025-01-01,2025-01-01,17,permanently_inactive_outside_recent_window
MT-TNG,10.L1.6060.5167,067,Vô hiệu hóa,2024-04-01,2024-10-01,2024-10-01,20,permanently_inactive_outside_recent_window
TNB,10.L1.6060.5167,069,Vô hiệu hóa,2024-01-01,2024-10-01,2024-10-01,20,permanently_inactive_outside_recent_window
MT-TNG,10.L1.6060.5167,072,Vô hiệu hóa,2024-01-01,2025-04-01,2025-04-01,14,permanently_inactive_outside_recent_window
DNB,10.L1.6060.5167,076,Vô hiệu hóa,2024-03-01,2025-04-01,2025-04-01,14,permanently_inactive_outside_recent_window
DNB,10.L1.6060.5167,081,Vô hiệu hóa,2024-01-01,2025-01-01,2025-01-01,17,permanently_inactive_outside_recent_window
DNB,10.L1.6060.5167,094,Vô hiệu hóa,2024-09-01,2024-09-01,2024-09-01,21,permanently_inactive_outside_recent_window
Chưa xác định,10.L1.6060.5167,222,Vô hiệu hóa,2024-05-01,2024-10-01,2024-10-01,20,permanently_inactive_outside_recent_window
Chưa xác định,10.L1.6060.5168,000,Vô hiệu hóa,2024-04-01,2024-11-01,2024-11-01,19,permanently_inactive_outside_recent_window
MT-TNG,10.L1.6060.5168,001,Vô hiệu hóa,2024-01-01,2024-10-01,2024-10-01,20,permanently_inactive_outside_recent_window
MT-TNG,10.L1.6060.5168,049,Vô hiệu hóa,2024-03-01,2024-10-01,2024-10-01,20,permanently_inactive_outside_recent_window
MT-TNG,10.L1.6060.5168,059,Vô hiệu hóa,2024-03-01,2025-03-01,2025-03-01,15,permanently_inactive_outside_recent_window
DNB,10.L1.6060.5168,061,Vô hiệu hóa,2024-08-01,2024-11-01,2024-11-01,19,permanently_inactive_outside_recent_window
TNB,10.L1.6060.5168,063,Vô hiệu hóa,2024-01-01,2025-04-01,2025-04-01,14,permanently_inactive_outside_recent_window
MT-TNG,10.L1.6060.5168,067,Vô hiệu hóa,2024-01-01,2024-12-01,2024-12-01,18,permanently_inactive_outside_recent_window
TNB,10.L1.6060.5168,069,Vô hiệu hóa,2024-01-01,2025-01-01,2025-01-01,17,permanently_inactive_outside_recent_window
MT-TNG,10.L1.6060.5168,070,Vô hiệu hóa,2024-01-01,2024-09-01,2024-09-01,21,permanently_inactive_outside_recent_window
MT-TNG,10.L1.6060.5168,072,Vô hiệu hóa,2024-01-01,2024-04-01,2024-04-01,26,permanently_inactive_outside_recent_window
TNB,10.L1.6060.5168,073,Vô hiệu hóa,2024-01-01,2024-10-01,2024-10-01,20,permanently_inactive_outside_recent_window
DNB,10.L1.6060.5168,076,Vô hiệu hóa,2024-01-01,2024-09-01,2024-09-01,21,permanently_inactive_outside_recent_window
MT-TNG,10.L1.6060.5168,079,Vô hiệu hóa,2024-03-01,2025-04-01,2025-04-01,14,permanently_inactive_outside_recent_window
DNB,10.L1.6060.5168,081,Vô hiệu hóa,2024-05-01,2024-12-01,2024-12-01,18,permanently_inactive_outside_recent_window
Chưa xác định,10.L1.6060.5169,000,Vô hiệu hóa,2024-01-01,2024-12-01,2024-12-01,18,permanently_inactive_outside_recent_window
DNB,10.L1.6060.5169,019,Vô hiệu hóa,2024-01-01,2024-07-01,2024-07-01,23,permanently_inactive_outside_recent_window
TNB,10.L1.6060.5169,050,Vô hiệu hóa,2024-01-01,2025-02-01,2025-02-01,16,permanently_inactive_outside_recent_window
MT-TNG,10.L1.6060.5169,059,Vô hiệu hóa,2024-02-01,2024-10-01,2024-10-01,20,permanently_inactive_outside_recent_window
DNB,10.L1.6060.5169,060,Vô hiệu hóa,2024-03-01,2025-03-01,2025-03-01,15,permanently_inactive_outside_recent_window
DNB,10.L1.6060.5169,061,Vô hiệu hóa,2024-01-01,2024-09-01,2024-09-01,21,permanently_inactive_outside_recent_window
MT-TNG,10.L1.6060.5169,067,Vô hiệu hóa,2024-01-01,2024-01-01,2024-01-01,29,permanently_inactive_outside_recent_window
TNB,10.L1.6060.5169,069,Vô hiệu hóa,2024-05-01,2025-01-01,2025-01-01,17,permanently_inactive_outside_recent_window
MT-TNG,10.L1.6060.5169,070,Vô hiệu hóa,2024-09-01,2024-09-01,2024-09-01,21,permanently_inactive_outside_recent_window
MT-TNG,10.L1.6060.5169,071,Vô hiệu hóa,2024-03-01,2025-01-01,2025-01-01,17,permanently_inactive_outside_recent_window
MT-TNG,10.L1.6060.5169,072,Vô hiệu hóa,2024-01-01,2025-03-01,2025-03-01,15,permanently_inactive_outside_recent_window
DNB,10.L1.6060.5169,076,Vô hiệu hóa,2024-06-01,2024-08-01,2024-08-01,22,permanently_inactive_outside_recent_window
MT-TNG,10.L1.6060.5169,079,Vô hiệu hóa,2024-01-01,2025-04-01,2025-04-01,14,permanently_inactive_outside_recent_window
DNB,10.L1.6060.5169,081,Vô hiệu hóa,2024-01-01,2024-12-01,2024-12-01,18,permanently_inactive_outside_recent_window
MT-TNG,10.L1.6060.5169,099,Vô hiệu hóa,2024-07-01,2024-08-01,2024-08-01,22,permanently_inactive_outside_recent_window
MT-TNG,10.L1.6060.5189,001,Vô hiệu hóa,2024-01-01,2025-03-01,2025-03-01,15,permanently_inactive_outside_recent_window
DNB,10.L1.6060.5189,002,Vô hiệu hóa,2024-02-01,2024-05-01,2024-05-01,25,permanently_inactive_outside_recent_window
DNB,10.L1.6060.5189,008,Vô hiệu hóa,2024-01-01,2025-05-01,2025-05-01,13,permanently_inactive_outside_recent_window
DNB,10.L1.6060.5189,010,Vô hiệu hóa,2024-02-01,2025-04-01,2025-04-01,14,permanently_inactive_outside_recent_window
MT-TNG,10.L1.6060.5189,012,Vô hiệu hóa,2024-01-01,2024-11-01,2024-11-01,19,permanently_inactive_outside_recent_window
MT-TNG,10.L1.6060.5189,014,Vô hiệu hóa,2024-03-01,2024-11-01,2024-11-01,19,permanently_inactive_outside_recent_window
TNB,10.L1.6060.5189,016,Vô hiệu hóa,2024-01-01,2024-01-01,2024-01-01,29,permanently_inactive_outside_recent_window
TNB,10.L1.6060.5189,017,Vô hiệu hóa,2024-03-01,2025-05-01,2025-05-01,13,permanently_inactive_outside_recent_window
MT-TNG,10.L1.6060.5189,023,Vô hiệu hóa,2024-05-01,2025-05-01,2025-05-01,13,permanently_inactive_outside_recent_window
TNB,10.L1.6060.5189,024,Vô hiệu hóa,2024-01-01,2024-06-01,2024-06-01,24,permanently_inactive_outside_recent_window
MT-TNG,10.L1.6060.5189,070,Vô hiệu hóa,2024-03-01,2024-03-01,2024-03-01,27,permanently_inactive_outside_recent_window
MT-TNG,10.L1.6060.5189,078,Vô hiệu hóa,2024-01-01,2024-02-01,2024-02-01,28,permanently_inactive_outside_recent_window
MT-TNG,10.L1.6060.5189,099,Vô hiệu hóa,2024-06-01,2024-12-01,2024-12-01,18,permanently_inactive_outside_recent_window
MT-TNG,10.L1.6060.5191,001,Vô hiệu hóa,2024-01-01,2024-11-01,2024-11-01,19,permanently_inactive_outside_recent_window
DNB,10.L1.6060.5191,002,Vô hiệu hóa,2024-03-01,2024-12-01,2024-12-01,18,permanently_inactive_outside_recent_window
DNB,10.L1.6060.5191,010,Vô hiệu hóa,2024-01-01,2025-01-01,2025-01-01,17,permanently_inactive_outside_recent_window
MT-TNG,10.L1.6060.5191,012,Vô hiệu hóa,2024-01-01,2025-04-01,2025-04-01,14,permanently_inactive_outside_recent_window
DNB,10.L1.6060.5191,013,Vô hiệu hóa,2024-09-01,2024-09-01,2024-09-01,21,permanently_inactive_outside_recent_window
MT-TNG,10.L1.6060.5191,014,Vô hiệu hóa,2024-01-01,2025-02-01,2025-02-01,16,permanently_inactive_outside_recent_window
TNB,10.L1.6060.5191,015,Vô hiệu hóa,2024-01-01,2024-11-01,2024-11-01,19,permanently_inactive_outside_recent_window
TNB,10.L1.6060.5191,016,Vô hiệu hóa,2024-01-01,2025-02-01,2025-02-01,16,permanently_inactive_outside_recent_window
TNB,10.L1.6060.5191,017,Vô hiệu hóa,2024-01-01,2025-02-01,2025-02-01,16,permanently_inactive_outside_recent_window
DNB,10.L1.6060.5191,022,Vô hiệu hóa,2024-05-01,2024-12-01,2024-12-01,18,permanently_inactive_outside_recent_window
MT-TNG,10.L1.6060.5191,023,Vô hiệu hóa,2024-04-01,2024-11-01,2024-11-01,19,permanently_inactive_outside_recent_window
TNB,10.L1.6060.5191,024,Vô hiệu hóa,2024-01-01,2025-04-01,2025-04-01,14,permanently_inactive_outside_recent_window
MT-TNG,10.L1.6060.5191,049,Vô hiệu hóa,2024-01-01,2025-05-01,2025-05-01,13,permanently_inactive_outside_recent_window
MT-TNG,10.L1.6060.5191,070,Vô hiệu hóa,2024-09-01,2024-09-01,2024-09-01,21,permanently_inactive_outside_recent_window
MT-TNG,10.L1.6060.5191,072,Vô hiệu hóa,2025-04-01,2025-04-01,2025-04-01,14,permanently_inactive_outside_recent_window
MT-TNG,10.L1.6060.5191,078,Vô hiệu hóa,2024-01-01,2024-01-01,2024-01-01,29,permanently_inactive_outside_recent_window
MT-TNG,10.L1.6060.5191,099,Vô hiệu hóa,2024-05-01,2025-01-01,2025-01-01,17,permanently_inactive_outside_recent_window
Chưa xác định,10.L1.6060.5191,222,Vô hiệu hóa,2024-02-01,2024-02-01,2024-02-01,28,permanently_inactive_outside_recent_window
MT-TNG,10.L1.6060.5192,001,Vô hiệu hóa,2024-01-01,2025-04-01,2025-04-01,14,permanently_inactive_outside_recent_window
DNB,10.L1.6060.5192,002,Vô hiệu hóa,2024-03-01,2024-10-01,2024-10-01,20,permanently_inactive_outside_recent_window
DNB,10.L1.6060.5192,010,Vô hiệu hóa,2024-04-01,2025-04-01,2025-04-01,14,permanently_inactive_outside_recent_window
MT-TNG,10.L1.6060.5192,012,Vô hiệu hóa,2024-01-01,2025-04-01,2025-04-01,14,permanently_inactive_outside_recent_window
DNB,10.L1.6060.5192,013,Vô hiệu hóa,2025-02-01,2025-02-01,2025-02-01,16,permanently_inactive_outside_recent_window
MT-TNG,10.L1.6060.5192,014,Vô hiệu hóa,2024-01-01,2024-06-01,2024-06-01,24,permanently_inactive_outside_recent_window
TNB,10.L1.6060.5192,015,Vô hiệu hóa,2024-01-01,2024-11-01,2024-11-01,19,permanently_inactive_outside_recent_window
TNB,10.L1.6060.5192,024,Vô hiệu hóa,2024-01-01,2024-10-01,2024-10-01,20,permanently_inactive_outside_recent_window
MT-TNG,10.L1.6060.5192,049,Vô hiệu hóa,2024-01-01,2025-05-01,2025-05-01,13,permanently_inactive_outside_recent_window
MT-TNG,10.L1.6060.5192,070,Vô hiệu hóa,2024-03-01,2024-04-01,2024-04-01,26,permanently_inactive_outside_recent_window
MT-TNG,10.L1.6060.5192,078,Vô hiệu hóa,2024-01-01,2024-01-01,2024-01-01,29,permanently_inactive_outside_recent_window
Chưa xác định,10.L1.6060.5192,222,Vô hiệu hóa,2024-02-01,2024-02-01,2024-02-01,28,permanently_inactive_outside_recent_window
Chưa xác định,10.L1.6060.5193,000,Vô hiệu hóa,2024-01-01,2024-05-01,2024-05-01,25,permanently_inactive_outside_recent_window
MT-TNG,10.L1.6060.5193,059,Vô hiệu hóa,2024-01-01,2025-01-01,2025-01-01,17,permanently_inactive_outside_recent_window
DNB,10.L1.6060.5193,061,Vô hiệu hóa,2024-03-01,2024-04-01,2024-04-01,26,permanently_inactive_outside_recent_window
MT-TNG,10.L1.6060.5193,064,Vô hiệu hóa,2024-01-01,2024-01-01,2024-01-01,29,permanently_inactive_outside_recent_window
TNB,10.L1.6060.5193,065,Vô hiệu hóa,2024-11-01,2025-03-01,2025-03-01,15,permanently_inactive_outside_recent_window
MT-TNG,10.L1.6060.5193,072,Vô hiệu hóa,2024-03-01,2025-04-01,2025-04-01,14,permanently_inactive_outside_recent_window
TNB,10.L1.6060.5193,073,Vô hiệu hóa,2024-01-01,2024-09-01,2024-09-01,21,permanently_inactive_outside_recent_window
DNB,10.L1.6060.5193,076,Vô hiệu hóa,2024-01-01,2024-06-01,2024-06-01,24,permanently_inactive_outside_recent_window
DNB,10.L1.6060.5193,081,Vô hiệu hóa,2024-04-01,2024-06-01,2024-06-01,24,permanently_inactive_outside_recent_window
Chưa xác định,10.L1.6060.5193,222,Vô hiệu hóa,2024-08-01,2024-08-01,2024-08-01,22,permanently_inactive_outside_recent_window
Chưa xác định,10.L1.6060.5194,000,Vô hiệu hóa,2024-04-01,2024-09-01,2024-09-01,21,permanently_inactive_outside_recent_window
TNB,10.L1.6060.5194,050,Vô hiệu hóa,2024-01-01,2025-01-01,2025-01-01,17,permanently_inactive_outside_recent_window
MT-TNG,10.L1.6060.5194,059,Vô hiệu hóa,2024-01-01,2025-01-01,2025-01-01,17,permanently_inactive_outside_recent_window
DNB,10.L1.6060.5194,061,Vô hiệu hóa,2024-04-01,2024-06-01,2024-06-01,24,permanently_inactive_outside_recent_window
MT-TNG,10.L1.6060.5194,064,Vô hiệu hóa,2024-01-01,2025-03-01,2025-03-01,15,permanently_inactive_outside_recent_window
TNB,10.L1.6060.5194,065,Vô hiệu hóa,2024-01-01,2024-12-01,2024-12-01,18,permanently_inactive_outside_recent_window
MT-TNG,10.L1.6060.5194,072,Vô hiệu hóa,2024-02-01,2025-04-01,2025-04-01,14,permanently_inactive_outside_recent_window
MT-TNG,10.L1.6060.5194,079,Vô hiệu hóa,2024-03-01,2025-04-01,2025-04-01,14,permanently_inactive_outside_recent_window
TNB,10.L1.6060.5194,098,Vô hiệu hóa,2024-12-01,2024-12-01,2024-12-01,18,permanently_inactive_outside_recent_window
Chưa xác định,10.L1.6060.5194,222,Vô hiệu hóa,2024-04-01,2025-01-01,2025-01-01,17,permanently_inactive_outside_recent_window
DNB,10.L1.6060.5195,010,Vô hiệu hóa,2024-06-01,2024-06-01,2024-06-01,24,permanently_inactive_outside_recent_window
MT-TNG,10.L1.6060.5195,012,Vô hiệu hóa,2024-04-01,2024-12-01,2024-12-01,18,permanently_inactive_outside_recent_window
DNB,10.L1.6060.5195,013,Vô hiệu hóa,2024-01-01,2024-01-01,2024-01-01,29,permanently_inactive_outside_recent_window
MT-TNG,10.L1.6060.5195,014,Vô hiệu hóa,2024-03-01,2024-11-01,2024-11-01,19,permanently_inactive_outside_recent_window
TNB,10.L1.6060.5195,015,Vô hiệu hóa,2024-01-01,2025-03-01,2025-03-01,15,permanently_inactive_outside_recent_window
TNB,10.L1.6060.5195,016,Vô hiệu hóa,2024-11-01,2024-12-01,2024-12-01,18,permanently_inactive_outside_recent_window
MT-TNG,10.L1.6060.5195,023,Vô hiệu hóa,2024-01-01,2025-04-01,2025-04-01,14,permanently_inactive_outside_recent_window
MT-TNG,10.L1.6060.5195,099,Vô hiệu hóa,2024-08-01,2024-08-01,2024-08-01,22,permanently_inactive_outside_recent_window
Chưa xác định,10.L1.6060.5195,222,Vô hiệu hóa,2024-01-01,2024-02-01,2024-02-01,28,permanently_inactive_outside_recent_window
DNB,10.L1.6060.5196,002,Vô hiệu hóa,2024-10-01,2024-10-01,2024-10-01,20,permanently_inactive_outside_recent_window
DNB,10.L1.6060.5196,008,Vô hiệu hóa,2024-01-01,2025-03-01,2025-03-01,15,permanently_inactive_outside_recent_window
DNB,10.L1.6060.5196,013,Vô hiệu hóa,2024-01-01,2024-12-01,2024-12-01,18,permanently_inactive_outside_recent_window
TNB,10.L1.6060.5196,015,Vô hiệu hóa,2024-02-01,2025-05-01,2025-05-01,13,permanently_inactive_outside_recent_window
TNB,10.L1.6060.5196,018,Vô hiệu hóa,2024-01-01,2024-12-01,2024-12-01,18,permanently_inactive_outside_recent_window
DNB,10.L1.6060.5196,022,Vô hiệu hóa,2024-01-01,2024-11-01,2024-11-01,19,permanently_inactive_outside_recent_window
TNB,10.L1.6060.5196,024,Vô hiệu hóa,2024-03-01,2025-01-01,2025-01-01,17,permanently_inactive_outside_recent_window
MT-TNG,10.L1.6060.5196,072,Vô hiệu hóa,2025-03-01,2025-04-01,2025-04-01,14,permanently_inactive_outside_recent_window
MT-TNG,10.L1.6060.5196,099,Vô hiệu hóa,2024-05-01,2024-10-01,2024-10-01,20,permanently_inactive_outside_recent_window
Chưa xác định,10.L1.6060.5196,222,Vô hiệu hóa,2024-02-01,2024-02-01,2024-02-01,28,permanently_inactive_outside_recent_window
MT-TNG,10.L1.6060.5412,072,Vô hiệu hóa,2024-09-01,2024-09-01,2024-09-01,21,permanently_inactive_outside_recent_window
MT-TNG,10.L1.6060.5414,070,Vô hiệu hóa,2024-01-01,2024-01-01,2024-01-01,29,permanently_inactive_outside_recent_window
MT-TNG,10.L1.6060.5414,071,Vô hiệu hóa,2024-04-01,2024-04-01,2024-04-01,26,permanently_inactive_outside_recent_window
MT-TNG,10.L1.6060.5414,072,Vô hiệu hóa,2024-09-01,2024-09-01,2024-09-01,21,permanently_inactive_outside_recent_window
TNB,10.L1.6060.5431,011,Vô hiệu hóa,2024-08-01,2024-08-01,2024-08-01,22,permanently_inactive_outside_recent_window
TNB,10.L1.6060.5431,017,Vô hiệu hóa,2024-01-01,2024-03-01,2024-03-01,27,permanently_inactive_outside_recent_window
TNB,10.L1.6060.5431,024,Vô hiệu hóa,2024-01-01,2024-01-01,2024-01-01,29,permanently_inactive_outside_recent_window
DNB,10.L1.6060.5431,097,Vô hiệu hóa,2024-01-01,2024-03-01,2024-03-01,27,permanently_inactive_outside_recent_window
TNB,10.L1.6060.5436,011,Vô hiệu hóa,2024-07-01,2024-07-01,2024-07-01,23,permanently_inactive_outside_recent_window
TNB,10.L1.6060.5436,024,Vô hiệu hóa,2024-01-01,2024-01-01,2024-01-01,29,permanently_inactive_outside_recent_window
DNB,10.L1.6060.5436,097,Vô hiệu hóa,2024-01-01,2024-01-01,2024-01-01,29,permanently_inactive_outside_recent_window
TNB,10.L1.6060.5438,011,Vô hiệu hóa,2024-01-01,2024-08-01,2024-08-01,22,permanently_inactive_outside_recent_window
TNB,10.L1.6060.5438,024,Vô hiệu hóa,2024-01-01,2024-03-01,2024-03-01,27,permanently_inactive_outside_recent_window
TNB,10.L1.6060.5438,069,Vô hiệu hóa,2024-03-01,2025-01-01,2025-01-01,17,permanently_inactive_outside_recent_window
DNB,10.L1.6060.5438,097,Vô hiệu hóa,2024-01-01,2024-06-01,2024-06-01,24,permanently_inactive_outside_recent_window
TNB,10.L1.6060.5442,011,Vô hiệu hóa,2024-04-01,2024-08-01,2024-08-01,22,permanently_inactive_outside_recent_window
TNB,10.L1.6060.5442,017,Vô hiệu hóa,2024-01-01,2024-03-01,2024-03-01,27,permanently_inactive_outside_recent_window
TNB,10.L1.6060.5442,024,Vô hiệu hóa,2024-04-01,2024-04-01,2024-04-01,26,permanently_inactive_outside_recent_window
TNB,10.L1.6060.5442,069,Vô hiệu hóa,2024-04-01,2025-01-01,2025-01-01,17,permanently_inactive_outside_recent_window
DNB,10.L1.6060.5442,097,Vô hiệu hóa,2024-02-01,2024-03-01,2024-03-01,27,permanently_inactive_outside_recent_window
TNB,10.L1.6060.5443,011,Vô hiệu hóa,2024-02-01,2024-08-01,2024-08-01,22,permanently_inactive_outside_recent_window
DNB,10.L1.6060.5443,097,Vô hiệu hóa,2024-03-01,2024-03-01,2024-03-01,27,permanently_inactive_outside_recent_window
MT-TNG,10.L1.6060.5444,001,Vô hiệu hóa,2024-01-01,2024-03-01,2024-03-01,27,permanently_inactive_outside_recent_window
DNB,10.L1.6060.5444,010,Vô hiệu hóa,2024-05-01,2024-05-01,2024-05-01,25,permanently_inactive_outside_recent_window
MT-TNG,10.L1.6060.5444,012,Vô hiệu hóa,2024-03-01,2024-04-01,2024-04-01,26,permanently_inactive_outside_recent_window
TNB,10.L1.6060.5444,016,Vô hiệu hóa,2024-01-01,2024-06-01,2024-06-01,24,permanently_inactive_outside_recent_window
TNB,10.L1.6060.5444,017,Vô hiệu hóa,2024-02-01,2025-03-01,2025-03-01,15,permanently_inactive_outside_recent_window
DNB,10.L1.6060.5444,019,Vô hiệu hóa,2024-02-01,2024-02-01,2024-02-01,28,permanently_inactive_outside_recent_window
DNB,10.L1.6060.5444,022,Vô hiệu hóa,2024-04-01,2024-07-01,2024-07-01,23,permanently_inactive_outside_recent_window
MT-TNG,10.L1.6060.5444,023,Vô hiệu hóa,2024-03-01,2024-03-01,2024-03-01,27,permanently_inactive_outside_recent_window
TNB,10.L1.6060.5444,069,Vô hiệu hóa,2024-05-01,2024-05-01,2024-05-01,25,permanently_inactive_outside_recent_window
MT-TNG,10.L1.6060.5444,071,Vô hiệu hóa,2024-05-01,2024-06-01,2024-06-01,24,permanently_inactive_outside_recent_window
MT-TNG,10.L1.6060.5444,072,Vô hiệu hóa,2024-03-01,2024-06-01,2024-06-01,24,permanently_inactive_outside_recent_window
MT-TNG,10.L1.6060.5444,095,Vô hiệu hóa,2024-01-01,2024-01-01,2024-01-01,29,permanently_inactive_outside_recent_window
DNB,10.L1.6060.5444,097,Vô hiệu hóa,2024-03-01,2024-05-01,2024-05-01,25,permanently_inactive_outside_recent_window
Chưa xác định,10.L1.6060.5444,222,Vô hiệu hóa,2024-03-01,2024-03-01,2024-03-01,27,permanently_inactive_outside_recent_window
MT-TNG,10.L1.6060.5445,001,Vô hiệu hóa,2024-03-01,2024-03-01,2024-03-01,27,permanently_inactive_outside_recent_window
TNB,10.L1.6060.5445,017,Vô hiệu hóa,2024-01-01,2024-08-01,2024-08-01,22,permanently_inactive_outside_recent_window
TNB,10.L1.6060.5445,018,Vô hiệu hóa,2024-06-01,2024-06-01,2024-06-01,24,permanently_inactive_outside_recent_window
DNB,10.L1.6060.5445,019,Vô hiệu hóa,2025-03-01,2025-03-01,2025-03-01,15,permanently_inactive_outside_recent_window
TNB,10.L1.6060.5445,069,Vô hiệu hóa,2024-01-01,2024-03-01,2024-03-01,27,permanently_inactive_outside_recent_window
MT-TNG,10.L1.6060.5445,071,Vô hiệu hóa,2024-04-01,2024-04-01,2024-04-01,26,permanently_inactive_outside_recent_window
MT-TNG,10.L1.6060.5445,072,Vô hiệu hóa,2024-03-01,2024-03-01,2024-03-01,27,permanently_inactive_outside_recent_window
DNB,10.L1.6060.5445,097,Vô hiệu hóa,2024-02-01,2024-12-01,2024-12-01,18,permanently_inactive_outside_recent_window
Chưa xác định,10.L1.6060.5445,222,Vô hiệu hóa,2024-03-01,2024-03-01,2024-03-01,27,permanently_inactive_outside_recent_window
TNB,10.L1.6060.5446,024,Vô hiệu hóa,2024-03-01,2024-03-01,2024-03-01,27,permanently_inactive_outside_recent_window
TNB,10.L1.6060.5446,069,Vô hiệu hóa,2024-03-01,2025-01-01,2025-01-01,17,permanently_inactive_outside_recent_window
MT-TNG,10.L1.6060.5446,071,Vô hiệu hóa,2024-03-01,2024-07-01,2024-07-01,23,permanently_inactive_outside_recent_window
MT-TNG,10.L1.6060.5446,072,Vô hiệu hóa,2024-03-01,2024-03-01,2024-03-01,27,permanently_inactive_outside_recent_window
MT-TNG,10.L1.6060.5446,079,Vô hiệu hóa,2024-03-01,2024-05-01,2024-05-01,25,permanently_inactive_outside_recent_window
DNB,10.L1.6060.5446,081,Vô hiệu hóa,2024-02-01,2024-02-01,2024-02-01,28,permanently_inactive_outside_recent_window
DNB,10.L1.6060.5446,094,Vô hiệu hóa,2024-01-01,2024-01-01,2024-01-01,29,permanently_inactive_outside_recent_window
DNB,10.L1.6060.5446,097,Vô hiệu hóa,2024-01-01,2024-01-01,2024-01-01,29,permanently_inactive_outside_recent_window
TNB,10.L1.6060.5447,011,Vô hiệu hóa,2024-01-01,2024-07-01,2024-07-01,23,permanently_inactive_outside_recent_window
MT-TNG,10.L1.6060.5447,014,Vô hiệu hóa,2024-03-01,2024-03-01,2024-03-01,27,permanently_inactive_outside_recent_window
TNB,10.L1.6060.5447,016,Vô hiệu hóa,2024-04-01,2025-02-01,2025-02-01,16,permanently_inactive_outside_recent_window
DNB,10.L1.6060.5447,019,Vô hiệu hóa,2024-01-01,2024-02-01,2024-02-01,28,permanently_inactive_outside_recent_window
MT-TNG,10.L1.6060.5447,023,Vô hiệu hóa,2024-03-01,2024-03-01,2024-03-01,27,permanently_inactive_outside_recent_window
TNB,10.L1.6060.5447,024,Vô hiệu hóa,2024-01-01,2024-01-01,2024-01-01,29,permanently_inactive_outside_recent_window
TNB,10.L1.6060.5447,069,Vô hiệu hóa,2024-03-01,2024-03-01,2024-03-01,27,permanently_inactive_outside_recent_window
MT-TNG,10.L1.6060.5447,071,Vô hiệu hóa,2024-06-01,2024-06-01,2024-06-01,24,permanently_inactive_outside_recent_window
DNB,10.L1.6060.5447,097,Vô hiệu hóa,2024-01-01,2024-03-01,2024-03-01,27,permanently_inactive_outside_recent_window
TNB,10.L1.6060.5448,011,Vô hiệu hóa,2024-01-01,2024-10-01,2024-10-01,20,permanently_inactive_outside_recent_window
TNB,10.L1.6060.5448,017,Vô hiệu hóa,2024-02-01,2024-12-01,2024-12-01,18,permanently_inactive_outside_recent_window
TNB,10.L1.6060.5448,069,Vô hiệu hóa,2024-01-01,2025-01-01,2025-01-01,17,permanently_inactive_outside_recent_window
MT-TNG,10.L1.6060.5448,071,Vô hiệu hóa,2024-04-01,2024-04-01,2024-04-01,26,permanently_inactive_outside_recent_window
MT-TNG,10.L1.6060.5448,072,Vô hiệu hóa,2024-06-01,2024-07-01,2024-07-01,23,permanently_inactive_outside_recent_window
MT-TNG,10.L1.6060.5448,079,Vô hiệu hóa,2024-04-01,2024-04-01,2024-04-01,26,permanently_inactive_outside_recent_window
DNB,10.L1.6060.5448,081,Vô hiệu hóa,2024-02-01,2024-02-01,2024-02-01,28,permanently_inactive_outside_recent_window
DNB,10.L1.6060.5448,094,Vô hiệu hóa,2024-07-01,2024-07-01,2024-07-01,23,permanently_inactive_outside_recent_window
DNB,10.L1.6060.5448,097,Vô hiệu hóa,2024-04-01,2024-04-01,2024-04-01,26,permanently_inactive_outside_recent_window
MT-TNG,10.L1.6060.5449,014,Vô hiệu hóa,2025-03-01,2025-03-01,2025-03-01,15,permanently_inactive_outside_recent_window
TNB,10.L1.6060.5449,017,Vô hiệu hóa,2024-02-01,2024-05-01,2024-05-01,25,permanently_inactive_outside_recent_window
TNB,10.L1.6060.5449,018,Vô hiệu hóa,2024-01-01,2024-07-01,2024-07-01,23,permanently_inactive_outside_recent_window
MT-TNG,10.L1.6060.5449,059,Vô hiệu hóa,2024-01-01,2024-10-01,2024-10-01,20,permanently_inactive_outside_recent_window
TNB,10.L1.6060.5449,069,Vô hiệu hóa,2024-03-01,2025-04-01,2025-04-01,14,permanently_inactive_outside_recent_window
MT-TNG,10.L1.6060.5449,071,Vô hiệu hóa,2024-04-01,2024-04-01,2024-04-01,26,permanently_inactive_outside_recent_window
MT-TNG,10.L1.6060.5449,072,Vô hiệu hóa,2024-03-01,2024-03-01,2024-03-01,27,permanently_inactive_outside_recent_window
DNB,10.L1.6060.5449,081,Vô hiệu hóa,2024-02-01,2024-02-01,2024-02-01,28,permanently_inactive_outside_recent_window
DNB,10.L1.6060.5449,094,Vô hiệu hóa,2024-05-01,2024-07-01,2024-07-01,23,permanently_inactive_outside_recent_window
DNB,10.L1.6060.5449,097,Vô hiệu hóa,2024-01-01,2024-04-01,2024-04-01,26,permanently_inactive_outside_recent_window
MT-TNG,10.L1.6060.5461,071,Vô hiệu hóa,2024-06-01,2024-06-01,2024-06-01,24,permanently_inactive_outside_recent_window
MT-TNG,10.L1.6060.5462,071,Vô hiệu hóa,2024-06-01,2024-06-01,2024-06-01,24,permanently_inactive_outside_recent_window
MT-TNG,10.L1.6060.5612,059,Vô hiệu hóa,2024-03-01,2024-03-01,2024-03-01,27,permanently_inactive_outside_recent_window
DNB,10.L1.6060.5612,061,Vô hiệu hóa,2024-01-01,2024-01-01,2024-01-01,29,permanently_inactive_outside_recent_window
MT-TNG,10.L1.6060.5612,072,Vô hiệu hóa,2024-03-01,2024-03-01,2024-03-01,27,permanently_inactive_outside_recent_window
DNB,10.L1.6060.5612,081,Vô hiệu hóa,2024-01-01,2024-06-01,2024-06-01,24,permanently_inactive_outside_recent_window
Chưa xác định,10.L1.6060.5613,000,Vô hiệu hóa,2024-05-01,2024-05-01,2024-05-01,25,permanently_inactive_outside_recent_window
MT-TNG,10.L1.6060.5613,001,Vô hiệu hóa,2024-01-01,2024-12-01,2024-12-01,18,permanently_inactive_outside_recent_window
MT-TNG,10.L1.6060.5613,023,Vô hiệu hóa,2024-10-01,2024-10-01,2024-10-01,20,permanently_inactive_outside_recent_window
TNB,10.L1.6060.5613,050,Vô hiệu hóa,2024-01-01,2024-07-01,2024-07-01,23,permanently_inactive_outside_recent_window
MT-TNG,10.L1.6060.5613,059,Vô hiệu hóa,2024-01-01,2024-01-01,2024-01-01,29,permanently_inactive_outside_recent_window
DNB,10.L1.6060.5613,061,Vô hiệu hóa,2024-04-01,2024-08-01,2024-08-01,22,permanently_inactive_outside_recent_window
TNB,10.L1.6060.5613,065,Vô hiệu hóa,2024-01-01,2024-03-01,2024-03-01,27,permanently_inactive_outside_recent_window
MT-TNG,10.L1.6060.5613,067,Vô hiệu hóa,2024-01-01,2024-04-01,2024-04-01,26,permanently_inactive_outside_recent_window
TNB,10.L1.6060.5613,069,Vô hiệu hóa,2024-01-01,2024-01-01,2024-01-01,29,permanently_inactive_outside_recent_window
MT-TNG,10.L1.6060.5613,072,Vô hiệu hóa,2024-03-01,2024-03-01,2024-03-01,27,permanently_inactive_outside_recent_window
TNB,10.L1.6060.5613,073,Vô hiệu hóa,2024-07-01,2024-07-01,2024-07-01,23,permanently_inactive_outside_recent_window
DNB,10.L1.6060.5613,081,Vô hiệu hóa,2024-06-01,2024-06-01,2024-06-01,24,permanently_inactive_outside_recent_window
Chưa xác định,10.L1.6060.5614,000,Vô hiệu hóa,2024-04-01,2024-04-01,2024-04-01,26,permanently_inactive_outside_recent_window
MT-TNG,10.L1.6060.5614,023,Vô hiệu hóa,2024-01-01,2024-07-01,2024-07-01,23,permanently_inactive_outside_recent_window
TNB,10.L1.6060.5614,050,Vô hiệu hóa,2024-04-01,2024-06-01,2024-06-01,24,permanently_inactive_outside_recent_window
MT-TNG,10.L1.6060.5614,059,Vô hiệu hóa,2024-11-01,2025-03-01,2025-03-01,15,permanently_inactive_outside_recent_window
DNB,10.L1.6060.5614,061,Vô hiệu hóa,2024-01-01,2024-01-01,2024-01-01,29,permanently_inactive_outside_recent_window
MT-TNG,10.L1.6060.5614,072,Vô hiệu hóa,2024-07-01,2025-04-01,2025-04-01,14,permanently_inactive_outside_recent_window
TNB,10.L1.6060.5614,073,Vô hiệu hóa,2024-02-01,2024-07-01,2024-07-01,23,permanently_inactive_outside_recent_window
DNB,10.L1.6060.5614,076,Vô hiệu hóa,2024-01-01,2024-01-01,2024-01-01,29,permanently_inactive_outside_recent_window
DNB,10.L1.6060.5614,081,Vô hiệu hóa,2024-04-01,2024-06-01,2024-06-01,24,permanently_inactive_outside_recent_window
Chưa xác định,10.L1.6060.5615,000,Vô hiệu hóa,2024-07-01,2024-07-01,2024-07-01,23,permanently_inactive_outside_recent_window
MT-TNG,10.L1.6060.5615,001,Vô hiệu hóa,2024-01-01,2024-01-01,2024-01-01,29,permanently_inactive_outside_recent_window
DNB,10.L1.6060.5615,019,Vô hiệu hóa,2024-03-01,2024-07-01,2024-07-01,23,permanently_inactive_outside_recent_window
DNB,10.L1.6060.5615,061,Vô hiệu hóa,2024-01-01,2024-01-01,2024-01-01,29,permanently_inactive_outside_recent_window
MT-TNG,10.L1.6060.5615,071,Vô hiệu hóa,2024-06-01,2024-06-01,2024-06-01,24,permanently_inactive_outside_recent_window
DNB,10.L1.6060.5615,076,Vô hiệu hóa,2024-07-01,2024-07-01,2024-07-01,23,permanently_inactive_outside_recent_window
MT-TNG,10.L1.6060.5616,001,Vô hiệu hóa,2025-01-01,2025-01-01,2025-01-01,17,permanently_inactive_outside_recent_window
MT-TNG,10.L1.6060.5616,059,Vô hiệu hóa,2025-01-01,2025-03-01,2025-03-01,15,permanently_inactive_outside_recent_window
DNB,10.L1.6060.5616,061,Vô hiệu hóa,2025-05-01,2025-05-01,2025-05-01,13,permanently_inactive_outside_recent_window
TNB,10.L1.6060.5616,073,Vô hiệu hóa,2024-03-01,2024-07-01,2024-07-01,23,permanently_inactive_outside_recent_window
MT-TNG,10.L1.6060.5617,049,Vô hiệu hóa,2024-01-01,2024-09-01,2024-09-01,21,permanently_inactive_outside_recent_window
TNB,10.L1.6060.5617,050,Vô hiệu hóa,2024-04-01,2024-07-01,2024-07-01,23,permanently_inactive_outside_recent_window
TNB,10.L1.6060.5617,069,Vô hiệu hóa,2024-05-01,2025-03-01,2025-03-01,15,permanently_inactive_outside_recent_window
Chưa xác định,10.L1.6060.5618,000,Vô hiệu hóa,2024-04-01,2024-07-01,2024-07-01,23,permanently_inactive_outside_recent_window
MT-TNG,10.L1.6060.5618,001,Vô hiệu hóa,2024-01-01,2024-01-01,2024-01-01,29,permanently_inactive_outside_recent_window
TNB,10.L1.6060.5618,050,Vô hiệu hóa,2024-01-01,2024-07-01,2024-07-01,23,permanently_inactive_outside_recent_window
DNB,10.L1.6060.5618,060,Vô hiệu hóa,2024-01-01,2025-04-01,2025-04-01,14,permanently_inactive_outside_recent_window
MT-TNG,10.L1.6060.5618,072,Vô hiệu hóa,2024-03-01,2024-03-01,2024-03-01,27,permanently_inactive_outside_recent_window
TNB,10.L1.6060.5618,073,Vô hiệu hóa,2024-05-01,2024-07-01,2024-07-01,23,permanently_inactive_outside_recent_window
MT-TNG,10.L1.6060.5618,079,Vô hiệu hóa,2024-04-01,2025-04-01,2025-04-01,14,permanently_inactive_outside_recent_window
DNB,10.L1.6060.5618,081,Vô hiệu hóa,2024-03-01,2024-06-01,2024-06-01,24,permanently_inactive_outside_recent_window
DNB,10.L1.6060.5618,094,Vô hiệu hóa,2024-09-01,2024-09-01,2024-09-01,21,permanently_inactive_outside_recent_window
Chưa xác định,10.L1.6060.5618,222,Vô hiệu hóa,2024-03-01,2025-03-01,2025-03-01,15,permanently_inactive_outside_recent_window
DNB,10.L1.6060.5619,002,Vô hiệu hóa,2024-01-01,2024-01-01,2024-01-01,29,permanently_inactive_outside_recent_window
TNB,10.L1.6060.5619,011,Vô hiệu hóa,2024-08-01,2024-08-01,2024-08-01,22,permanently_inactive_outside_recent_window
MT-TNG,10.L1.6060.5619,014,Vô hiệu hóa,2024-09-01,2024-10-01,2024-10-01,20,permanently_inactive_outside_recent_window
MT-TNG,10.L1.6060.5619,071,Vô hiệu hóa,2024-06-01,2024-06-01,2024-06-01,24,permanently_inactive_outside_recent_window
MT-TNG,10.L1.6060.5619,072,Vô hiệu hóa,2025-04-01,2025-04-01,2025-04-01,14,permanently_inactive_outside_recent_window
Chưa xác định,10.L1.6060.5619,222,Vô hiệu hóa,2024-03-01,2024-03-01,2024-03-01,27,permanently_inactive_outside_recent_window
MT-TNG,10.L1.6060.5621,071,Vô hiệu hóa,2024-06-01,2024-06-01,2024-06-01,24,permanently_inactive_outside_recent_window
MT-TNG,10.L1.6060.5624,064,Vô hiệu hóa,2024-04-01,2024-11-01,2024-11-01,19,permanently_inactive_outside_recent_window
DNB,10.L1.6060.5625,061,Vô hiệu hóa,2024-01-01,2024-10-01,2024-10-01,20,permanently_inactive_outside_recent_window
DNB,10.L1.6060.5625,068,Vô hiệu hóa,2025-05-01,2025-05-01,2025-05-01,13,permanently_inactive_outside_recent_window
MT-TNG,10.L1.6060.5625,071,Vô hiệu hóa,2024-03-01,2024-09-01,2024-09-01,21,permanently_inactive_outside_recent_window
MT-TNG,10.L1.6060.5626,012,Vô hiệu hóa,2024-02-01,2024-03-01,2024-03-01,27,permanently_inactive_outside_recent_window
MT-TNG,10.L1.6060.5626,071,Vô hiệu hóa,2024-09-01,2024-09-01,2024-09-01,21,permanently_inactive_outside_recent_window
TNB,10.L1.6060.5627,069,Vô hiệu hóa,2025-05-01,2025-05-01,2025-05-01,13,permanently_inactive_outside_recent_window
MT-TNG,10.L1.6060.5627,071,Vô hiệu hóa,2024-09-01,2024-09-01,2024-09-01,21,permanently_inactive_outside_recent_window
TNB,10.L1.6060.5627,073,Vô hiệu hóa,2024-01-01,2024-07-01,2024-07-01,23,permanently_inactive_outside_recent_window
DNB,10.L1.6060.5627,076,Vô hiệu hóa,2024-09-01,2025-04-01,2025-04-01,14,permanently_inactive_outside_recent_window
Chưa xác định,10.L1.6060.5633,000,Vô hiệu hóa,2024-12-01,2024-12-01,2024-12-01,18,permanently_inactive_outside_recent_window
DNB,10.L1.6060.5633,060,Vô hiệu hóa,2024-10-01,2024-10-01,2024-10-01,20,permanently_inactive_outside_recent_window
DNB,10.L1.6060.5633,061,Vô hiệu hóa,2025-05-01,2025-05-01,2025-05-01,13,permanently_inactive_outside_recent_window
TNB,10.L1.6060.5633,069,Vô hiệu hóa,2024-01-01,2024-01-01,2024-01-01,29,permanently_inactive_outside_recent_window
DNB,10.L1.6060.5633,076,Vô hiệu hóa,2024-01-01,2025-04-01,2025-04-01,14,permanently_inactive_outside_recent_window
TNB,10.L1.6060.5635,050,Vô hiệu hóa,2024-07-01,2024-07-01,2024-07-01,23,permanently_inactive_outside_recent_window
MT-TNG,10.L1.6060.5636,079,Vô hiệu hóa,2024-03-01,2024-03-01,2024-03-01,27,permanently_inactive_outside_recent_window
MT-TNG,10.L1.6060.5643,012,Vô hiệu hóa,2025-05-01,2025-05-01,2025-05-01,13,permanently_inactive_outside_recent_window
MT-TNG,10.L1.6060.5646,072,Vô hiệu hóa,2025-03-01,2025-03-01,2025-03-01,15,permanently_inactive_outside_recent_window
TNB,10.L1.6060.5646,073,Vô hiệu hóa,2024-07-01,2024-07-01,2024-07-01,23,permanently_inactive_outside_recent_window
TNB,10.L1.6060.5662,011,Vô hiệu hóa,2024-08-01,2024-08-01,2024-08-01,22,permanently_inactive_outside_recent_window
TNB,10.L1.6060.5664,011,Vô hiệu hóa,2024-07-01,2024-07-01,2024-07-01,23,permanently_inactive_outside_recent_window
MT-TNG,10.L1.6060.5664,072,Vô hiệu hóa,2024-03-01,2024-03-01,2024-03-01,27,permanently_inactive_outside_recent_window
Chưa xác định,10.L1.6060.5664,222,Vô hiệu hóa,2024-03-01,2024-03-01,2024-03-01,27,permanently_inactive_outside_recent_window
Chưa xác định,10.L1.6060.5673,000,Vô hiệu hóa,2024-01-01,2024-01-01,2024-01-01,29,permanently_inactive_outside_recent_window
MT-TNG,10.L1.6060.5673,012,Vô hiệu hóa,2024-01-01,2024-01-01,2024-01-01,29,permanently_inactive_outside_recent_window
MT-TNG,10.L1.6060.5673,023,Vô hiệu hóa,2024-04-01,2024-07-01,2024-07-01,23,permanently_inactive_outside_recent_window
TNB,10.L1.6060.5673,063,Vô hiệu hóa,2024-03-01,2024-03-01,2024-03-01,27,permanently_inactive_outside_recent_window
TNB,10.L1.6060.5673,069,Vô hiệu hóa,2024-02-01,2025-04-01,2025-04-01,14,permanently_inactive_outside_recent_window
MT-TNG,10.L1.6060.5673,071,Vô hiệu hóa,2024-01-01,2024-01-01,2024-01-01,29,permanently_inactive_outside_recent_window
DNB,10.L1.6060.5673,081,Vô hiệu hóa,2024-01-01,2024-06-01,2024-06-01,24,permanently_inactive_outside_recent_window
MT-TNG,10.L1.6060.5676,067,Vô hiệu hóa,2024-04-01,2024-04-01,2024-04-01,26,permanently_inactive_outside_recent_window
MT-TNG,10.L1.6060.5680,064,Vô hiệu hóa,2024-04-01,2025-05-01,2025-05-01,13,permanently_inactive_outside_recent_window
MT-TNG,10.L1.6060.5680,070,Vô hiệu hóa,2024-01-01,2024-01-01,2024-01-01,29,permanently_inactive_outside_recent_window
MT-TNG,10.L1.6060.5680,072,Vô hiệu hóa,2024-02-01,2025-04-01,2025-04-01,14,permanently_inactive_outside_recent_window
MT-TNG,10.L1.6060.5680,079,Vô hiệu hóa,2024-08-01,2025-03-01,2025-03-01,15,permanently_inactive_outside_recent_window
MT-TNG,10.L1.6060.5685,059,Vô hiệu hóa,2024-01-01,2024-10-01,2024-10-01,20,permanently_inactive_outside_recent_window
MT-TNG,10.L1.6060.5685,070,Vô hiệu hóa,2024-01-01,2024-01-01,2024-01-01,29,permanently_inactive_outside_recent_window
MT-TNG,10.L1.6060.5685,071,Vô hiệu hóa,2024-01-01,2024-11-01,2024-11-01,19,permanently_inactive_outside_recent_window
MT-TNG,10.L1.6060.5685,072,Vô hiệu hóa,2024-04-01,2025-03-01,2025-03-01,15,permanently_inactive_outside_recent_window
MT-TNG,10.L1.6060.5685,079,Vô hiệu hóa,2024-01-01,2025-03-01,2025-03-01,15,permanently_inactive_outside_recent_window
Chưa xác định,10.L1.6060.5685,222,Vô hiệu hóa,2024-11-01,2024-11-01,2024-11-01,19,permanently_inactive_outside_recent_window
MT-TNG,10.L1.6060.5686,012,Vô hiệu hóa,2024-05-01,2025-05-01,2025-05-01,13,permanently_inactive_outside_recent_window
MT-TNG,10.L1.6060.5686,014,Vô hiệu hóa,2024-01-01,2024-12-01,2024-12-01,18,permanently_inactive_outside_recent_window
MT-TNG,10.L1.6060.5686,023,Vô hiệu hóa,2024-01-01,2025-03-01,2025-03-01,15,permanently_inactive_outside_recent_window
MT-TNG,10.L1.6060.5686,072,Vô hiệu hóa,2025-03-01,2025-03-01,2025-03-01,15,permanently_inactive_outside_recent_window
MT-TNG,10.L1.6060.5686,099,Vô hiệu hóa,2024-05-01,2024-11-01,2024-11-01,19,permanently_inactive_outside_recent_window
Chưa xác định,10.L1.6060.5686,222,Vô hiệu hóa,2024-02-01,2024-02-01,2024-02-01,28,permanently_inactive_outside_recent_window
MT-TNG,10.L1.6060.5687,014,Vô hiệu hóa,2024-03-01,2024-09-01,2024-09-01,21,permanently_inactive_outside_recent_window
MT-TNG,10.L1.6060.5687,072,Vô hiệu hóa,2025-03-01,2025-03-01,2025-03-01,15,permanently_inactive_outside_recent_window
MT-TNG,10.L1.6060.5687,078,Vô hiệu hóa,2024-01-01,2024-02-01,2024-02-01,28,permanently_inactive_outside_recent_window
MT-TNG,10.L1.6060.5687,095,Vô hiệu hóa,2024-01-01,2024-01-01,2024-01-01,29,permanently_inactive_outside_recent_window
MT-TNG,10.L1.6060.5687,099,Vô hiệu hóa,2024-05-01,2024-07-01,2024-07-01,23,permanently_inactive_outside_recent_window
Chưa xác định,10.L1.6060.5687,222,Vô hiệu hóa,2024-02-01,2024-02-01,2024-02-01,28,permanently_inactive_outside_recent_window
MT-TNG,10.L1.6060.5688,012,Vô hiệu hóa,2024-01-01,2024-10-01,2024-10-01,20,permanently_inactive_outside_recent_window
MT-TNG,10.L1.6060.5688,014,Vô hiệu hóa,2024-02-01,2025-01-01,2025-01-01,17,permanently_inactive_outside_recent_window
MT-TNG,10.L1.6060.5688,023,Vô hiệu hóa,2024-01-01,2025-03-01,2025-03-01,15,permanently_inactive_outside_recent_window
MT-TNG,10.L1.6060.5688,049,Vô hiệu hóa,2024-03-01,2024-06-01,2024-06-01,24,permanently_inactive_outside_recent_window
MT-TNG,10.L1.6060.5688,070,Vô hiệu hóa,2024-03-01,2024-03-01,2024-03-01,27,permanently_inactive_outside_recent_window
MT-TNG,10.L1.6060.5688,072,Vô hiệu hóa,2025-03-01,2025-03-01,2025-03-01,15,permanently_inactive_outside_recent_window
MT-TNG,10.L1.6060.5688,095,Vô hiệu hóa,2024-01-01,2024-01-01,2024-01-01,29,permanently_inactive_outside_recent_window
MT-TNG,10.L1.6060.5688,099,Vô hiệu hóa,2024-03-01,2024-08-01,2024-08-01,22,permanently_inactive_outside_recent_window
Chưa xác định,10.L1.6060.5688,222,Vô hiệu hóa,2024-02-01,2024-03-01,2024-03-01,27,permanently_inactive_outside_recent_window
Chưa xác định,10.L1.6060.5689,000,Vô hiệu hóa,2024-03-01,2024-04-01,2024-04-01,26,permanently_inactive_outside_recent_window
MT-TNG,10.L1.6060.5689,064,Vô hiệu hóa,2024-03-01,2024-04-01,2024-04-01,26,permanently_inactive_outside_recent_window
MT-TNG,10.L1.6060.5689,071,Vô hiệu hóa,2024-01-01,2024-05-01,2024-05-01,25,permanently_inactive_outside_recent_window
MT-TNG,10.L1.6060.5689,072,Vô hiệu hóa,2025-04-01,2025-04-01,2025-04-01,14,permanently_inactive_outside_recent_window
MT-TNG,10.L1.6060.5689,079,Vô hiệu hóa,2024-03-01,2024-04-01,2024-04-01,26,permanently_inactive_outside_recent_window
Chưa xác định,10.L1.6060.5690,000,Vô hiệu hóa,2024-05-01,2024-07-01,2024-07-01,23,permanently_inactive_outside_recent_window
MT-TNG,10.L1.6060.5690,064,Vô hiệu hóa,2024-03-01,2025-04-01,2025-04-01,14,permanently_inactive_outside_recent_window
MT-TNG,10.L1.6060.5690,066,Vô hiệu hóa,2024-08-01,2025-01-01,2025-01-01,17,permanently_inactive_outside_recent_window
MT-TNG,10.L1.6060.5690,070,Vô hiệu hóa,2024-04-01,2024-04-01,2024-04-01,26,permanently_inactive_outside_recent_window
MT-TNG,10.L1.6060.5690,072,Vô hiệu hóa,2024-01-01,2025-04-01,2025-04-01,14,permanently_inactive_outside_recent_window
MT-TNG,10.L1.6060.5690,079,Vô hiệu hóa,2024-03-01,2025-02-01,2025-02-01,16,permanently_inactive_outside_recent_window
Chưa xác định,10.L1.6060.5711,000,Vô hiệu hóa,2024-01-01,2024-12-01,2024-12-01,18,permanently_inactive_outside_recent_window
MT-TNG,10.L1.6060.5711,059,Vô hiệu hóa,2024-01-01,2024-12-01,2024-12-01,18,permanently_inactive_outside_recent_window
MT-TNG,10.L1.6060.5711,064,Vô hiệu hóa,2024-03-01,2025-04-01,2025-04-01,14,permanently_inactive_outside_recent_window
MT-TNG,10.L1.6060.5711,066,Vô hiệu hóa,2024-05-01,2024-11-01,2024-11-01,19,permanently_inactive_outside_recent_window
DNB,10.L1.6060.5711,068,Vô hiệu hóa,2025-05-01,2025-05-01,2025-05-01,13,permanently_inactive_outside_recent_window
MT-TNG,10.L1.6060.5711,072,Vô hiệu hóa,2025-03-01,2025-03-01,2025-03-01,15,permanently_inactive_outside_recent_window
DNB,10.L1.6060.5711,074,Vô hiệu hóa,2024-04-01,2025-03-01,2025-03-01,15,permanently_inactive_outside_recent_window
DNB,10.L1.6060.5711,076,Vô hiệu hóa,2024-01-01,2025-04-01,2025-04-01,14,permanently_inactive_outside_recent_window
MT-TNG,10.L1.6060.5711,079,Vô hiệu hóa,2024-04-01,2024-11-01,2024-11-01,19,permanently_inactive_outside_recent_window
DNB,10.L1.6060.5711,081,Vô hiệu hóa,2024-03-01,2025-04-01,2025-04-01,14,permanently_inactive_outside_recent_window
TNB,10.L1.6060.5711,098,Vô hiệu hóa,2024-02-01,2024-09-01,2024-09-01,21,permanently_inactive_outside_recent_window
Chưa xác định,10.L1.6060.5711,222,Vô hiệu hóa,2024-05-01,2025-03-01,2025-03-01,15,permanently_inactive_outside_recent_window
TNB,10.L1.6060.5712,024,Vô hiệu hóa,2024-11-01,2024-11-01,2024-11-01,19,permanently_inactive_outside_recent_window
DNB,10.L1.6060.5712,061,Vô hiệu hóa,2024-01-01,2024-04-01,2024-04-01,26,permanently_inactive_outside_recent_window
MT-TNG,10.L1.6060.5712,064,Vô hiệu hóa,2024-03-01,2025-05-01,2025-05-01,13,permanently_inactive_outside_recent_window
MT-TNG,10.L1.6060.5712,067,Vô hiệu hóa,2024-04-01,2024-04-01,2024-04-01,26,permanently_inactive_outside_recent_window
MT-TNG,10.L1.6060.5713,001,Vô hiệu hóa,2024-04-01,2025-03-01,2025-03-01,15,permanently_inactive_outside_recent_window
DNB,10.L1.6060.5713,002,Vô hiệu hóa,2024-05-01,2025-03-01,2025-03-01,15,permanently_inactive_outside_recent_window
DNB,10.L1.6060.5713,010,Vô hiệu hóa,2024-04-01,2024-12-01,2024-12-01,18,permanently_inactive_outside_recent_window
TNB,10.L1.6060.5713,011,Vô hiệu hóa,2024-02-01,2025-04-01,2025-04-01,14,permanently_inactive_outside_recent_window
MT-TNG,10.L1.6060.5713,014,Vô hiệu hóa,2024-01-01,2025-03-01,2025-03-01,15,permanently_inactive_outside_recent_window
TNB,10.L1.6060.5713,015,Vô hiệu hóa,2024-01-01,2025-03-01,2025-03-01,15,permanently_inactive_outside_recent_window
DNB,10.L1.6060.5713,019,Vô hiệu hóa,2024-03-01,2025-03-01,2025-03-01,15,permanently_inactive_outside_recent_window
MT-TNG,10.L1.6060.5713,067,Vô hiệu hóa,2024-03-01,2024-12-01,2024-12-01,18,permanently_inactive_outside_recent_window
MT-TNG,10.L1.6060.5713,072,Vô hiệu hóa,2025-04-01,2025-04-01,2025-04-01,14,permanently_inactive_outside_recent_window
Chưa xác định,10.L1.6060.5714,000,Vô hiệu hóa,2024-01-01,2024-08-01,2024-08-01,22,permanently_inactive_outside_recent_window
DNB,10.L1.6060.5714,061,Vô hiệu hóa,2024-01-01,2024-12-01,2024-12-01,18,permanently_inactive_outside_recent_window
MT-TNG,10.L1.6060.5714,064,Vô hiệu hóa,2024-04-01,2025-03-01,2025-03-01,15,permanently_inactive_outside_recent_window
TNB,10.L1.6060.5714,065,Vô hiệu hóa,2024-07-01,2025-04-01,2025-04-01,14,permanently_inactive_outside_recent_window
MT-TNG,10.L1.6060.5714,066,Vô hiệu hóa,2024-08-01,2025-03-01,2025-03-01,15,permanently_inactive_outside_recent_window
MT-TNG,10.L1.6060.5714,067,Vô hiệu hóa,2024-04-01,2024-12-01,2024-12-01,18,permanently_inactive_outside_recent_window
MT-TNG,10.L1.6060.5714,072,Vô hiệu hóa,2024-01-01,2025-03-01,2025-03-01,15,permanently_inactive_outside_recent_window
DNB,10.L1.6060.5714,074,Vô hiệu hóa,2024-03-01,2025-01-01,2025-01-01,17,permanently_inactive_outside_recent_window
Chưa xác định,10.L1.6060.5714,222,Vô hiệu hóa,2024-01-01,2025-04-01,2025-04-01,14,permanently_inactive_outside_recent_window
Chưa xác định,10.L1.6060.5715,000,Vô hiệu hóa,2024-01-01,2025-01-01,2025-01-01,17,permanently_inactive_outside_recent_window
MT-TNG,10.L1.6060.5715,059,Vô hiệu hóa,2024-01-01,2025-01-01,2025-01-01,17,permanently_inactive_outside_recent_window
DNB,10.L1.6060.5715,061,Vô hiệu hóa,2024-04-01,2025-04-01,2025-04-01,14,permanently_inactive_outside_recent_window
MT-TNG,10.L1.6060.5715,066,Vô hiệu hóa,2024-08-01,2025-01-01,2025-01-01,17,permanently_inactive_outside_recent_window
MT-TNG,10.L1.6060.5715,067,Vô hiệu hóa,2024-04-01,2024-10-01,2024-10-01,20,permanently_inactive_outside_recent_window
MT-TNG,10.L1.6060.5715,072,Vô hiệu hóa,2024-01-01,2025-04-01,2025-04-01,14,permanently_inactive_outside_recent_window
DNB,10.L1.6060.5715,074,Vô hiệu hóa,2024-05-01,2024-10-01,2024-10-01,20,permanently_inactive_outside_recent_window
DNB,10.L1.6060.5715,081,Vô hiệu hóa,2024-01-01,2025-03-01,2025-03-01,15,permanently_inactive_outside_recent_window
Chưa xác định,10.L1.6060.5715,222,Vô hiệu hóa,2025-04-01,2025-04-01,2025-04-01,14,permanently_inactive_outside_recent_window
Chưa xác định,10.L1.6060.5716,000,Vô hiệu hóa,2024-01-01,2025-04-01,2025-04-01,14,permanently_inactive_outside_recent_window
MT-TNG,10.L1.6060.5716,023,Vô hiệu hóa,2024-01-01,2024-01-01,2024-01-01,29,permanently_inactive_outside_recent_window
TNB,10.L1.6060.5716,050,Vô hiệu hóa,2024-01-01,2024-12-01,2024-12-01,18,permanently_inactive_outside_recent_window
MT-TNG,10.L1.6060.5716,059,Vô hiệu hóa,2024-01-01,2025-01-01,2025-01-01,17,permanently_inactive_outside_recent_window
DNB,10.L1.6060.5716,060,Vô hiệu hóa,2024-01-01,2025-03-01,2025-03-01,15,permanently_inactive_outside_recent_window
DNB,10.L1.6060.5716,061,Vô hiệu hóa,2024-01-01,2025-04-01,2025-04-01,14,permanently_inactive_outside_recent_window
TNB,10.L1.6060.5716,063,Vô hiệu hóa,2024-01-01,2025-03-01,2025-03-01,15,permanently_inactive_outside_recent_window
MT-TNG,10.L1.6060.5716,064,Vô hiệu hóa,2024-01-01,2025-03-01,2025-03-01,15,permanently_inactive_outside_recent_window
TNB,10.L1.6060.5716,065,Vô hiệu hóa,2024-06-01,2025-01-01,2025-01-01,17,permanently_inactive_outside_recent_window
MT-TNG,10.L1.6060.5716,066,Vô hiệu hóa,2024-05-01,2025-03-01,2025-03-01,15,permanently_inactive_outside_recent_window
MT-TNG,10.L1.6060.5716,072,Vô hiệu hóa,2024-01-01,2025-04-01,2025-04-01,14,permanently_inactive_outside_recent_window
DNB,10.L1.6060.5716,074,Vô hiệu hóa,2024-04-01,2025-03-01,2025-03-01,15,permanently_inactive_outside_recent_window
MT-TNG,10.L1.6060.5716,079,Vô hiệu hóa,2024-01-01,2025-04-01,2025-04-01,14,permanently_inactive_outside_recent_window
DNB,10.L1.6060.5716,081,Vô hiệu hóa,2024-01-01,2025-01-01,2025-01-01,17,permanently_inactive_outside_recent_window
Chưa xác định,10.L1.6060.5716,222,Vô hiệu hóa,2024-01-01,2025-03-01,2025-03-01,15,permanently_inactive_outside_recent_window
Chưa xác định,10.L1.6060.5717,000,Vô hiệu hóa,2024-02-01,2025-03-01,2025-03-01,15,permanently_inactive_outside_recent_window
MT-TNG,10.L1.6060.5717,059,Vô hiệu hóa,2024-02-01,2025-03-01,2025-03-01,15,permanently_inactive_outside_recent_window
DNB,10.L1.6060.5717,060,Vô hiệu hóa,2024-01-01,2025-02-01,2025-02-01,16,permanently_inactive_outside_recent_window
MT-TNG,10.L1.6060.5717,064,Vô hiệu hóa,2024-03-01,2025-04-01,2025-04-01,14,permanently_inactive_outside_recent_window
MT-TNG,10.L1.6060.5717,070,Vô hiệu hóa,2024-04-01,2024-04-01,2024-04-01,26,permanently_inactive_outside_recent_window
DNB,10.L1.6060.5717,074,Vô hiệu hóa,2024-03-01,2025-05-01,2025-05-01,13,permanently_inactive_outside_recent_window
DNB,10.L1.6060.5717,076,Vô hiệu hóa,2024-01-01,2025-05-01,2025-05-01,13,permanently_inactive_outside_recent_window
MT-TNG,10.L1.6060.5717,079,Vô hiệu hóa,2024-01-01,2025-03-01,2025-03-01,15,permanently_inactive_outside_recent_window
Chưa xác định,10.L1.6060.5717,222,Vô hiệu hóa,2024-02-01,2025-05-01,2025-05-01,13,permanently_inactive_outside_recent_window
Chưa xác định,10.L1.6060.5718,000,Vô hiệu hóa,2024-05-01,2024-05-01,2024-05-01,25,permanently_inactive_outside_recent_window
TNB,10.L1.6060.5718,050,Vô hiệu hóa,2024-01-01,2025-02-01,2025-02-01,16,permanently_inactive_outside_recent_window
MT-TNG,10.L1.6060.5718,079,Vô hiệu hóa,2024-05-01,2024-12-01,2024-12-01,18,permanently_inactive_outside_recent_window
DNB,10.L1.6060.5718,081,Vô hiệu hóa,2024-05-01,2025-04-01,2025-04-01,14,permanently_inactive_outside_recent_window
TNB,10.L1.6060.5718,098,Vô hiệu hóa,2024-04-01,2025-05-01,2025-05-01,13,permanently_inactive_outside_recent_window
Chưa xác định,10.L1.6060.5718,222,Vô hiệu hóa,2025-05-01,2025-05-01,2025-05-01,13,permanently_inactive_outside_recent_window
MT-TNG,10.L1.6060.5719,001,Vô hiệu hóa,2024-03-01,2025-03-01,2025-03-01,15,permanently_inactive_outside_recent_window
DNB,10.L1.6060.5719,002,Vô hiệu hóa,2024-03-01,2025-03-01,2025-03-01,15,permanently_inactive_outside_recent_window
DNB,10.L1.6060.5719,008,Vô hiệu hóa,2024-01-01,2024-12-01,2024-12-01,18,permanently_inactive_outside_recent_window
DNB,10.L1.6060.5719,010,Vô hiệu hóa,2024-03-01,2025-04-01,2025-04-01,14,permanently_inactive_outside_recent_window
TNB,10.L1.6060.5719,011,Vô hiệu hóa,2024-01-01,2025-04-01,2025-04-01,14,permanently_inactive_outside_recent_window
MT-TNG,10.L1.6060.5719,012,Vô hiệu hóa,2024-02-01,2025-04-01,2025-04-01,14,permanently_inactive_outside_recent_window
MT-TNG,10.L1.6060.5719,014,Vô hiệu hóa,2024-01-01,2024-12-01,2024-12-01,18,permanently_inactive_outside_recent_window
TNB,10.L1.6060.5719,015,Vô hiệu hóa,2024-01-01,2024-12-01,2024-12-01,18,permanently_inactive_outside_recent_window
TNB,10.L1.6060.5719,016,Vô hiệu hóa,2024-03-01,2025-02-01,2025-02-01,16,permanently_inactive_outside_recent_window
TNB,10.L1.6060.5719,017,Vô hiệu hóa,2024-01-01,2025-01-01,2025-01-01,17,permanently_inactive_outside_recent_window
MT-TNG,10.L1.6060.5719,023,Vô hiệu hóa,2024-01-01,2024-12-01,2024-12-01,18,permanently_inactive_outside_recent_window
TNB,10.L1.6060.5719,024,Vô hiệu hóa,2024-04-01,2025-03-01,2025-03-01,15,permanently_inactive_outside_recent_window
MT-TNG,10.L1.6060.5719,049,Vô hiệu hóa,2024-02-01,2025-03-01,2025-03-01,15,permanently_inactive_outside_recent_window
MT-TNG,10.L1.6060.5719,072,Vô hiệu hóa,2025-04-01,2025-04-01,2025-04-01,14,permanently_inactive_outside_recent_window
DNB,10.L1.6060.5721,002,Vô hiệu hóa,2024-04-01,2025-03-01,2025-03-01,15,permanently_inactive_outside_recent_window
TNB,10.L1.6060.5721,011,Vô hiệu hóa,2024-04-01,2025-02-01,2025-02-01,16,permanently_inactive_outside_recent_window
MT-TNG,10.L1.6060.5721,012,Vô hiệu hóa,2024-05-01,2024-12-01,2024-12-01,18,permanently_inactive_outside_recent_window
DNB,10.L1.6060.5721,013,Vô hiệu hóa,2024-03-01,2025-01-01,2025-01-01,17,permanently_inactive_outside_recent_window
MT-TNG,10.L1.6060.5721,014,Vô hiệu hóa,2024-03-01,2025-04-01,2025-04-01,14,permanently_inactive_outside_recent_window
TNB,10.L1.6060.5721,015,Vô hiệu hóa,2024-01-01,2025-02-01,2025-02-01,16,permanently_inactive_outside_recent_window
TNB,10.L1.6060.5721,016,Vô hiệu hóa,2024-06-01,2025-01-01,2025-01-01,17,permanently_inactive_outside_recent_window
TNB,10.L1.6060.5721,017,Vô hiệu hóa,2024-03-01,2025-03-01,2025-03-01,15,permanently_inactive_outside_recent_window
DNB,10.L1.6060.5721,019,Vô hiệu hóa,2024-05-01,2024-07-01,2024-07-01,23,permanently_inactive_outside_recent_window
TNB,10.L1.6060.5721,024,Vô hiệu hóa,2024-06-01,2025-02-01,2025-02-01,16,permanently_inactive_outside_recent_window
MT-TNG,10.L1.6060.5721,049,Vô hiệu hóa,2024-07-01,2025-01-01,2025-01-01,17,permanently_inactive_outside_recent_window
MT-TNG,10.L1.6060.5721,067,Vô hiệu hóa,2024-04-01,2024-12-01,2024-12-01,18,permanently_inactive_outside_recent_window
MT-TNG,10.L1.6060.5721,070,Vô hiệu hóa,2024-04-01,2024-04-01,2024-04-01,26,permanently_inactive_outside_recent_window
MT-TNG,10.L1.6060.5722,001,Vô hiệu hóa,2024-01-01,2025-03-01,2025-03-01,15,permanently_inactive_outside_recent_window
MT-TNG,10.L1.6060.5722,012,Vô hiệu hóa,2024-03-01,2025-05-01,2025-05-01,13,permanently_inactive_outside_recent_window
DNB,10.L1.6060.5722,013,Vô hiệu hóa,2024-03-01,2025-05-01,2025-05-01,13,permanently_inactive_outside_recent_window
TNB,10.L1.6060.5722,015,Vô hiệu hóa,2024-01-01,2025-04-01,2025-04-01,14,permanently_inactive_outside_recent_window
TNB,10.L1.6060.5722,016,Vô hiệu hóa,2024-01-01,2024-09-01,2024-09-01,21,permanently_inactive_outside_recent_window
TNB,10.L1.6060.5722,024,Vô hiệu hóa,2024-08-01,2025-03-01,2025-03-01,15,permanently_inactive_outside_recent_window
MT-TNG,10.L1.6060.5722,049,Vô hiệu hóa,2024-02-01,2025-03-01,2025-03-01,15,permanently_inactive_outside_recent_window
MT-TNG,10.L1.6060.5722,067,Vô hiệu hóa,2024-04-01,2024-12-01,2024-12-01,18,permanently_inactive_outside_recent_window
TNB,10.L1.6060.5723,050,Vô hiệu hóa,2024-01-01,2024-12-01,2024-12-01,18,permanently_inactive_outside_recent_window
DNB,10.L1.6060.5723,060,Vô hiệu hóa,2024-01-01,2025-01-01,2025-01-01,17,permanently_inactive_outside_recent_window
DNB,10.L1.6060.5723,061,Vô hiệu hóa,2024-04-01,2024-04-01,2024-04-01,26,permanently_inactive_outside_recent_window
TNB,10.L1.6060.5723,063,Vô hiệu hóa,2024-01-01,2025-03-01,2025-03-01,15,permanently_inactive_outside_recent_window
MT-TNG,10.L1.6060.5723,064,Vô hiệu hóa,2024-03-01,2024-12-01,2024-12-01,18,permanently_inactive_outside_recent_window
TNB,10.L1.6060.5723,065,Vô hiệu hóa,2024-07-01,2025-03-01,2025-03-01,15,permanently_inactive_outside_recent_window
DNB,10.L1.6060.5723,074,Vô hiệu hóa,2024-03-01,2024-12-01,2024-12-01,18,permanently_inactive_outside_recent_window
DNB,10.L1.6060.5724,002,Vô hiệu hóa,2024-04-01,2025-02-01,2025-02-01,16,permanently_inactive_outside_recent_window
DNB,10.L1.6060.5724,008,Vô hiệu hóa,2024-01-01,2025-04-01,2025-04-01,14,permanently_inactive_outside_recent_window
MT-TNG,10.L1.6060.5724,012,Vô hiệu hóa,2024-03-01,2025-03-01,2025-03-01,15,permanently_inactive_outside_recent_window
DNB,10.L1.6060.5724,013,Vô hiệu hóa,2024-04-01,2025-05-01,2025-05-01,13,permanently_inactive_outside_recent_window
MT-TNG,10.L1.6060.5724,014,Vô hiệu hóa,2024-01-01,2025-01-01,2025-01-01,17,permanently_inactive_outside_recent_window
DNB,10.L1.6060.5724,019,Vô hiệu hóa,2024-11-01,2025-03-01,2025-03-01,15,permanently_inactive_outside_recent_window
MT-TNG,10.L1.6060.5724,023,Vô hiệu hóa,2024-01-01,2025-02-01,2025-02-01,16,permanently_inactive_outside_recent_window
TNB,10.L1.6060.5724,024,Vô hiệu hóa,2024-06-01,2025-03-01,2025-03-01,15,permanently_inactive_outside_recent_window
MT-TNG,10.L1.6060.5724,067,Vô hiệu hóa,2024-04-01,2024-05-01,2024-05-01,25,permanently_inactive_outside_recent_window
MT-TNG,10.L1.6060.5724,072,Vô hiệu hóa,2025-04-01,2025-04-01,2025-04-01,14,permanently_inactive_outside_recent_window
DNB,10.L1.6060.5724,118,Vô hiệu hóa,2025-03-01,2025-04-01,2025-04-01,14,permanently_inactive_outside_recent_window
MT-TNG,10.L1.6060.5726,001,Vô hiệu hóa,2024-01-01,2025-04-01,2025-04-01,14,permanently_inactive_outside_recent_window
DNB,10.L1.6060.5726,013,Vô hiệu hóa,2024-05-01,2025-04-01,2025-04-01,14,permanently_inactive_outside_recent_window
TNB,10.L1.6060.5726,015,Vô hiệu hóa,2024-03-01,2025-05-01,2025-05-01,13,permanently_inactive_outside_recent_window
TNB,10.L1.6060.5726,016,Vô hiệu hóa,2024-12-01,2024-12-01,2024-12-01,18,permanently_inactive_outside_recent_window
TNB,10.L1.6060.5726,018,Vô hiệu hóa,2024-01-01,2025-05-01,2025-05-01,13,permanently_inactive_outside_recent_window
TNB,10.L1.6060.5726,024,Vô hiệu hóa,2024-10-01,2025-05-01,2025-05-01,13,permanently_inactive_outside_recent_window
MT-TNG,10.L1.6060.5726,067,Vô hiệu hóa,2024-04-01,2024-10-01,2024-10-01,20,permanently_inactive_outside_recent_window
Chưa xác định,10.L1.6060.6103,000,Vô hiệu hóa,2024-01-01,2024-08-01,2024-08-01,22,permanently_inactive_outside_recent_window
DNB,10.L1.6060.6103,008,Vô hiệu hóa,2024-01-01,2024-09-01,2024-09-01,21,permanently_inactive_outside_recent_window
TNB,10.L1.6060.6103,050,Vô hiệu hóa,2024-01-01,2025-04-01,2025-04-01,14,permanently_inactive_outside_recent_window
MT-TNG,10.L1.6060.6103,059,Vô hiệu hóa,2024-01-01,2025-01-01,2025-01-01,17,permanently_inactive_outside_recent_window
MT-TNG,10.L1.6060.6103,064,Vô hiệu hóa,2024-01-01,2025-04-01,2025-04-01,14,permanently_inactive_outside_recent_window
MT-TNG,10.L1.6060.6103,070,Vô hiệu hóa,2024-01-01,2024-02-01,2024-02-01,28,permanently_inactive_outside_recent_window
MT-TNG,10.L1.6060.6103,071,Vô hiệu hóa,2024-01-01,2025-03-01,2025-03-01,15,permanently_inactive_outside_recent_window
MT-TNG,10.L1.6060.6103,079,Vô hiệu hóa,2024-01-01,2025-04-01,2025-04-01,14,permanently_inactive_outside_recent_window
Chưa xác định,10.L1.6060.6103,093,Vô hiệu hóa,2024-07-01,2024-07-01,2024-07-01,23,permanently_inactive_outside_recent_window
DNB,10.L1.6060.6103,094,Vô hiệu hóa,2024-09-01,2024-09-01,2024-09-01,21,permanently_inactive_outside_recent_window
TNB,10.L1.6060.6103,098,Vô hiệu hóa,2024-03-01,2025-03-01,2025-03-01,15,permanently_inactive_outside_recent_window
DNB,10.L1.6060.6121,008,Vô hiệu hóa,2024-06-01,2024-06-01,2024-06-01,24,permanently_inactive_outside_recent_window
DNB,10.L1.6060.6125,008,Vô hiệu hóa,2024-06-01,2024-06-01,2024-06-01,24,permanently_inactive_outside_recent_window
MT-TNG,10.L1.6060.6152,012,Vô hiệu hóa,2024-01-01,2024-01-01,2024-01-01,29,permanently_inactive_outside_recent_window
MT-TNG,10.L1.6060.6156,072,Vô hiệu hóa,2024-03-01,2024-03-01,2024-03-01,27,permanently_inactive_outside_recent_window
MT-TNG,10.L1.6060.6156,078,Vô hiệu hóa,2024-02-01,2024-02-01,2024-02-01,28,permanently_inactive_outside_recent_window
Chưa xác định,10.L1.6060.6156,222,Vô hiệu hóa,2024-03-01,2024-03-01,2024-03-01,27,permanently_inactive_outside_recent_window
Chưa xác định,10.L1.6060.6157,000,Vô hiệu hóa,2024-01-01,2025-03-01,2025-03-01,15,permanently_inactive_outside_recent_window
DNB,10.L1.6060.6157,008,Vô hiệu hóa,2024-01-01,2024-06-01,2024-06-01,24,permanently_inactive_outside_recent_window
TNB,10.L1.6060.6157,011,Vô hiệu hóa,2024-01-01,2025-03-01,2025-03-01,15,permanently_inactive_outside_recent_window
MT-TNG,10.L1.6060.6157,014,Vô hiệu hóa,2024-01-01,2025-05-01,2025-05-01,13,permanently_inactive_outside_recent_window
MT-TNG,10.L1.6060.6157,023,Vô hiệu hóa,2024-01-01,2025-01-01,2025-01-01,17,permanently_inactive_outside_recent_window
MT-TNG,10.L1.6060.6157,049,Vô hiệu hóa,2024-04-01,2024-04-01,2024-04-01,26,permanently_inactive_outside_recent_window
MT-TNG,10.L1.6060.6157,059,Vô hiệu hóa,2024-01-01,2025-01-01,2025-01-01,17,permanently_inactive_outside_recent_window
TNB,10.L1.6060.6157,063,Vô hiệu hóa,2024-01-01,2024-05-01,2024-05-01,25,permanently_inactive_outside_recent_window
MT-TNG,10.L1.6060.6157,064,Vô hiệu hóa,2024-02-01,2024-02-01,2024-02-01,28,permanently_inactive_outside_recent_window
MT-TNG,10.L1.6060.6157,067,Vô hiệu hóa,2024-01-01,2024-12-01,2024-12-01,18,permanently_inactive_outside_recent_window
MT-TNG,10.L1.6060.6157,070,Vô hiệu hóa,2024-01-01,2024-02-01,2024-02-01,28,permanently_inactive_outside_recent_window
MT-TNG,10.L1.6060.6157,072,Vô hiệu hóa,2024-01-01,2025-02-01,2025-02-01,16,permanently_inactive_outside_recent_window
MT-TNG,10.L1.6060.6157,079,Vô hiệu hóa,2024-01-01,2025-03-01,2025-03-01,15,permanently_inactive_outside_recent_window
Chưa xác định,10.L1.6060.6157,093,Vô hiệu hóa,2024-08-01,2024-08-01,2024-08-01,22,permanently_inactive_outside_recent_window
MT-TNG,10.L1.6060.6157,095,Vô hiệu hóa,2024-02-01,2024-02-01,2024-02-01,28,permanently_inactive_outside_recent_window
DNB,10.L1.6060.6157,097,Vô hiệu hóa,2024-01-01,2024-12-01,2024-12-01,18,permanently_inactive_outside_recent_window
TNB,10.L1.6060.6157,098,Vô hiệu hóa,2024-04-01,2024-10-01,2024-10-01,20,permanently_inactive_outside_recent_window
Chưa xác định,10.L1.6060.6157,222,Vô hiệu hóa,2024-03-01,2025-01-01,2025-01-01,17,permanently_inactive_outside_recent_window
Chưa xác định,10.L1.6060.6158,000,Vô hiệu hóa,2024-01-01,2024-12-01,2024-12-01,18,permanently_inactive_outside_recent_window
MT-TNG,10.L1.6060.6158,014,Vô hiệu hóa,2025-05-01,2025-05-01,2025-05-01,13,permanently_inactive_outside_recent_window
MT-TNG,10.L1.6060.6158,059,Vô hiệu hóa,2024-01-01,2025-02-01,2025-02-01,16,permanently_inactive_outside_recent_window
MT-TNG,10.L1.6060.6158,067,Vô hiệu hóa,2024-03-01,2024-12-01,2024-12-01,18,permanently_inactive_outside_recent_window
TNB,10.L1.6060.6158,069,Vô hiệu hóa,2024-01-01,2025-01-01,2025-01-01,17,permanently_inactive_outside_recent_window
MT-TNG,10.L1.6060.6158,070,Vô hiệu hóa,2024-01-01,2024-01-01,2024-01-01,29,permanently_inactive_outside_recent_window
MT-TNG,10.L1.6060.6158,072,Vô hiệu hóa,2024-01-01,2025-03-01,2025-03-01,15,permanently_inactive_outside_recent_window
MT-TNG,10.L1.6060.6158,079,Vô hiệu hóa,2024-01-01,2025-03-01,2025-03-01,15,permanently_inactive_outside_recent_window
DNB,10.L1.6060.6158,081,Vô hiệu hóa,2024-01-01,2024-11-01,2024-11-01,19,permanently_inactive_outside_recent_window
Chưa xác định,10.L1.6060.6158,093,Vô hiệu hóa,2024-07-01,2024-07-01,2024-07-01,23,permanently_inactive_outside_recent_window
DNB,10.L1.6060.6158,094,Vô hiệu hóa,2024-01-01,2024-09-01,2024-09-01,21,permanently_inactive_outside_recent_window
TNB,10.L1.6060.6158,098,Vô hiệu hóa,2024-03-01,2025-03-01,2025-03-01,15,permanently_inactive_outside_recent_window
MT-TNG,10.L1.6060.6158,123,Vô hiệu hóa,2025-05-01,2025-05-01,2025-05-01,13,permanently_inactive_outside_recent_window
Chưa xác định,10.L1.6060.6158,222,Vô hiệu hóa,2024-02-01,2024-02-01,2024-02-01,28,permanently_inactive_outside_recent_window
Chưa xác định,10.L1.6060.6159,000,Vô hiệu hóa,2024-07-01,2024-07-01,2024-07-01,23,permanently_inactive_outside_recent_window
MT-TNG,10.L1.6060.6159,001,Vô hiệu hóa,2024-01-01,2025-03-01,2025-03-01,15,permanently_inactive_outside_recent_window
TNB,10.L1.6060.6159,015,Vô hiệu hóa,2024-03-01,2024-04-01,2024-04-01,26,permanently_inactive_outside_recent_window
DNB,10.L1.6060.6159,019,Vô hiệu hóa,2024-03-01,2025-01-01,2025-01-01,17,permanently_inactive_outside_recent_window
MT-TNG,10.L1.6060.6159,023,Vô hiệu hóa,2024-01-01,2025-02-01,2025-02-01,16,permanently_inactive_outside_recent_window
TNB,10.L1.6060.6159,024,Vô hiệu hóa,2024-02-01,2025-01-01,2025-01-01,17,permanently_inactive_outside_recent_window
MT-TNG,10.L1.6060.6159,059,Vô hiệu hóa,2024-01-01,2025-01-01,2025-01-01,17,permanently_inactive_outside_recent_window
MT-TNG,10.L1.6060.6159,066,Vô hiệu hóa,2024-08-01,2024-09-01,2024-09-01,21,permanently_inactive_outside_recent_window
MT-TNG,10.L1.6060.6159,067,Vô hiệu hóa,2024-01-01,2024-01-01,2024-01-01,29,permanently_inactive_outside_recent_window
MT-TNG,10.L1.6060.6159,072,Vô hiệu hóa,2024-01-01,2025-04-01,2025-04-01,14,permanently_inactive_outside_recent_window
MT-TNG,10.L1.6060.6159,078,Vô hiệu hóa,2024-01-01,2024-02-01,2024-02-01,28,permanently_inactive_outside_recent_window
Chưa xác định,10.L1.6060.6159,093,Vô hiệu hóa,2024-07-01,2024-08-01,2024-08-01,22,permanently_inactive_outside_recent_window
MT-TNG,10.L1.6060.6159,095,Vô hiệu hóa,2024-01-01,2024-01-01,2024-01-01,29,permanently_inactive_outside_recent_window
DNB,10.L1.6060.6159,097,Vô hiệu hóa,2024-03-01,2025-04-01,2025-04-01,14,permanently_inactive_outside_recent_window
Chưa xác định,10.L1.6060.6159,222,Vô hiệu hóa,2024-03-01,2024-03-01,2024-03-01,27,permanently_inactive_outside_recent_window
Chưa xác định,10.L1.6060.6161,000,Vô hiệu hóa,2024-01-01,2024-12-01,2024-12-01,18,permanently_inactive_outside_recent_window
MT-TNG,10.L1.6060.6161,001,Vô hiệu hóa,2024-01-01,2025-05-01,2025-05-01,13,permanently_inactive_outside_recent_window
DNB,10.L1.6060.6161,008,Vô hiệu hóa,2024-01-01,2025-01-01,2025-01-01,17,permanently_inactive_outside_recent_window
MT-TNG,10.L1.6060.6161,012,Vô hiệu hóa,2024-01-01,2025-03-01,2025-03-01,15,permanently_inactive_outside_recent_window
MT-TNG,10.L1.6060.6161,014,Vô hiệu hóa,2024-01-01,2025-05-01,2025-05-01,13,permanently_inactive_outside_recent_window
TNB,10.L1.6060.6161,015,Vô hiệu hóa,2024-01-01,2024-03-01,2024-03-01,27,permanently_inactive_outside_recent_window
DNB,10.L1.6060.6161,019,Vô hiệu hóa,2024-03-01,2024-06-01,2024-06-01,24,permanently_inactive_outside_recent_window
MT-TNG,10.L1.6060.6161,059,Vô hiệu hóa,2024-01-01,2025-03-01,2025-03-01,15,permanently_inactive_outside_recent_window
MT-TNG,10.L1.6060.6161,067,Vô hiệu hóa,2024-01-01,2024-12-01,2024-12-01,18,permanently_inactive_outside_recent_window
MT-TNG,10.L1.6060.6161,078,Vô hiệu hóa,2024-01-01,2024-01-01,2024-01-01,29,permanently_inactive_outside_recent_window
Chưa xác định,10.L1.6060.6161,093,Vô hiệu hóa,2024-07-01,2024-08-01,2024-08-01,22,permanently_inactive_outside_recent_window
MT-TNG,10.L1.6060.6161,095,Vô hiệu hóa,2024-01-01,2024-02-01,2024-02-01,28,permanently_inactive_outside_recent_window
DNB,10.L1.6060.6161,097,Vô hiệu hóa,2024-01-01,2025-01-01,2025-01-01,17,permanently_inactive_outside_recent_window
Chưa xác định,10.L1.6060.6161,222,Vô hiệu hóa,2024-03-01,2024-03-01,2024-03-01,27,permanently_inactive_outside_recent_window
Chưa xác định,10.L1.6060.6162,000,Vô hiệu hóa,2024-04-01,2024-04-01,2024-04-01,26,permanently_inactive_outside_recent_window
MT-TNG,10.L1.6060.6162,001,Vô hiệu hóa,2024-01-01,2025-03-01,2025-03-01,15,permanently_inactive_outside_recent_window
DNB,10.L1.6060.6162,010,Vô hiệu hóa,2024-01-01,2025-02-01,2025-02-01,16,permanently_inactive_outside_recent_window
TNB,10.L1.6060.6162,011,Vô hiệu hóa,2024-01-01,2025-02-01,2025-02-01,16,permanently_inactive_outside_recent_window
MT-TNG,10.L1.6060.6162,012,Vô hiệu hóa,2024-01-01,2025-03-01,2025-03-01,15,permanently_inactive_outside_recent_window
MT-TNG,10.L1.6060.6162,014,Vô hiệu hóa,2024-01-01,2025-03-01,2025-03-01,15,permanently_inactive_outside_recent_window
TNB,10.L1.6060.6162,015,Vô hiệu hóa,2024-01-01,2024-02-01,2024-02-01,28,permanently_inactive_outside_recent_window
TNB,10.L1.6060.6162,016,Vô hiệu hóa,2024-01-01,2025-03-01,2025-03-01,15,permanently_inactive_outside_recent_window
TNB,10.L1.6060.6162,017,Vô hiệu hóa,2024-01-01,2025-05-01,2025-05-01,13,permanently_inactive_outside_recent_window
MT-TNG,10.L1.6060.6162,023,Vô hiệu hóa,2024-01-01,2025-04-01,2025-04-01,14,permanently_inactive_outside_recent_window
TNB,10.L1.6060.6162,024,Vô hiệu hóa,2024-02-01,2025-03-01,2025-03-01,15,permanently_inactive_outside_recent_window
MT-TNG,10.L1.6060.6162,059,Vô hiệu hóa,2024-01-01,2025-03-01,2025-03-01,15,permanently_inactive_outside_recent_window
TNB,10.L1.6060.6162,063,Vô hiệu hóa,2024-01-01,2024-04-01,2024-04-01,26,permanently_inactive_outside_recent_window
MT-TNG,10.L1.6060.6162,064,Vô hiệu hóa,2024-03-01,2024-03-01,2024-03-01,27,permanently_inactive_outside_recent_window
MT-TNG,10.L1.6060.6162,066,Vô hiệu hóa,2024-05-01,2025-04-01,2025-04-01,14,permanently_inactive_outside_recent_window
TNB,10.L1.6060.6162,069,Vô hiệu hóa,2024-01-01,2025-01-01,2025-01-01,17,permanently_inactive_outside_recent_window
MT-TNG,10.L1.6060.6162,070,Vô hiệu hóa,2024-01-01,2024-01-01,2024-01-01,29,permanently_inactive_outside_recent_window
MT-TNG,10.L1.6060.6162,072,Vô hiệu hóa,2024-01-01,2025-03-01,2025-03-01,15,permanently_inactive_outside_recent_window
TNB,10.L1.6060.6162,073,Vô hiệu hóa,2024-01-01,2025-04-01,2025-04-01,14,permanently_inactive_outside_recent_window
Chưa xác định,10.L1.6060.6162,093,Vô hiệu hóa,2024-07-01,2024-07-01,2024-07-01,23,permanently_inactive_outside_recent_window
DNB,10.L1.6060.6162,097,Vô hiệu hóa,2024-01-01,2025-02-01,2025-02-01,16,permanently_inactive_outside_recent_window
Chưa xác định,10.L1.6060.6163,000,Vô hiệu hóa,2024-01-01,2024-11-01,2024-11-01,19,permanently_inactive_outside_recent_window
DNB,10.L1.6060.6163,008,Vô hiệu hóa,2024-01-01,2024-09-01,2024-09-01,21,permanently_inactive_outside_recent_window
DNB,10.L1.6060.6163,010,Vô hiệu hóa,2024-01-01,2025-04-01,2025-04-01,14,permanently_inactive_outside_recent_window
MT-TNG,10.L1.6060.6163,014,Vô hiệu hóa,2024-01-01,2025-05-01,2025-05-01,13,permanently_inactive_outside_recent_window
TNB,10.L1.6060.6163,017,Vô hiệu hóa,2024-01-01,2025-05-01,2025-05-01,13,permanently_inactive_outside_recent_window
TNB,10.L1.6060.6163,018,Vô hiệu hóa,2024-01-01,2024-11-01,2024-11-01,19,permanently_inactive_outside_recent_window
MT-TNG,10.L1.6060.6163,023,Vô hiệu hóa,2024-01-01,2025-04-01,2025-04-01,14,permanently_inactive_outside_recent_window
TNB,10.L1.6060.6163,024,Vô hiệu hóa,2024-01-01,2025-04-01,2025-04-01,14,permanently_inactive_outside_recent_window
MT-TNG,10.L1.6060.6163,059,Vô hiệu hóa,2024-01-01,2024-11-01,2024-11-01,19,permanently_inactive_outside_recent_window
MT-TNG,10.L1.6060.6163,067,Vô hiệu hóa,2024-04-01,2024-12-01,2024-12-01,18,permanently_inactive_outside_recent_window
MT-TNG,10.L1.6060.6163,078,Vô hiệu hóa,2024-01-01,2024-02-01,2024-02-01,28,permanently_inactive_outside_recent_window
Chưa xác định,10.L1.6060.6163,093,Vô hiệu hóa,2024-07-01,2024-08-01,2024-08-01,22,permanently_inactive_outside_recent_window
MT-TNG,10.L1.6060.6163,095,Vô hiệu hóa,2024-01-01,2024-01-01,2024-01-01,29,permanently_inactive_outside_recent_window
DNB,10.L1.6060.6163,097,Vô hiệu hóa,2024-01-01,2025-04-01,2025-04-01,14,permanently_inactive_outside_recent_window
Chưa xác định,10.L1.6060.6163,222,Vô hiệu hóa,2024-01-01,2024-03-01,2024-03-01,27,permanently_inactive_outside_recent_window
DNB,10.L1.6060.6172,008,Vô hiệu hóa,2024-06-01,2024-06-01,2024-06-01,24,permanently_inactive_outside_recent_window
TNB,10.L1.6060.74002,011,Vô hiệu hóa,2024-03-01,2025-04-01,2025-04-01,14,permanently_inactive_outside_recent_window
DNB,10.L1.6060.74003,022,Vô hiệu hóa,2024-03-01,2025-02-01,2025-02-01,16,permanently_inactive_outside_recent_window
MT-TNG,10.L1.6060.74003,023,Vô hiệu hóa,2024-10-01,2025-04-01,2025-04-01,14,permanently_inactive_outside_recent_window
TNB,10.L1.6060.74003,024,Vô hiệu hóa,2024-03-01,2025-04-01,2025-04-01,14,permanently_inactive_outside_recent_window
DNB,10.L1.6060.74005,010,Vô hiệu hóa,2024-05-01,2025-05-01,2025-05-01,13,permanently_inactive_outside_recent_window
DNB,10.L1.6060.74005,013,Vô hiệu hóa,2024-08-01,2025-05-01,2025-05-01,13,permanently_inactive_outside_recent_window
TNB,10.L1.6060.74005,015,Vô hiệu hóa,2024-02-01,2025-05-01,2025-05-01,13,permanently_inactive_outside_recent_window
DNB,10.L1.6060.74005,022,Vô hiệu hóa,2024-02-01,2025-04-01,2025-04-01,14,permanently_inactive_outside_recent_window
MT-TNG,10.L1.6060.74005,023,Vô hiệu hóa,2024-10-01,2025-03-01,2025-03-01,15,permanently_inactive_outside_recent_window
TNB,10.L1.6060.74006,011,Vô hiệu hóa,2024-04-01,2025-05-01,2025-05-01,13,permanently_inactive_outside_recent_window
TNB,10.L1.6060.74006,015,Vô hiệu hóa,2024-03-01,2025-03-01,2025-03-01,15,permanently_inactive_outside_recent_window
TNB,10.L1.6060.74006,016,Vô hiệu hóa,2024-03-01,2025-05-01,2025-05-01,13,permanently_inactive_outside_recent_window
DNB,10.L1.6060.74006,022,Vô hiệu hóa,2024-04-01,2025-03-01,2025-03-01,15,permanently_inactive_outside_recent_window
TNB,10.L1.6060.74006,024,Vô hiệu hóa,2024-04-01,2025-02-01,2025-02-01,16,permanently_inactive_outside_recent_window
MT-TNG,10.L1.6060.74008,023,Vô hiệu hóa,2024-10-01,2025-04-01,2025-04-01,14,permanently_inactive_outside_recent_window
DNB,10.L1.6060.75604,010,Vô hiệu hóa,2024-11-01,2025-04-01,2025-04-01,14,permanently_inactive_outside_recent_window
MT-TNG,10.L1.6060.75604,012,Vô hiệu hóa,2024-11-01,2025-05-01,2025-05-01,13,permanently_inactive_outside_recent_window
MT-TNG,10.L1.6060.75604,014,Vô hiệu hóa,2024-09-01,2024-11-01,2024-11-01,19,permanently_inactive_outside_recent_window
DNB,10.L1.6060.75604,019,Vô hiệu hóa,2024-12-01,2025-05-01,2025-05-01,13,permanently_inactive_outside_recent_window
MT-TNG,10.L1.6060.75604,067,Vô hiệu hóa,2024-05-01,2024-12-01,2024-12-01,18,permanently_inactive_outside_recent_window
MT-TNG,10.L1.6060.75604,072,Vô hiệu hóa,2025-05-01,2025-05-01,2025-05-01,13,permanently_inactive_outside_recent_window
Chưa xác định,10.L1.6060.75604,085,Vô hiệu hóa,2024-07-01,2024-07-01,2024-07-01,23,permanently_inactive_outside_recent_window
Chưa xác định,10.L1.6060.75604,093,Vô hiệu hóa,2024-06-01,2024-06-01,2024-06-01,24,permanently_inactive_outside_recent_window
DNB,10.L1.6060.75605,002,Vô hiệu hóa,2024-09-01,2025-05-01,2025-05-01,13,permanently_inactive_outside_recent_window
MT-TNG,10.L1.6060.75605,014,Vô hiệu hóa,2024-09-01,2025-05-01,2025-05-01,13,permanently_inactive_outside_recent_window
DNB,10.L1.6060.75605,022,Vô hiệu hóa,2024-09-01,2025-05-01,2025-05-01,13,permanently_inactive_outside_recent_window
MT-TNG,10.L1.6060.75605,023,Vô hiệu hóa,2024-10-01,2025-04-01,2025-04-01,14,permanently_inactive_outside_recent_window
MT-TNG,10.L1.6060.75605,067,Vô hiệu hóa,2024-05-01,2024-12-01,2024-12-01,18,permanently_inactive_outside_recent_window
MT-TNG,10.L1.6060.75605,072,Vô hiệu hóa,2025-05-01,2025-05-01,2025-05-01,13,permanently_inactive_outside_recent_window
Chưa xác định,10.L1.6060.75605,093,Vô hiệu hóa,2024-06-01,2024-06-01,2024-06-01,24,permanently_inactive_outside_recent_window
DNB,10.L1.6060.75606,002,Vô hiệu hóa,2024-08-01,2025-05-01,2025-05-01,13,permanently_inactive_outside_recent_window
MT-TNG,10.L1.6060.75606,014,Vô hiệu hóa,2024-09-01,2025-04-01,2025-04-01,14,permanently_inactive_outside_recent_window
MT-TNG,10.L1.6060.75606,067,Vô hiệu hóa,2024-05-01,2024-12-01,2024-12-01,18,permanently_inactive_outside_recent_window
Chưa xác định,10.L1.6060.75606,085,Vô hiệu hóa,2024-07-01,2024-07-01,2024-07-01,23,permanently_inactive_outside_recent_window
Chưa xác định,10.L1.6060.75606,093,Vô hiệu hóa,2024-06-01,2024-08-01,2024-08-01,22,permanently_inactive_outside_recent_window
MT-TNG,10.L1.8080.5813,023,Vô hiệu hóa,2024-10-01,2024-11-01,2024-11-01,19,permanently_inactive_outside_recent_window
DNB,10.L1.8080.5816,019,Vô hiệu hóa,2024-03-01,2024-03-01,2024-03-01,27,permanently_inactive_outside_recent_window
MT-TNG,10.L1.8080.5816,071,Vô hiệu hóa,2024-06-01,2024-09-01,2024-09-01,21,permanently_inactive_outside_recent_window
MT-TNG,10.L1.8080.5817,023,Vô hiệu hóa,2024-01-01,2024-11-01,2024-11-01,19,permanently_inactive_outside_recent_window
TNB,10.L1.8080.5819,017,Vô hiệu hóa,2024-01-01,2025-04-01,2025-04-01,14,permanently_inactive_outside_recent_window
TNB,10.L1.8080.5871,011,Vô hiệu hóa,2024-11-01,2024-11-01,2024-11-01,19,permanently_inactive_outside_recent_window
TNB,10.L1.8080.5871,016,Vô hiệu hóa,2024-01-01,2024-11-01,2024-11-01,19,permanently_inactive_outside_recent_window
MT-TNG,10.L1.8080.5874,001,Vô hiệu hóa,2024-05-01,2025-01-01,2025-01-01,17,permanently_inactive_outside_recent_window
MT-TNG,10.L1.8080.5874,012,Vô hiệu hóa,2024-11-01,2025-05-01,2025-05-01,13,permanently_inactive_outside_recent_window
DNB,10.L1.8080.5874,013,Vô hiệu hóa,2025-04-01,2025-04-01,2025-04-01,14,permanently_inactive_outside_recent_window
MT-TNG,10.L1.8080.5874,014,Vô hiệu hóa,2024-04-01,2025-02-01,2025-02-01,16,permanently_inactive_outside_recent_window
TNB,10.L1.8080.5874,024,Vô hiệu hóa,2024-01-01,2024-12-01,2024-12-01,18,permanently_inactive_outside_recent_window
MT-TNG,10.L1.8080.5875,001,Vô hiệu hóa,2024-01-01,2024-11-01,2024-11-01,19,permanently_inactive_outside_recent_window
DNB,10.L1.8080.5875,002,Vô hiệu hóa,2024-01-01,2024-05-01,2024-05-01,25,permanently_inactive_outside_recent_window
DNB,10.L1.8080.5875,010,Vô hiệu hóa,2024-03-01,2024-03-01,2024-03-01,27,permanently_inactive_outside_recent_window
TNB,10.L1.8080.5875,011,Vô hiệu hóa,2024-11-01,2024-12-01,2024-12-01,18,permanently_inactive_outside_recent_window
MT-TNG,10.L1.8080.5875,012,Vô hiệu hóa,2024-05-01,2024-07-01,2024-07-01,23,permanently_inactive_outside_recent_window
TNB,10.L1.8080.5875,016,Vô hiệu hóa,2024-03-01,2024-08-01,2024-08-01,22,permanently_inactive_outside_recent_window
DNB,10.L1.8080.5875,022,Vô hiệu hóa,2024-01-01,2024-01-01,2024-01-01,29,permanently_inactive_outside_recent_window
MT-TNG,10.L1.8080.5875,072,Vô hiệu hóa,2024-01-01,2024-04-01,2024-04-01,26,permanently_inactive_outside_recent_window
MT-TNG,10.L1.8080.5876,001,Vô hiệu hóa,2024-01-01,2025-01-01,2025-01-01,17,permanently_inactive_outside_recent_window
MT-TNG,10.L1.8080.5876,014,Vô hiệu hóa,2024-03-01,2024-10-01,2024-10-01,20,permanently_inactive_outside_recent_window
MT-TNG,10.L1.8080.5876,064,Vô hiệu hóa,2024-08-01,2025-01-01,2025-01-01,17,permanently_inactive_outside_recent_window
TNB,10.L1.8080.5876,065,Vô hiệu hóa,2024-10-01,2025-03-01,2025-03-01,15,permanently_inactive_outside_recent_window
MT-TNG,10.L1.8080.5876,071,Vô hiệu hóa,2024-06-01,2025-05-01,2025-05-01,13,permanently_inactive_outside_recent_window
MT-TNG,10.L1.8080.5876,079,Vô hiệu hóa,2025-04-01,2025-04-01,2025-04-01,14,permanently_inactive_outside_recent_window
DNB,10.L1.8080.5876,081,Vô hiệu hóa,2024-03-01,2024-11-01,2024-11-01,19,permanently_inactive_outside_recent_window
DNB,10.L1.8080.5876,094,Vô hiệu hóa,2024-02-01,2025-04-01,2025-04-01,14,permanently_inactive_outside_recent_window
MT-TNG,10.L1.8080.5877,001,Vô hiệu hóa,2024-01-01,2025-04-01,2025-04-01,14,permanently_inactive_outside_recent_window
DNB,10.L1.8080.5877,002,Vô hiệu hóa,2024-11-01,2024-11-01,2024-11-01,19,permanently_inactive_outside_recent_window
MT-TNG,10.L1.8080.5877,014,Vô hiệu hóa,2024-04-01,2024-08-01,2024-08-01,22,permanently_inactive_outside_recent_window
TNB,10.L1.8080.5877,017,Vô hiệu hóa,2024-03-01,2025-05-01,2025-05-01,13,permanently_inactive_outside_recent_window
MT-TNG,10.L1.8080.5877,023,Vô hiệu hóa,2025-05-01,2025-05-01,2025-05-01,13,permanently_inactive_outside_recent_window
MT-TNG,10.L1.8080.5877,067,Vô hiệu hóa,2024-08-01,2024-08-01,2024-08-01,22,permanently_inactive_outside_recent_window
DNB,10.L1.8080.5878,002,Vô hiệu hóa,2024-03-01,2024-11-01,2024-11-01,19,permanently_inactive_outside_recent_window
TNB,10.L1.8080.5878,015,Vô hiệu hóa,2024-01-01,2024-10-01,2024-10-01,20,permanently_inactive_outside_recent_window
TNB,10.L1.8080.5878,016,Vô hiệu hóa,2024-04-01,2024-12-01,2024-12-01,18,permanently_inactive_outside_recent_window
DNB,10.L1.8080.5878,019,Vô hiệu hóa,2024-01-01,2024-11-01,2024-11-01,19,permanently_inactive_outside_recent_window
MT-TNG,10.L1.8080.5878,023,Vô hiệu hóa,2024-09-01,2025-04-01,2025-04-01,14,permanently_inactive_outside_recent_window
TNB,10.L1.8080.5878,024,Vô hiệu hóa,2024-03-01,2024-07-01,2024-07-01,23,permanently_inactive_outside_recent_window
MT-TNG,10.L1.8080.5878,072,Vô hiệu hóa,2024-05-01,2025-05-01,2025-05-01,13,permanently_inactive_outside_recent_window
Chưa xác định,10.L1.8080.5879,000,Vô hiệu hóa,2024-07-01,2025-04-01,2025-04-01,14,permanently_inactive_outside_recent_window
MT-TNG,10.L1.8080.5879,001,Vô hiệu hóa,2024-06-01,2024-07-01,2024-07-01,23,permanently_inactive_outside_recent_window
TNB,10.L1.8080.5879,050,Vô hiệu hóa,2024-01-01,2024-07-01,2024-07-01,23,permanently_inactive_outside_recent_window
DNB,10.L1.8080.5879,061,Vô hiệu hóa,2024-09-01,2025-04-01,2025-04-01,14,permanently_inactive_outside_recent_window
MT-TNG,10.L1.8080.5879,064,Vô hiệu hóa,2024-01-01,2025-05-01,2025-05-01,13,permanently_inactive_outside_recent_window
TNB,10.L1.8080.5879,065,Vô hiệu hóa,2024-05-01,2024-10-01,2024-10-01,20,permanently_inactive_outside_recent_window
TNB,10.L1.8080.5879,069,Vô hiệu hóa,2024-06-01,2024-09-01,2024-09-01,21,permanently_inactive_outside_recent_window
MT-TNG,10.L1.8080.5879,071,Vô hiệu hóa,2024-04-01,2025-05-01,2025-05-01,13,permanently_inactive_outside_recent_window
MT-TNG,10.L1.8080.5879,079,Vô hiệu hóa,2024-06-01,2025-04-01,2025-04-01,14,permanently_inactive_outside_recent_window
DNB,10.L1.8080.5880,008,Vô hiệu hóa,2024-06-01,2025-05-01,2025-05-01,13,permanently_inactive_outside_recent_window
MT-TNG,10.L1.8080.5880,014,Vô hiệu hóa,2024-04-01,2024-11-01,2024-11-01,19,permanently_inactive_outside_recent_window
MT-TNG,10.L1.8080.5887,001,Vô hiệu hóa,2024-01-01,2025-03-01,2025-03-01,15,permanently_inactive_outside_recent_window
DNB,10.L1.8080.5887,002,Vô hiệu hóa,2024-03-01,2024-12-01,2024-12-01,18,permanently_inactive_outside_recent_window
DNB,10.L1.8080.5887,008,Vô hiệu hóa,2024-06-01,2025-05-01,2025-05-01,13,permanently_inactive_outside_recent_window
DNB,10.L1.8080.5887,013,Vô hiệu hóa,2024-04-01,2024-05-01,2024-05-01,25,permanently_inactive_outside_recent_window
MT-TNG,10.L1.8080.5887,014,Vô hiệu hóa,2024-03-01,2025-03-01,2025-03-01,15,permanently_inactive_outside_recent_window
MT-TNG,10.L1.8080.5887,023,Vô hiệu hóa,2024-01-01,2025-04-01,2025-04-01,14,permanently_inactive_outside_recent_window
TNB,10.L1.8080.5887,024,Vô hiệu hóa,2024-03-01,2025-05-01,2025-05-01,13,permanently_inactive_outside_recent_window
MT-TNG,10.L1.8080.5887,099,Vô hiệu hóa,2024-07-01,2024-10-01,2024-10-01,20,permanently_inactive_outside_recent_window
Chưa xác định,10.L1.8080.5887,222,Vô hiệu hóa,2024-03-01,2024-03-01,2024-03-01,27,permanently_inactive_outside_recent_window
DNB,10.L1.8080.5889,008,Vô hiệu hóa,2024-04-01,2025-05-01,2025-05-01,13,permanently_inactive_outside_recent_window
MT-TNG,10.L1.8080.5889,012,Vô hiệu hóa,2024-08-01,2024-11-01,2024-11-01,19,permanently_inactive_outside_recent_window
DNB,10.L1.8080.5889,013,Vô hiệu hóa,2024-04-01,2025-04-01,2025-04-01,14,permanently_inactive_outside_recent_window
MT-TNG,10.L1.8080.5889,014,Vô hiệu hóa,2024-05-01,2024-10-01,2024-10-01,20,permanently_inactive_outside_recent_window
TNB,10.L1.8080.5889,016,Vô hiệu hóa,2024-07-01,2025-03-01,2025-03-01,15,permanently_inactive_outside_recent_window
MT-TNG,10.L1.8080.5889,023,Vô hiệu hóa,2024-08-01,2025-05-01,2025-05-01,13,permanently_inactive_outside_recent_window
MT-TNG,10.L1.8080.5889,067,Vô hiệu hóa,2024-05-01,2024-08-01,2024-08-01,22,permanently_inactive_outside_recent_window
MT-TNG,10.L1.8080.5889,072,Vô hiệu hóa,2025-05-01,2025-05-01,2025-05-01,13,permanently_inactive_outside_recent_window
MT-TNG,10.L1.8080.5889,099,Vô hiệu hóa,2024-07-01,2024-08-01,2024-08-01,22,permanently_inactive_outside_recent_window
Chưa xác định,10.L1.8080.5889,222,Vô hiệu hóa,2024-03-01,2024-03-01,2024-03-01,27,permanently_inactive_outside_recent_window
DNB,10.L1.8080.5891,002,Vô hiệu hóa,2024-10-01,2024-10-01,2024-10-01,20,permanently_inactive_outside_recent_window
DNB,10.L1.8080.5891,010,Vô hiệu hóa,2024-08-01,2024-08-01,2024-08-01,22,permanently_inactive_outside_recent_window
MT-TNG,10.L1.8080.5891,012,Vô hiệu hóa,2024-01-01,2025-04-01,2025-04-01,14,permanently_inactive_outside_recent_window
DNB,10.L1.8080.5891,013,Vô hiệu hóa,2024-08-01,2025-04-01,2025-04-01,14,permanently_inactive_outside_recent_window
MT-TNG,10.L1.8080.5891,014,Vô hiệu hóa,2024-01-01,2025-03-01,2025-03-01,15,permanently_inactive_outside_recent_window
TNB,10.L1.8080.5891,016,Vô hiệu hóa,2024-03-01,2024-11-01,2024-11-01,19,permanently_inactive_outside_recent_window
MT-TNG,10.L1.8080.5891,067,Vô hiệu hóa,2024-08-01,2024-08-01,2024-08-01,22,permanently_inactive_outside_recent_window
MT-TNG,10.L1.8080.5891,072,Vô hiệu hóa,2025-05-01,2025-05-01,2025-05-01,13,permanently_inactive_outside_recent_window
MT-TNG,10.L1.8080.5891,095,Vô hiệu hóa,2024-01-01,2024-01-01,2024-01-01,29,permanently_inactive_outside_recent_window
MT-TNG,10.L1.8080.5891,099,Vô hiệu hóa,2024-03-01,2025-01-01,2025-01-01,17,permanently_inactive_outside_recent_window
Chưa xác định,10.L1.8080.5891,222,Vô hiệu hóa,2024-02-01,2024-02-01,2024-02-01,28,permanently_inactive_outside_recent_window
Chưa xác định,10.L1.8080.5893,000,Vô hiệu hóa,2024-06-01,2024-12-01,2024-12-01,18,permanently_inactive_outside_recent_window
MT-TNG,10.L1.8080.5893,059,Vô hiệu hóa,2024-07-01,2024-08-01,2024-08-01,22,permanently_inactive_outside_recent_window
DNB,10.L1.8080.5893,060,Vô hiệu hóa,2024-08-01,2024-10-01,2024-10-01,20,permanently_inactive_outside_recent_window
TNB,10.L1.8080.5893,063,Vô hiệu hóa,2024-01-01,2025-03-01,2025-03-01,15,permanently_inactive_outside_recent_window
MT-TNG,10.L1.8080.5893,064,Vô hiệu hóa,2024-08-01,2024-08-01,2024-08-01,22,permanently_inactive_outside_recent_window
TNB,10.L1.8080.5893,065,Vô hiệu hóa,2024-09-01,2025-03-01,2025-03-01,15,permanently_inactive_outside_recent_window
MT-TNG,10.L1.8080.5893,067,Vô hiệu hóa,2024-01-01,2024-08-01,2024-08-01,22,permanently_inactive_outside_recent_window
TNB,10.L1.8080.5893,069,Vô hiệu hóa,2024-07-01,2025-02-01,2025-02-01,16,permanently_inactive_outside_recent_window
MT-TNG,10.L1.8080.5893,070,Vô hiệu hóa,2024-02-01,2024-02-01,2024-02-01,28,permanently_inactive_outside_recent_window
MT-TNG,10.L1.8080.5893,071,Vô hiệu hóa,2024-06-01,2025-05-01,2025-05-01,13,permanently_inactive_outside_recent_window
MT-TNG,10.L1.8080.5893,072,Vô hiệu hóa,2024-02-01,2024-12-01,2024-12-01,18,permanently_inactive_outside_recent_window
TNB,10.L1.8080.5893,073,Vô hiệu hóa,2024-05-01,2024-05-01,2024-05-01,25,permanently_inactive_outside_recent_window
DNB,10.L1.8080.5893,076,Vô hiệu hóa,2024-01-01,2025-04-01,2025-04-01,14,permanently_inactive_outside_recent_window
MT-TNG,10.L1.8080.5893,079,Vô hiệu hóa,2024-05-01,2025-04-01,2025-04-01,14,permanently_inactive_outside_recent_window
DNB,10.L1.8080.5893,081,Vô hiệu hóa,2024-04-01,2024-11-01,2024-11-01,19,permanently_inactive_outside_recent_window
DNB,10.L1.8080.5893,094,Vô hiệu hóa,2024-03-01,2025-05-01,2025-05-01,13,permanently_inactive_outside_recent_window
Chưa xác định,10.L1.8080.5894,000,Vô hiệu hóa,2024-04-01,2024-12-01,2024-12-01,18,permanently_inactive_outside_recent_window
MT-TNG,10.L1.8080.5894,001,Vô hiệu hóa,2024-06-01,2024-06-01,2024-06-01,24,permanently_inactive_outside_recent_window
TNB,10.L1.8080.5894,050,Vô hiệu hóa,2024-01-01,2025-04-01,2025-04-01,14,permanently_inactive_outside_recent_window
MT-TNG,10.L1.8080.5894,059,Vô hiệu hóa,2024-01-01,2025-03-01,2025-03-01,15,permanently_inactive_outside_recent_window
DNB,10.L1.8080.5894,060,Vô hiệu hóa,2024-07-01,2024-12-01,2024-12-01,18,permanently_inactive_outside_recent_window
MT-TNG,10.L1.8080.5894,064,Vô hiệu hóa,2024-01-01,2025-04-01,2025-04-01,14,permanently_inactive_outside_recent_window
MT-TNG,10.L1.8080.5894,066,Vô hiệu hóa,2024-08-01,2024-10-01,2024-10-01,20,permanently_inactive_outside_recent_window
MT-TNG,10.L1.8080.5894,067,Vô hiệu hóa,2024-04-01,2024-04-01,2024-04-01,26,permanently_inactive_outside_recent_window
MT-TNG,10.L1.8080.5894,071,Vô hiệu hóa,2024-02-01,2025-05-01,2025-05-01,13,permanently_inactive_outside_recent_window
MT-TNG,10.L1.8080.5894,072,Vô hiệu hóa,2024-03-01,2025-05-01,2025-05-01,13,permanently_inactive_outside_recent_window
DNB,10.L1.8080.5894,076,Vô hiệu hóa,2024-01-01,2025-04-01,2025-04-01,14,permanently_inactive_outside_recent_window
MT-TNG,10.L1.8080.5894,079,Vô hiệu hóa,2024-07-01,2025-04-01,2025-04-01,14,permanently_inactive_outside_recent_window
DNB,10.L1.8080.5894,081,Vô hiệu hóa,2024-01-01,2024-10-01,2024-10-01,20,permanently_inactive_outside_recent_window
DNB,10.L1.8080.5894,094,Vô hiệu hóa,2024-06-01,2024-06-01,2024-06-01,24,permanently_inactive_outside_recent_window
Chưa xác định,10.L1.8080.5894,222,Vô hiệu hóa,2024-03-01,2024-12-01,2024-12-01,18,permanently_inactive_outside_recent_window
MT-TNG,10.L1.8080.5895,001,Vô hiệu hóa,2024-06-01,2024-12-01,2024-12-01,18,permanently_inactive_outside_recent_window
DNB,10.L1.8080.5895,008,Vô hiệu hóa,2024-02-01,2025-04-01,2025-04-01,14,permanently_inactive_outside_recent_window
DNB,10.L1.8080.5895,013,Vô hiệu hóa,2025-04-01,2025-04-01,2025-04-01,14,permanently_inactive_outside_recent_window
MT-TNG,10.L1.8080.5895,014,Vô hiệu hóa,2024-09-01,2025-02-01,2025-02-01,16,permanently_inactive_outside_recent_window
TNB,10.L1.8080.5895,016,Vô hiệu hóa,2024-06-01,2024-06-01,2024-06-01,24,permanently_inactive_outside_recent_window
TNB,10.L1.8080.5895,018,Vô hiệu hóa,2024-09-01,2024-10-01,2024-10-01,20,permanently_inactive_outside_recent_window
MT-TNG,10.L1.8080.5895,023,Vô hiệu hóa,2024-04-01,2025-05-01,2025-05-01,13,permanently_inactive_outside_recent_window
TNB,10.L1.8080.5895,024,Vô hiệu hóa,2024-04-01,2025-02-01,2025-02-01,16,permanently_inactive_outside_recent_window
MT-TNG,10.L1.8080.5895,067,Vô hiệu hóa,2024-12-01,2024-12-01,2024-12-01,18,permanently_inactive_outside_recent_window
MT-TNG,10.L1.8080.5895,072,Vô hiệu hóa,2025-05-01,2025-05-01,2025-05-01,13,permanently_inactive_outside_recent_window
MT-TNG,10.L1.8080.5895,099,Vô hiệu hóa,2024-08-01,2024-10-01,2024-10-01,20,permanently_inactive_outside_recent_window
Chưa xác định,10.L1.8080.5895,222,Vô hiệu hóa,2024-03-01,2024-03-01,2024-03-01,27,permanently_inactive_outside_recent_window
DNB,10.L1.8080.5896,008,Vô hiệu hóa,2024-11-01,2025-03-01,2025-03-01,15,permanently_inactive_outside_recent_window
MT-TNG,10.L1.8080.5896,014,Vô hiệu hóa,2024-03-01,2024-10-01,2024-10-01,20,permanently_inactive_outside_recent_window
TNB,10.L1.8080.5896,018,Vô hiệu hóa,2024-01-01,2025-05-01,2025-05-01,13,permanently_inactive_outside_recent_window
TNB,10.L1.8080.5896,024,Vô hiệu hóa,2024-06-01,2024-12-01,2024-12-01,18,permanently_inactive_outside_recent_window
MT-TNG,10.L1.8080.5896,072,Vô hiệu hóa,2025-05-01,2025-05-01,2025-05-01,13,permanently_inactive_outside_recent_window
Chưa xác định,10.L1.8080.5897,000,Vô hiệu hóa,2024-11-01,2025-01-01,2025-01-01,17,permanently_inactive_outside_recent_window
TNB,10.L1.8080.5897,050,Vô hiệu hóa,2024-09-01,2025-04-01,2025-04-01,14,permanently_inactive_outside_recent_window
MT-TNG,10.L1.8080.5897,059,Vô hiệu hóa,2024-06-01,2024-06-01,2024-06-01,24,permanently_inactive_outside_recent_window
DNB,10.L1.8080.5897,060,Vô hiệu hóa,2024-02-01,2024-12-01,2024-12-01,18,permanently_inactive_outside_recent_window
TNB,10.L1.8080.5897,063,Vô hiệu hóa,2024-05-01,2025-02-01,2025-02-01,16,permanently_inactive_outside_recent_window
MT-TNG,10.L1.8080.5897,064,Vô hiệu hóa,2024-01-01,2024-01-01,2024-01-01,29,permanently_inactive_outside_recent_window
TNB,10.L1.8080.5897,065,Vô hiệu hóa,2025-01-01,2025-01-01,2025-01-01,17,permanently_inactive_outside_recent_window
TNB,10.L1.8080.5897,069,Vô hiệu hóa,2024-07-01,2025-02-01,2025-02-01,16,permanently_inactive_outside_recent_window
MT-TNG,10.L1.8080.5897,071,Vô hiệu hóa,2024-06-01,2025-05-01,2025-05-01,13,permanently_inactive_outside_recent_window
MT-TNG,10.L1.8080.5897,072,Vô hiệu hóa,2024-05-01,2025-05-01,2025-05-01,13,permanently_inactive_outside_recent_window
MT-TNG,10.L1.8080.5897,079,Vô hiệu hóa,2024-11-01,2024-11-01,2024-11-01,19,permanently_inactive_outside_recent_window
DNB,10.L1.8080.5897,081,Vô hiệu hóa,2024-10-01,2025-04-01,2025-04-01,14,permanently_inactive_outside_recent_window
DNB,10.L1.8080.5897,094,Vô hiệu hóa,2024-04-01,2025-04-01,2025-04-01,14,permanently_inactive_outside_recent_window
Chưa xác định,10.L1.8080.5898,000,Vô hiệu hóa,2024-05-01,2024-12-01,2024-12-01,18,permanently_inactive_outside_recent_window
MT-TNG,10.L1.8080.5898,059,Vô hiệu hóa,2024-10-01,2024-11-01,2024-11-01,19,permanently_inactive_outside_recent_window
DNB,10.L1.8080.5898,060,Vô hiệu hóa,2024-05-01,2024-11-01,2024-11-01,19,permanently_inactive_outside_recent_window
DNB,10.L1.8080.5898,061,Vô hiệu hóa,2024-01-01,2024-01-01,2024-01-01,29,permanently_inactive_outside_recent_window
TNB,10.L1.8080.5898,063,Vô hiệu hóa,2024-08-01,2025-04-01,2025-04-01,14,permanently_inactive_outside_recent_window
MT-TNG,10.L1.8080.5898,064,Vô hiệu hóa,2024-01-01,2024-08-01,2024-08-01,22,permanently_inactive_outside_recent_window
TNB,10.L1.8080.5898,065,Vô hiệu hóa,2024-07-01,2024-11-01,2024-11-01,19,permanently_inactive_outside_recent_window
MT-TNG,10.L1.8080.5898,066,Vô hiệu hóa,2024-09-01,2024-10-01,2024-10-01,20,permanently_inactive_outside_recent_window
TNB,10.L1.8080.5898,069,Vô hiệu hóa,2024-08-01,2025-04-01,2025-04-01,14,permanently_inactive_outside_recent_window
MT-TNG,10.L1.8080.5898,071,Vô hiệu hóa,2024-05-01,2025-05-01,2025-05-01,13,permanently_inactive_outside_recent_window
MT-TNG,10.L1.8080.5898,072,Vô hiệu hóa,2024-02-01,2025-05-01,2025-05-01,13,permanently_inactive_outside_recent_window
TNB,10.L1.8080.5898,073,Vô hiệu hóa,2024-01-01,2024-01-01,2024-01-01,29,permanently_inactive_outside_recent_window
DNB,10.L1.8080.5898,076,Vô hiệu hóa,2024-06-01,2025-04-01,2025-04-01,14,permanently_inactive_outside_recent_window
MT-TNG,10.L1.8080.5898,079,Vô hiệu hóa,2024-01-01,2024-10-01,2024-10-01,20,permanently_inactive_outside_recent_window
DNB,10.L1.8080.5898,081,Vô hiệu hóa,2024-05-01,2024-12-01,2024-12-01,18,permanently_inactive_outside_recent_window
DNB,10.L1.8080.5898,094,Vô hiệu hóa,2024-01-01,2025-02-01,2025-02-01,16,permanently_inactive_outside_recent_window
Chưa xác định,10.L1.8080.5898,222,Vô hiệu hóa,2024-01-01,2024-08-01,2024-08-01,22,permanently_inactive_outside_recent_window
Chưa xác định,10.L1.8080.5899,000,Vô hiệu hóa,2024-01-01,2025-03-01,2025-03-01,15,permanently_inactive_outside_recent_window
DNB,10.L1.8080.5899,019,Vô hiệu hóa,2024-03-01,2025-04-01,2025-04-01,14,permanently_inactive_outside_recent_window
MT-TNG,10.L1.8080.5899,059,Vô hiệu hóa,2024-01-01,2024-10-01,2024-10-01,20,permanently_inactive_outside_recent_window
DNB,10.L1.8080.5899,060,Vô hiệu hóa,2024-04-01,2024-12-01,2024-12-01,18,permanently_inactive_outside_recent_window
TNB,10.L1.8080.5899,063,Vô hiệu hóa,2024-10-01,2025-02-01,2025-02-01,16,permanently_inactive_outside_recent_window
TNB,10.L1.8080.5899,065,Vô hiệu hóa,2024-12-01,2025-01-01,2025-01-01,17,permanently_inactive_outside_recent_window
MT-TNG,10.L1.8080.5899,066,Vô hiệu hóa,2024-09-01,2024-09-01,2024-09-01,21,permanently_inactive_outside_recent_window
TNB,10.L1.8080.5899,069,Vô hiệu hóa,2024-01-01,2025-04-01,2025-04-01,14,permanently_inactive_outside_recent_window
MT-TNG,10.L1.8080.5899,071,Vô hiệu hóa,2024-06-01,2025-05-01,2025-05-01,13,permanently_inactive_outside_recent_window
MT-TNG,10.L1.8080.5899,072,Vô hiệu hóa,2024-01-01,2025-05-01,2025-05-01,13,permanently_inactive_outside_recent_window
MT-TNG,10.L1.8080.5899,079,Vô hiệu hóa,2024-10-01,2024-10-01,2024-10-01,20,permanently_inactive_outside_recent_window
DNB,10.L1.8080.5899,081,Vô hiệu hóa,2024-01-01,2025-02-01,2025-02-01,16,permanently_inactive_outside_recent_window
Chưa xác định,10.L1.8080.5899,222,Vô hiệu hóa,2024-07-01,2024-11-01,2024-11-01,19,permanently_inactive_outside_recent_window
MT-TNG,10.L1.8080.75004,012,Vô hiệu hóa,2024-10-01,2025-04-01,2025-04-01,14,permanently_inactive_outside_recent_window
DNB,10.L1.8080.75004,013,Vô hiệu hóa,2024-09-01,2024-12-01,2024-12-01,18,permanently_inactive_outside_recent_window
MT-TNG,10.L1.8080.75004,014,Vô hiệu hóa,2024-05-01,2025-05-01,2025-05-01,13,permanently_inactive_outside_recent_window
TNB,10.L1.8080.75004,015,Vô hiệu hóa,2024-08-01,2025-03-01,2025-03-01,15,permanently_inactive_outside_recent_window
DNB,10.L1.8080.75004,019,Vô hiệu hóa,2024-10-01,2025-05-01,2025-05-01,13,permanently_inactive_outside_recent_window
DNB,10.L1.8080.75004,022,Vô hiệu hóa,2024-09-01,2025-02-01,2025-02-01,16,permanently_inactive_outside_recent_window
MT-TNG,10.L1.8080.75004,067,Vô hiệu hóa,2024-05-01,2024-10-01,2024-10-01,20,permanently_inactive_outside_recent_window
Chưa xác định,10.L1.8080.75004,093,Vô hiệu hóa,2024-04-01,2024-10-01,2024-10-01,20,permanently_inactive_outside_recent_window
MT-TNG,10.L1.8080.75005,012,Vô hiệu hóa,2024-11-01,2025-02-01,2025-02-01,16,permanently_inactive_outside_recent_window
MT-TNG,10.L1.8080.75005,014,Vô hiệu hóa,2024-09-01,2025-05-01,2025-05-01,13,permanently_inactive_outside_recent_window
MT-TNG,10.L1.8080.75005,023,Vô hiệu hóa,2024-09-01,2025-05-01,2025-05-01,13,permanently_inactive_outside_recent_window
MT-TNG,10.L1.8080.75005,067,Vô hiệu hóa,2024-05-01,2024-09-01,2024-09-01,21,permanently_inactive_outside_recent_window
Chưa xác định,10.L1.8080.75005,085,Vô hiệu hóa,2024-07-01,2024-07-01,2024-07-01,23,permanently_inactive_outside_recent_window
Chưa xác định,10.L1.8080.75005,093,Vô hiệu hóa,2024-04-01,2024-11-01,2024-11-01,19,permanently_inactive_outside_recent_window
TNB,10.L1.8080.75006,011,Vô hiệu hóa,2024-11-01,2025-03-01,2025-03-01,15,permanently_inactive_outside_recent_window
MT-TNG,10.L1.8080.75006,014,Vô hiệu hóa,2024-05-01,2025-05-01,2025-05-01,13,permanently_inactive_outside_recent_window
TNB,10.L1.8080.75006,015,Vô hiệu hóa,2024-12-01,2024-12-01,2024-12-01,18,permanently_inactive_outside_recent_window
MT-TNG,10.L1.8080.75006,023,Vô hiệu hóa,2024-10-01,2025-04-01,2025-04-01,14,permanently_inactive_outside_recent_window
MT-TNG,10.L1.8080.75006,067,Vô hiệu hóa,2024-05-01,2024-10-01,2024-10-01,20,permanently_inactive_outside_recent_window
Chưa xác định,10.L1.8080.75006,085,Vô hiệu hóa,2024-07-01,2024-07-01,2024-07-01,23,permanently_inactive_outside_recent_window
Chưa xác định,10.L1.8080.75006,093,Vô hiệu hóa,2024-04-01,2024-11-01,2024-11-01,19,permanently_inactive_outside_recent_window
DNB,10.L1.8080.9451,002,Vô hiệu hóa,2024-01-01,2024-11-01,2024-11-01,19,permanently_inactive_outside_recent_window
TNB,10.L1.8080.9451,011,Vô hiệu hóa,2024-01-01,2024-07-01,2024-07-01,23,permanently_inactive_outside_recent_window
MT-TNG,10.L1.8080.9451,012,Vô hiệu hóa,2024-05-01,2025-04-01,2025-04-01,14,permanently_inactive_outside_recent_window
TNB,10.L1.8080.9451,015,Vô hiệu hóa,2024-01-01,2024-11-01,2024-11-01,19,permanently_inactive_outside_recent_window
TNB,10.L1.8080.9451,017,Vô hiệu hóa,2024-03-01,2024-08-01,2024-08-01,22,permanently_inactive_outside_recent_window
TNB,10.L1.8080.9451,018,Vô hiệu hóa,2024-01-01,2024-11-01,2024-11-01,19,permanently_inactive_outside_recent_window
DNB,10.L1.8080.9451,019,Vô hiệu hóa,2024-03-01,2025-04-01,2025-04-01,14,permanently_inactive_outside_recent_window
TNB,10.L1.8080.9451,024,Vô hiệu hóa,2024-01-01,2024-08-01,2024-08-01,22,permanently_inactive_outside_recent_window
DNB,10.L1.8080.9454,010,Vô hiệu hóa,2024-09-01,2025-01-01,2025-01-01,17,permanently_inactive_outside_recent_window
DNB,10.L1.8080.9455,008,Vô hiệu hóa,2024-01-01,2025-04-01,2025-04-01,14,permanently_inactive_outside_recent_window
TNB,10.L1.8080.9455,011,Vô hiệu hóa,2024-04-01,2024-04-01,2024-04-01,26,permanently_inactive_outside_recent_window
DNB,10.L1.8080.9455,013,Vô hiệu hóa,2024-08-01,2024-08-01,2024-08-01,22,permanently_inactive_outside_recent_window
TNB,10.L1.8080.9455,015,Vô hiệu hóa,2024-01-01,2024-09-01,2024-09-01,21,permanently_inactive_outside_recent_window
TNB,10.L1.8080.9455,017,Vô hiệu hóa,2024-01-01,2024-10-01,2024-10-01,20,permanently_inactive_outside_recent_window
TNB,10.L1.8080.9455,018,Vô hiệu hóa,2024-01-01,2024-07-01,2024-07-01,23,permanently_inactive_outside_recent_window
DNB,10.L1.8080.9455,019,Vô hiệu hóa,2024-01-01,2024-03-01,2024-03-01,27,permanently_inactive_outside_recent_window
TNB,10.L1.8080.9455,024,Vô hiệu hóa,2024-03-01,2024-08-01,2024-08-01,22,permanently_inactive_outside_recent_window
MT-TNG,10.L1.8080.9455,049,Vô hiệu hóa,2024-03-01,2024-10-01,2024-10-01,20,permanently_inactive_outside_recent_window
MT-TNG,10.L1.8080.9455,072,Vô hiệu hóa,2024-01-01,2025-05-01,2025-05-01,13,permanently_inactive_outside_recent_window
TNB,11.L1.3030.D813,017,Vô hiệu hóa,2024-01-01,2024-03-01,2024-03-01,27,permanently_inactive_outside_recent_window
MT-TNG,11.L1.3030.D813,078,Vô hiệu hóa,2024-01-01,2024-01-01,2024-01-01,29,permanently_inactive_outside_recent_window
TNB,11.L1.3030.D815,017,Vô hiệu hóa,2024-01-01,2024-03-01,2024-03-01,27,permanently_inactive_outside_recent_window
TNB,11.L1.3030.D852,069,Vô hiệu hóa,2024-03-01,2024-03-01,2024-03-01,27,permanently_inactive_outside_recent_window
Chưa xác định,11.L1.3030.D852,222,Vô hiệu hóa,2024-03-01,2024-03-01,2024-03-01,27,permanently_inactive_outside_recent_window
TNB,11.L1.3030.D854,069,Vô hiệu hóa,2024-01-01,2024-04-01,2024-04-01,26,permanently_inactive_outside_recent_window
MT-TNG,11.L1.3030.D854,099,Vô hiệu hóa,2024-04-01,2024-04-01,2024-04-01,26,permanently_inactive_outside_recent_window
Chưa xác định,11.L1.3030.D854,222,Vô hiệu hóa,2024-03-01,2024-03-01,2024-03-01,27,permanently_inactive_outside_recent_window
DNB,12.L1.1033.1301,008,Vô hiệu hóa,2024-08-01,2024-09-01,2024-09-01,21,permanently_inactive_outside_recent_window
MT-TNG,12.L1.1033.1301,014,Vô hiệu hóa,2024-01-01,2024-01-01,2024-01-01,29,permanently_inactive_outside_recent_window
MT-TNG,12.L1.1033.1301,059,Vô hiệu hóa,2024-06-01,2024-09-01,2024-09-01,21,permanently_inactive_outside_recent_window
MT-TNG,12.L1.1033.1301,072,Vô hiệu hóa,2024-03-01,2024-03-01,2024-03-01,27,permanently_inactive_outside_recent_window
MT-TNG,12.L1.1033.1302,014,Vô hiệu hóa,2024-01-01,2024-01-01,2024-01-01,29,permanently_inactive_outside_recent_window
TNB,12.L1.1033.1302,016,Vô hiệu hóa,2024-08-01,2024-08-01,2024-08-01,22,permanently_inactive_outside_recent_window
DNB,12.L1.1033.1303,019,Vô hiệu hóa,2024-08-01,2024-08-01,2024-08-01,22,permanently_inactive_outside_recent_window
MT-TNG,12.L1.1033.1304,014,Vô hiệu hóa,2024-01-01,2024-01-01,2024-01-01,29,permanently_inactive_outside_recent_window
MT-TNG,12.L1.1033.1304,059,Vô hiệu hóa,2024-06-01,2024-07-01,2024-07-01,23,permanently_inactive_outside_recent_window
MT-TNG,12.L1.1033.1304,072,Vô hiệu hóa,2024-03-01,2024-03-01,2024-03-01,27,permanently_inactive_outside_recent_window
MT-TNG,12.L1.1033.1305,001,Vô hiệu hóa,2024-06-01,2024-07-01,2024-07-01,23,permanently_inactive_outside_recent_window
MT-TNG,12.L1.1033.1305,014,Vô hiệu hóa,2024-01-01,2024-06-01,2024-06-01,24,permanently_inactive_outside_recent_window
MT-TNG,12.L1.1033.1305,059,Vô hiệu hóa,2025-03-01,2025-03-01,2025-03-01,15,permanently_inactive_outside_recent_window
TNB,12.L1.1033.1306,016,Vô hiệu hóa,2024-03-01,2024-08-01,2024-08-01,22,permanently_inactive_outside_recent_window
MT-TNG,12.L1.1033.1306,059,Vô hiệu hóa,2025-03-01,2025-03-01,2025-03-01,15,permanently_inactive_outside_recent_window
MT-TNG,12.L1.1033.1307,014,Vô hiệu hóa,2024-03-01,2024-03-01,2024-03-01,27,permanently_inactive_outside_recent_window
MT-TNG,12.L1.1033.1307,059,Vô hiệu hóa,2024-05-01,2025-03-01,2025-03-01,15,permanently_inactive_outside_recent_window
DNB,12.L1.1033.1307,060,Vô hiệu hóa,2024-09-01,2024-09-01,2024-09-01,21,permanently_inactive_outside_recent_window
TNB,12.L1.1033.1307,073,Vô hiệu hóa,2024-01-01,2024-09-01,2024-09-01,21,permanently_inactive_outside_recent_window
DNB,12.L1.1033.1307,076,Vô hiệu hóa,2024-07-01,2024-11-01,2024-11-01,19,permanently_inactive_outside_recent_window
DNB,12.L1.1033.1307,081,Vô hiệu hóa,2024-11-01,2024-11-01,2024-11-01,19,permanently_inactive_outside_recent_window
MT-TNG,12.L1.1033.1308,014,Vô hiệu hóa,2024-03-01,2024-03-01,2024-03-01,27,permanently_inactive_outside_recent_window
MT-TNG,12.L1.1033.1308,059,Vô hiệu hóa,2025-03-01,2025-03-01,2025-03-01,15,permanently_inactive_outside_recent_window
TNB,12.L1.1033.1308,073,Vô hiệu hóa,2024-03-01,2024-09-01,2024-09-01,21,permanently_inactive_outside_recent_window
DNB,12.L1.1033.1308,076,Vô hiệu hóa,2024-08-01,2024-12-01,2024-12-01,18,permanently_inactive_outside_recent_window
DNB,12.L1.1033.1308,081,Vô hiệu hóa,2024-11-01,2024-11-01,2024-11-01,19,permanently_inactive_outside_recent_window
MT-TNG,12.L1.1033.1309,059,Vô hiệu hóa,2025-03-01,2025-03-01,2025-03-01,15,permanently_inactive_outside_recent_window
DNB,12.L1.1033.1309,060,Vô hiệu hóa,2024-02-01,2024-02-01,2024-02-01,28,permanently_inactive_outside_recent_window
TNB,12.L1.1033.1309,073,Vô hiệu hóa,2024-09-01,2024-11-01,2024-11-01,19,permanently_inactive_outside_recent_window
DNB,12.L1.1033.1309,076,Vô hiệu hóa,2024-08-01,2024-12-01,2024-12-01,18,permanently_inactive_outside_recent_window
MT-TNG,12.L1.1033.1310,014,Vô hiệu hóa,2024-03-01,2024-03-01,2024-03-01,27,permanently_inactive_outside_recent_window
MT-TNG,12.L1.1033.1310,059,Vô hiệu hóa,2025-03-01,2025-03-01,2025-03-01,15,permanently_inactive_outside_recent_window
DNB,12.L1.1033.1310,060,Vô hiệu hóa,2024-02-01,2024-02-01,2024-02-01,28,permanently_inactive_outside_recent_window
TNB,12.L1.1033.1310,069,Vô hiệu hóa,2024-08-01,2024-12-01,2024-12-01,18,permanently_inactive_outside_recent_window
TNB,12.L1.1033.1310,073,Vô hiệu hóa,2024-09-01,2024-09-01,2024-09-01,21,permanently_inactive_outside_recent_window
DNB,12.L1.1033.1310,081,Vô hiệu hóa,2024-01-01,2024-09-01,2024-09-01,21,permanently_inactive_outside_recent_window
MT-TNG,12.L1.1033.1311,059,Vô hiệu hóa,2024-06-01,2025-03-01,2025-03-01,15,permanently_inactive_outside_recent_window
DNB,12.L1.1033.1311,060,Vô hiệu hóa,2024-02-01,2024-02-01,2024-02-01,28,permanently_inactive_outside_recent_window
TNB,12.L1.1033.1311,073,Vô hiệu hóa,2024-09-01,2024-09-01,2024-09-01,21,permanently_inactive_outside_recent_window
MT-TNG,12.L1.1033.1312,014,Vô hiệu hóa,2024-03-01,2024-03-01,2024-03-01,27,permanently_inactive_outside_recent_window
DNB,12.L1.1033.1312,060,Vô hiệu hóa,2024-03-01,2024-03-01,2024-03-01,27,permanently_inactive_outside_recent_window
TNB,12.L1.1033.1312,069,Vô hiệu hóa,2024-05-01,2024-11-01,2024-11-01,19,permanently_inactive_outside_recent_window
TNB,12.L1.1033.1312,073,Vô hiệu hóa,2024-02-01,2024-09-01,2024-09-01,21,permanently_inactive_outside_recent_window
DNB,12.L1.1033.1312,081,Vô hiệu hóa,2024-09-01,2024-09-01,2024-09-01,21,permanently_inactive_outside_recent_window
Chưa xác định,12.L1.2040.2406,000,Vô hiệu hóa,2024-06-01,2024-06-01,2024-06-01,24,permanently_inactive_outside_recent_window
TNB,12.L1.2040.2406,050,Vô hiệu hóa,2024-02-01,2024-08-01,2024-08-01,22,permanently_inactive_outside_recent_window
TNB,12.L1.2040.2406,063,Vô hiệu hóa,2024-10-01,2024-10-01,2024-10-01,20,permanently_inactive_outside_recent_window
TNB,12.L1.2040.2406,065,Vô hiệu hóa,2024-01-01,2024-05-01,2024-05-01,25,permanently_inactive_outside_recent_window
MT-TNG,12.L1.2040.2406,071,Vô hiệu hóa,2024-02-01,2024-07-01,2024-07-01,23,permanently_inactive_outside_recent_window
MT-TNG,12.L1.2040.2406,072,Vô hiệu hóa,2024-01-01,2024-09-01,2024-09-01,21,permanently_inactive_outside_recent_window
TNB,12.L1.2040.2406,073,Vô hiệu hóa,2024-01-01,2024-01-01,2024-01-01,29,permanently_inactive_outside_recent_window
DNB,12.L1.2040.2406,081,Vô hiệu hóa,2024-07-01,2024-07-01,2024-07-01,23,permanently_inactive_outside_recent_window
MT-TNG,12.L1.2040.2407,001,Vô hiệu hóa,2024-07-01,2025-04-01,2025-04-01,14,permanently_inactive_outside_recent_window
TNB,12.L1.2040.2407,050,Vô hiệu hóa,2024-01-01,2024-06-01,2024-06-01,24,permanently_inactive_outside_recent_window
DNB,12.L1.2040.2407,060,Vô hiệu hóa,2024-01-01,2025-01-01,2025-01-01,17,permanently_inactive_outside_recent_window
DNB,12.L1.2040.2407,061,Vô hiệu hóa,2024-08-01,2024-08-01,2024-08-01,22,permanently_inactive_outside_recent_window
TNB,12.L1.2040.2407,069,Vô hiệu hóa,2024-01-01,2024-01-01,2024-01-01,29,permanently_inactive_outside_recent_window
MT-TNG,12.L1.2040.2407,072,Vô hiệu hóa,2024-06-01,2025-05-01,2025-05-01,13,permanently_inactive_outside_recent_window
TNB,12.L1.2040.2407,073,Vô hiệu hóa,2024-01-01,2024-01-01,2024-01-01,29,permanently_inactive_outside_recent_window
DNB,12.L1.2040.2407,081,Vô hiệu hóa,2024-02-01,2025-04-01,2025-04-01,14,permanently_inactive_outside_recent_window
TNB,12.L1.2040.2408,050,Vô hiệu hóa,2024-05-01,2025-03-01,2025-03-01,15,permanently_inactive_outside_recent_window
MT-TNG,12.L1.2040.2408,059,Vô hiệu hóa,2024-05-01,2025-01-01,2025-01-01,17,permanently_inactive_outside_recent_window
DNB,12.L1.2040.2408,060,Vô hiệu hóa,2024-01-01,2025-01-01,2025-01-01,17,permanently_inactive_outside_recent_window
DNB,12.L1.2040.2408,061,Vô hiệu hóa,2024-11-01,2025-02-01,2025-02-01,16,permanently_inactive_outside_recent_window
TNB,12.L1.2040.2408,069,Vô hiệu hóa,2024-03-01,2024-03-01,2024-03-01,27,permanently_inactive_outside_recent_window
MT-TNG,12.L1.2040.2408,072,Vô hiệu hóa,2024-05-01,2024-10-01,2024-10-01,20,permanently_inactive_outside_recent_window
DNB,12.L1.2040.2408,081,Vô hiệu hóa,2024-01-01,2025-01-01,2025-01-01,17,permanently_inactive_outside_recent_window
MT-TNG,12.L1.2040.2409,001,Vô hiệu hóa,2024-06-01,2024-06-01,2024-06-01,24,permanently_inactive_outside_recent_window
DNB,12.L1.2040.2409,060,Vô hiệu hóa,2024-01-01,2025-02-01,2025-02-01,16,permanently_inactive_outside_recent_window
DNB,12.L1.2040.2409,061,Vô hiệu hóa,2024-05-01,2025-02-01,2025-02-01,16,permanently_inactive_outside_recent_window
MT-TNG,12.L1.2040.2409,064,Vô hiệu hóa,2024-07-01,2024-07-01,2024-07-01,23,permanently_inactive_outside_recent_window
TNB,12.L1.2040.2409,069,Vô hiệu hóa,2024-03-01,2024-03-01,2024-03-01,27,permanently_inactive_outside_recent_window
TNB,12.L1.2040.2409,073,Vô hiệu hóa,2024-01-01,2024-08-01,2024-08-01,22,permanently_inactive_outside_recent_window
DNB,12.L1.2040.2409,081,Vô hiệu hóa,2024-07-01,2025-04-01,2025-04-01,14,permanently_inactive_outside_recent_window
TNB,12.L1.2040.2410,050,Vô hiệu hóa,2024-02-01,2025-01-01,2025-01-01,17,permanently_inactive_outside_recent_window
MT-TNG,12.L1.2040.2410,059,Vô hiệu hóa,2024-01-01,2024-10-01,2024-10-01,20,permanently_inactive_outside_recent_window
DNB,12.L1.2040.2410,060,Vô hiệu hóa,2024-08-01,2025-03-01,2025-03-01,15,permanently_inactive_outside_recent_window
DNB,12.L1.2040.2410,061,Vô hiệu hóa,2024-12-01,2025-03-01,2025-03-01,15,permanently_inactive_outside_recent_window
TNB,12.L1.2040.2410,065,Vô hiệu hóa,2024-05-01,2024-05-01,2024-05-01,25,permanently_inactive_outside_recent_window
TNB,12.L1.2040.2410,069,Vô hiệu hóa,2024-03-01,2024-03-01,2024-03-01,27,permanently_inactive_outside_recent_window
MT-TNG,12.L1.2040.2410,070,Vô hiệu hóa,2024-01-01,2024-01-01,2024-01-01,29,permanently_inactive_outside_recent_window
TNB,12.L1.2040.2410,073,Vô hiệu hóa,2024-02-01,2024-02-01,2024-02-01,28,permanently_inactive_outside_recent_window
DNB,12.L1.2040.2410,081,Vô hiệu hóa,2024-01-01,2025-04-01,2025-04-01,14,permanently_inactive_outside_recent_window
MT-TNG,12.L1.2040.2411,064,Vô hiệu hóa,2024-07-01,2024-07-01,2024-07-01,23,permanently_inactive_outside_recent_window
MT-TNG,12.L1.2040.2411,071,Vô hiệu hóa,2024-04-01,2024-04-01,2024-04-01,26,permanently_inactive_outside_recent_window
MT-TNG,12.L1.2040.2411,072,Vô hiệu hóa,2024-07-01,2025-04-01,2025-04-01,14,permanently_inactive_outside_recent_window
MT-TNG,12.L1.2040.2412,001,Vô hiệu hóa,2024-01-01,2024-08-01,2024-08-01,22,permanently_inactive_outside_recent_window
TNB,12.L1.2040.2412,050,Vô hiệu hóa,2024-01-01,2024-10-01,2024-10-01,20,permanently_inactive_outside_recent_window
DNB,12.L1.2040.2412,060,Vô hiệu hóa,2024-10-01,2025-01-01,2025-01-01,17,permanently_inactive_outside_recent_window
DNB,12.L1.2040.2412,076,Vô hiệu hóa,2024-01-01,2025-03-01,2025-03-01,15,permanently_inactive_outside_recent_window
DNB,12.L1.2040.2412,081,Vô hiệu hóa,2024-04-01,2025-04-01,2025-04-01,14,permanently_inactive_outside_recent_window
DNB,12.L1.2040.2412,094,Vô hiệu hóa,2024-07-01,2024-07-01,2024-07-01,23,permanently_inactive_outside_recent_window
DNB,12.L1.2040.2413,060,Vô hiệu hóa,2024-01-01,2024-12-01,2024-12-01,18,permanently_inactive_outside_recent_window
TNB,12.L1.2040.2413,069,Vô hiệu hóa,2024-03-01,2024-03-01,2024-03-01,27,permanently_inactive_outside_recent_window
MT-TNG,12.L1.2040.2413,072,Vô hiệu hóa,2024-07-01,2024-12-01,2024-12-01,18,permanently_inactive_outside_recent_window
DNB,12.L1.2040.2413,081,Vô hiệu hóa,2024-07-01,2024-08-01,2024-08-01,22,permanently_inactive_outside_recent_window
TNB,12.L1.2040.2414,050,Vô hiệu hóa,2024-01-01,2024-06-01,2024-06-01,24,permanently_inactive_outside_recent_window
MT-TNG,12.L1.2040.2414,059,Vô hiệu hóa,2024-02-01,2024-08-01,2024-08-01,22,permanently_inactive_outside_recent_window
TNB,12.L1.2040.2414,063,Vô hiệu hóa,2024-05-01,2024-05-01,2024-05-01,25,permanently_inactive_outside_recent_window
TNB,12.L1.2040.2414,065,Vô hiệu hóa,2024-04-01,2024-09-01,2024-09-01,21,permanently_inactive_outside_recent_window
DNB,12.L1.2040.2414,094,Vô hiệu hóa,2024-05-01,2024-05-01,2024-05-01,25,permanently_inactive_outside_recent_window
MT-TNG,12.L1.2040.2415,001,Vô hiệu hóa,2024-01-01,2024-01-01,2024-01-01,29,permanently_inactive_outside_recent_window
MT-TNG,12.L1.2040.2415,064,Vô hiệu hóa,2024-01-01,2024-08-01,2024-08-01,22,permanently_inactive_outside_recent_window
MT-TNG,12.L1.2040.2415,071,Vô hiệu hóa,2024-09-01,2024-09-01,2024-09-01,21,permanently_inactive_outside_recent_window
MT-TNG,12.L1.2040.2415,072,Vô hiệu hóa,2024-09-01,2024-09-01,2024-09-01,21,permanently_inactive_outside_recent_window
DNB,12.L1.2040.2416,010,Vô hiệu hóa,2024-05-01,2025-02-01,2025-02-01,16,permanently_inactive_outside_recent_window
TNB,12.L1.2040.2416,069,Vô hiệu hóa,2024-04-01,2024-12-01,2024-12-01,18,permanently_inactive_outside_recent_window
MT-TNG,12.L1.2040.2416,079,Vô hiệu hóa,2024-03-01,2024-10-01,2024-10-01,20,permanently_inactive_outside_recent_window
MT-TNG,12.L1.2040.2416,099,Vô hiệu hóa,2024-05-01,2024-05-01,2024-05-01,25,permanently_inactive_outside_recent_window
Chưa xác định,12.L1.2040.2416,222,Vô hiệu hóa,2024-03-01,2024-03-01,2024-03-01,27,permanently_inactive_outside_recent_window
DNB,12.L1.2040.2417,019,Vô hiệu hóa,2024-05-01,2025-04-01,2025-04-01,14,permanently_inactive_outside_recent_window
MT-TNG,12.L1.2040.2417,059,Vô hiệu hóa,2025-03-01,2025-03-01,2025-03-01,15,permanently_inactive_outside_recent_window
MT-TNG,12.L1.2040.2417,079,Vô hiệu hóa,2024-07-01,2025-01-01,2025-01-01,17,permanently_inactive_outside_recent_window
Chưa xác định,12.L1.2040.2417,222,Vô hiệu hóa,2024-03-01,2024-03-01,2024-03-01,27,permanently_inactive_outside_recent_window
TNB,12.L1.2040.2418,016,Vô hiệu hóa,2024-04-01,2024-06-01,2024-06-01,24,permanently_inactive_outside_recent_window
MT-TNG,12.L1.2040.2418,059,Vô hiệu hóa,2024-03-01,2024-03-01,2024-03-01,27,permanently_inactive_outside_recent_window
MT-TNG,12.L1.2040.2418,064,Vô hiệu hóa,2024-07-01,2024-07-01,2024-07-01,23,permanently_inactive_outside_recent_window
MT-TNG,12.L1.2040.2418,078,Vô hiệu hóa,2024-01-01,2024-01-01,2024-01-01,29,permanently_inactive_outside_recent_window
MT-TNG,12.L1.2040.2418,079,Vô hiệu hóa,2024-08-01,2025-03-01,2025-03-01,15,permanently_inactive_outside_recent_window
MT-TNG,12.L1.2040.2418,123,Vô hiệu hóa,2025-05-01,2025-05-01,2025-05-01,13,permanently_inactive_outside_recent_window
Chưa xác định,12.L1.2040.2418,222,Vô hiệu hóa,2024-03-01,2024-03-01,2024-03-01,27,permanently_inactive_outside_recent_window
Chưa xác định,12.L1.2040.2419,000,Vô hiệu hóa,2024-05-01,2024-06-01,2024-06-01,24,permanently_inactive_outside_recent_window
TNB,12.L1.2040.2419,016,Vô hiệu hóa,2024-04-01,2024-05-01,2024-05-01,25,permanently_inactive_outside_recent_window
MT-TNG,12.L1.2040.2419,079,Vô hiệu hóa,2024-01-01,2024-10-01,2024-10-01,20,permanently_inactive_outside_recent_window
DNB,12.L1.2040.2419,094,Vô hiệu hóa,2024-06-01,2024-07-01,2024-07-01,23,permanently_inactive_outside_recent_window
Chưa xác định,12.L1.2040.2419,222,Vô hiệu hóa,2024-03-01,2024-03-01,2024-03-01,27,permanently_inactive_outside_recent_window
Chưa xác định,12.L1.2040.2420,000,Vô hiệu hóa,2024-09-01,2024-09-01,2024-09-01,21,permanently_inactive_outside_recent_window
MT-TNG,12.L1.2040.2420,059,Vô hiệu hóa,2024-03-01,2024-05-01,2024-05-01,25,permanently_inactive_outside_recent_window
MT-TNG,12.L1.2040.2420,078,Vô hiệu hóa,2024-02-01,2024-02-01,2024-02-01,28,permanently_inactive_outside_recent_window
MT-TNG,12.L1.2040.2420,079,Vô hiệu hóa,2024-01-01,2024-09-01,2024-09-01,21,permanently_inactive_outside_recent_window
DNB,12.L1.2040.2420,094,Vô hiệu hóa,2024-05-01,2024-07-01,2024-07-01,23,permanently_inactive_outside_recent_window
MT-TNG,12.L1.2040.2420,099,Vô hiệu hóa,2024-03-01,2024-03-01,2024-03-01,27,permanently_inactive_outside_recent_window
Chưa xác định,12.L1.2040.2420,222,Vô hiệu hóa,2024-03-01,2024-03-01,2024-03-01,27,permanently_inactive_outside_recent_window
MT-TNG,12.L1.2550.2504,078,Vô hiệu hóa,2024-01-01,2024-01-01,2024-01-01,29,permanently_inactive_outside_recent_window
MT-TNG,12.L1.2550.2505,078,Vô hiệu hóa,2024-01-01,2024-01-01,2024-01-01,29,permanently_inactive_outside_recent_window
TNB,12.L1.2550.2506,050,Vô hiệu hóa,2024-02-01,2024-12-01,2024-12-01,18,permanently_inactive_outside_recent_window
TNB,12.L1.2550.2506,063,Vô hiệu hóa,2024-01-01,2024-12-01,2024-12-01,18,permanently_inactive_outside_recent_window
TNB,12.L1.2550.2506,069,Vô hiệu hóa,2024-03-01,2025-04-01,2025-04-01,14,permanently_inactive_outside_recent_window
DNB,12.L1.2550.2506,094,Vô hiệu hóa,2024-01-01,2024-07-01,2024-07-01,23,permanently_inactive_outside_recent_window
MT-TNG,12.L1.2550.2507,059,Vô hiệu hóa,2024-01-01,2024-12-01,2024-12-01,18,permanently_inactive_outside_recent_window
DNB,12.L1.2550.2507,060,Vô hiệu hóa,2024-08-01,2024-08-01,2024-08-01,22,permanently_inactive_outside_recent_window
DNB,12.L1.2550.2507,061,Vô hiệu hóa,2024-03-01,2024-08-01,2024-08-01,22,permanently_inactive_outside_recent_window
TNB,12.L1.2550.2507,063,Vô hiệu hóa,2024-06-01,2025-01-01,2025-01-01,17,permanently_inactive_outside_recent_window
TNB,12.L1.2550.2507,065,Vô hiệu hóa,2025-03-01,2025-03-01,2025-03-01,15,permanently_inactive_outside_recent_window
DNB,12.L1.2550.2507,068,Vô hiệu hóa,2025-05-01,2025-05-01,2025-05-01,13,permanently_inactive_outside_recent_window
TNB,12.L1.2550.2507,069,Vô hiệu hóa,2024-01-01,2025-03-01,2025-03-01,15,permanently_inactive_outside_recent_window
DNB,12.L1.2550.2507,076,Vô hiệu hóa,2024-12-01,2025-02-01,2025-02-01,16,permanently_inactive_outside_recent_window
MT-TNG,12.L1.2550.2508,059,Vô hiệu hóa,2024-11-01,2024-11-01,2024-11-01,19,permanently_inactive_outside_recent_window
TNB,12.L1.2550.2508,065,Vô hiệu hóa,2024-01-01,2025-03-01,2025-03-01,15,permanently_inactive_outside_recent_window
MT-TNG,12.L1.2550.2508,072,Vô hiệu hóa,2024-06-01,2024-06-01,2024-06-01,24,permanently_inactive_outside_recent_window
TNB,12.L1.2550.2508,073,Vô hiệu hóa,2024-01-01,2025-01-01,2025-01-01,17,permanently_inactive_outside_recent_window
DNB,12.L1.2550.2508,081,Vô hiệu hóa,2024-06-01,2024-12-01,2024-12-01,18,permanently_inactive_outside_recent_window
Chưa xác định,12.L1.2550.2509,000,Vô hiệu hóa,2024-05-01,2024-05-01,2024-05-01,25,permanently_inactive_outside_recent_window
MT-TNG,12.L1.2550.2509,001,Vô hiệu hóa,2024-10-01,2024-12-01,2024-12-01,18,permanently_inactive_outside_recent_window
TNB,12.L1.2550.2509,050,Vô hiệu hóa,2024-01-01,2024-01-01,2024-01-01,29,permanently_inactive_outside_recent_window
MT-TNG,12.L1.2550.2509,059,Vô hiệu hóa,2024-08-01,2024-11-01,2024-11-01,19,permanently_inactive_outside_recent_window
TNB,12.L1.2550.2509,065,Vô hiệu hóa,2024-01-01,2024-01-01,2024-01-01,29,permanently_inactive_outside_recent_window
TNB,12.L1.2550.2509,069,Vô hiệu hóa,2024-12-01,2025-04-01,2025-04-01,14,permanently_inactive_outside_recent_window
TNB,12.L1.2550.2509,073,Vô hiệu hóa,2024-05-01,2024-09-01,2024-09-01,21,permanently_inactive_outside_recent_window
DNB,12.L1.2550.2509,076,Vô hiệu hóa,2024-05-01,2024-05-01,2024-05-01,25,permanently_inactive_outside_recent_window
DNB,12.L1.2550.2509,094,Vô hiệu hóa,2024-07-01,2024-07-01,2024-07-01,23,permanently_inactive_outside_recent_window
MT-TNG,12.L1.2550.2510,001,Vô hiệu hóa,2024-05-01,2024-08-01,2024-08-01,22,permanently_inactive_outside_recent_window
TNB,12.L1.2550.2510,050,Vô hiệu hóa,2024-01-01,2025-05-01,2025-05-01,13,permanently_inactive_outside_recent_window
MT-TNG,12.L1.2550.2510,059,Vô hiệu hóa,2024-08-01,2024-10-01,2024-10-01,20,permanently_inactive_outside_recent_window
TNB,12.L1.2550.2510,063,Vô hiệu hóa,2025-04-01,2025-05-01,2025-05-01,13,permanently_inactive_outside_recent_window
MT-TNG,12.L1.2550.2510,070,Vô hiệu hóa,2024-01-01,2024-01-01,2024-01-01,29,permanently_inactive_outside_recent_window
TNB,12.L1.2550.2510,073,Vô hiệu hóa,2024-03-01,2025-05-01,2025-05-01,13,permanently_inactive_outside_recent_window
DNB,12.L1.2550.2510,076,Vô hiệu hóa,2024-10-01,2024-10-01,2024-10-01,20,permanently_inactive_outside_recent_window
DNB,12.L1.2550.2510,081,Vô hiệu hóa,2024-01-01,2025-01-01,2025-01-01,17,permanently_inactive_outside_recent_window
Chưa xác định,12.L1.2550.2515,222,Vô hiệu hóa,2024-03-01,2024-03-01,2024-03-01,27,permanently_inactive_outside_recent_window
DNB,12.L1.2550.2516,013,Vô hiệu hóa,2024-06-01,2024-06-01,2024-06-01,24,permanently_inactive_outside_recent_window
DNB,12.L1.2550.2516,022,Vô hiệu hóa,2024-05-01,2025-03-01,2025-03-01,15,permanently_inactive_outside_recent_window
MT-TNG,12.L1.2550.2516,079,Vô hiệu hóa,2024-01-01,2025-04-01,2025-04-01,14,permanently_inactive_outside_recent_window
DNB,12.L1.2550.2517,008,Vô hiệu hóa,2024-04-01,2025-05-01,2025-05-01,13,permanently_inactive_outside_recent_window
MT-TNG,12.L1.2550.2517,014,Vô hiệu hóa,2024-01-01,2024-08-01,2024-08-01,22,permanently_inactive_outside_recent_window
MT-TNG,12.L1.2550.2517,079,Vô hiệu hóa,2024-04-01,2025-03-01,2025-03-01,15,permanently_inactive_outside_recent_window
TNB,12.L1.2550.25501,063,Vô hiệu hóa,2024-01-01,2024-01-01,2024-01-01,29,permanently_inactive_outside_recent_window
MT-TNG,12.L1.2550.25501,070,Vô hiệu hóa,2024-01-01,2024-01-01,2024-01-01,29,permanently_inactive_outside_recent_window
TNB,12.L1.2550.25501,073,Vô hiệu hóa,2024-03-01,2024-09-01,2024-09-01,21,permanently_inactive_outside_recent_window
MT-TNG,12.L1.2550.25503,059,Vô hiệu hóa,2024-07-01,2024-07-01,2024-07-01,23,permanently_inactive_outside_recent_window
TNB,12.L1.2550.25503,063,Vô hiệu hóa,2024-01-01,2024-01-01,2024-01-01,29,permanently_inactive_outside_recent_window
TNB,12.L1.2550.25503,069,Vô hiệu hóa,2024-01-01,2024-01-01,2024-01-01,29,permanently_inactive_outside_recent_window
TNB,12.L1.2550.25504,050,Vô hiệu hóa,2024-07-01,2024-08-01,2024-08-01,22,permanently_inactive_outside_recent_window
TNB,12.L1.2550.25504,063,Vô hiệu hóa,2024-11-01,2024-11-01,2024-11-01,19,permanently_inactive_outside_recent_window
MT-TNG,12.L1.2550.25504,070,Vô hiệu hóa,2024-01-01,2024-02-01,2024-02-01,28,permanently_inactive_outside_recent_window
TNB,12.L1.2550.25504,073,Vô hiệu hóa,2024-04-01,2024-09-01,2024-09-01,21,permanently_inactive_outside_recent_window
DNB,12.L1.2550.26001,013,Vô hiệu hóa,2024-03-01,2024-09-01,2024-09-01,21,permanently_inactive_outside_recent_window
MT-TNG,12.L1.2550.26001,023,Vô hiệu hóa,2024-09-01,2024-09-01,2024-09-01,21,permanently_inactive_outside_recent_window
DNB,12.L1.2550.26001,081,Vô hiệu hóa,2024-03-01,2024-09-01,2024-09-01,21,permanently_inactive_outside_recent_window
MT-TNG,12.L1.2550.26002,014,Vô hiệu hóa,2024-03-01,2024-03-01,2024-03-01,27,permanently_inactive_outside_recent_window
DNB,12.L1.2550.26002,061,Vô hiệu hóa,2024-04-01,2024-04-01,2024-04-01,26,permanently_inactive_outside_recent_window
TNB,12.L1.2550.26002,069,Vô hiệu hóa,2024-09-01,2024-09-01,2024-09-01,21,permanently_inactive_outside_recent_window
MT-TNG,12.L1.2550.26002,072,Vô hiệu hóa,2024-01-01,2024-01-01,2024-01-01,29,permanently_inactive_outside_recent_window
TNB,12.L1.2550.26002,073,Vô hiệu hóa,2024-03-01,2024-08-01,2024-08-01,22,permanently_inactive_outside_recent_window
DNB,12.L1.2550.26002,081,Vô hiệu hóa,2024-09-01,2024-09-01,2024-09-01,21,permanently_inactive_outside_recent_window
MT-TNG,12.L1.2550.26003,014,Vô hiệu hóa,2024-03-01,2024-03-01,2024-03-01,27,permanently_inactive_outside_recent_window
TNB,12.L1.2550.26003,050,Vô hiệu hóa,2024-07-01,2024-07-01,2024-07-01,23,permanently_inactive_outside_recent_window
MT-TNG,12.L1.2550.26003,064,Vô hiệu hóa,2024-08-01,2024-08-01,2024-08-01,22,permanently_inactive_outside_recent_window
TNB,12.L1.2550.26003,069,Vô hiệu hóa,2024-04-01,2024-08-01,2024-08-01,22,permanently_inactive_outside_recent_window
MT-TNG,12.L1.2550.26003,072,Vô hiệu hóa,2024-01-01,2024-01-01,2024-01-01,29,permanently_inactive_outside_recent_window
TNB,12.L1.2550.26003,073,Vô hiệu hóa,2024-01-01,2024-08-01,2024-08-01,22,permanently_inactive_outside_recent_window
MT-TNG,12.L1.2550.26004,023,Vô hiệu hóa,2024-03-01,2024-03-01,2024-03-01,27,permanently_inactive_outside_recent_window
DNB,12.L1.2550.26004,081,Vô hiệu hóa,2024-01-01,2024-09-01,2024-09-01,21,permanently_inactive_outside_recent_window
Chưa xác định,12.L1.2550.26004,222,Vô hiệu hóa,2024-02-01,2024-03-01,2024-03-01,27,permanently_inactive_outside_recent_window
MT-TNG,12.L1.2550.A2523,014,Vô hiệu hóa,2024-06-01,2024-09-01,2024-09-01,21,permanently_inactive_outside_recent_window
DNB,12.L1.2550.A2525,002,Vô hiệu hóa,2024-12-01,2025-05-01,2025-05-01,13,permanently_inactive_outside_recent_window
DNB,12.L1.2550.A2525,010,Vô hiệu hóa,2024-08-01,2024-12-01,2024-12-01,18,permanently_inactive_outside_recent_window
TNB,12.L1.2550.A2525,016,Vô hiệu hóa,2025-03-01,2025-05-01,2025-05-01,13,permanently_inactive_outside_recent_window
DNB,12.L1.2550.U2522,010,Vô hiệu hóa,2024-01-01,2024-09-01,2024-09-01,21,permanently_inactive_outside_recent_window
TNB,12.L1.2550.U2522,011,Vô hiệu hóa,2024-01-01,2025-02-01,2025-02-01,16,permanently_inactive_outside_recent_window
MT-TNG,12.L1.2550.U2522,012,Vô hiệu hóa,2024-01-01,2024-12-01,2024-12-01,18,permanently_inactive_outside_recent_window
DNB,12.L1.2550.U2522,013,Vô hiệu hóa,2024-01-01,2024-01-01,2024-01-01,29,permanently_inactive_outside_recent_window
MT-TNG,12.L1.2550.U2523,001,Vô hiệu hóa,2024-06-01,2025-01-01,2025-01-01,17,permanently_inactive_outside_recent_window
DNB,12.L1.2550.U2523,010,Vô hiệu hóa,2024-11-01,2024-11-01,2024-11-01,19,permanently_inactive_outside_recent_window
TNB,12.L1.2550.U2523,011,Vô hiệu hóa,2024-01-01,2024-09-01,2024-09-01,21,permanently_inactive_outside_recent_window
MT-TNG,12.L1.2550.U2523,012,Vô hiệu hóa,2024-06-01,2024-12-01,2024-12-01,18,permanently_inactive_outside_recent_window
MT-TNG,12.L1.2550.U2523,014,Vô hiệu hóa,2024-01-01,2024-09-01,2024-09-01,21,permanently_inactive_outside_recent_window
TNB,12.L1.2550.U2523,015,Vô hiệu hóa,2024-01-01,2024-01-01,2024-01-01,29,permanently_inactive_outside_recent_window
TNB,12.L1.2550.U2523,016,Vô hiệu hóa,2024-04-01,2025-03-01,2025-03-01,15,permanently_inactive_outside_recent_window
DNB,12.L1.2550.U2523,019,Vô hiệu hóa,2024-03-01,2025-04-01,2025-04-01,14,permanently_inactive_outside_recent_window
TNB,12.L1.2550.U2523,024,Vô hiệu hóa,2024-03-01,2024-03-01,2024-03-01,27,permanently_inactive_outside_recent_window
MT-TNG,12.L1.2550.U2524,014,Vô hiệu hóa,2024-05-01,2024-09-01,2024-09-01,21,permanently_inactive_outside_recent_window
TNB,12.L1.2550.U2524,015,Vô hiệu hóa,2024-03-01,2024-12-01,2024-12-01,18,permanently_inactive_outside_recent_window
TNB,12.L1.2550.U2524,016,Vô hiệu hóa,2024-02-01,2024-02-01,2024-02-01,28,permanently_inactive_outside_recent_window
TNB,12.L1.2550.U2524,017,Vô hiệu hóa,2024-01-01,2024-08-01,2024-08-01,22,permanently_inactive_outside_recent_window
TNB,12.L1.2550.U2524,018,Vô hiệu hóa,2024-03-01,2025-03-01,2025-03-01,15,permanently_inactive_outside_recent_window
DNB,12.L1.2550.U2524,019,Vô hiệu hóa,2024-01-01,2024-07-01,2024-07-01,23,permanently_inactive_outside_recent_window
MT-TNG,12.L1.2550.U2525,001,Vô hiệu hóa,2024-01-01,2024-10-01,2024-10-01,20,permanently_inactive_outside_recent_window
DNB,12.L1.2550.U2525,002,Vô hiệu hóa,2025-05-01,2025-05-01,2025-05-01,13,permanently_inactive_outside_recent_window
DNB,12.L1.2550.U2525,010,Vô hiệu hóa,2024-06-01,2024-12-01,2024-12-01,18,permanently_inactive_outside_recent_window
MT-TNG,12.L1.2550.U2525,012,Vô hiệu hóa,2024-01-01,2024-12-01,2024-12-01,18,permanently_inactive_outside_recent_window
MT-TNG,12.L1.2550.U2525,014,Vô hiệu hóa,2024-05-01,2024-09-01,2024-09-01,21,permanently_inactive_outside_recent_window
TNB,12.L1.2550.U2525,016,Vô hiệu hóa,2024-06-01,2024-06-01,2024-06-01,24,permanently_inactive_outside_recent_window
TNB,12.L1.2550.U2525,017,Vô hiệu hóa,2024-03-01,2024-12-01,2024-12-01,18,permanently_inactive_outside_recent_window
DNB,12.L1.2550.U2525,022,Vô hiệu hóa,2024-07-01,2024-10-01,2024-10-01,20,permanently_inactive_outside_recent_window
Chưa xác định,12.L1.3030.3001,000,Vô hiệu hóa,2024-08-01,2024-08-01,2024-08-01,22,permanently_inactive_outside_recent_window
MT-TNG,12.L1.3030.3001,001,Vô hiệu hóa,2024-11-01,2024-11-01,2024-11-01,19,permanently_inactive_outside_recent_window
TNB,12.L1.3030.3001,050,Vô hiệu hóa,2024-01-01,2024-10-01,2024-10-01,20,permanently_inactive_outside_recent_window
TNB,12.L1.3030.3001,063,Vô hiệu hóa,2024-01-01,2024-01-01,2024-01-01,29,permanently_inactive_outside_recent_window
TNB,12.L1.3030.3001,069,Vô hiệu hóa,2024-01-01,2024-01-01,2024-01-01,29,permanently_inactive_outside_recent_window
MT-TNG,12.L1.3030.3001,071,Vô hiệu hóa,2024-01-01,2025-01-01,2025-01-01,17,permanently_inactive_outside_recent_window
TNB,12.L1.3030.3001,073,Vô hiệu hóa,2024-01-01,2024-01-01,2024-01-01,29,permanently_inactive_outside_recent_window
DNB,12.L1.3030.3001,076,Vô hiệu hóa,2025-04-01,2025-04-01,2025-04-01,14,permanently_inactive_outside_recent_window
MT-TNG,12.L1.3030.3001,079,Vô hiệu hóa,2024-01-01,2025-02-01,2025-02-01,16,permanently_inactive_outside_recent_window
DNB,12.L1.3030.3001,081,Vô hiệu hóa,2024-08-01,2024-08-01,2024-08-01,22,permanently_inactive_outside_recent_window
MT-TNG,12.L1.3030.3001,123,Vô hiệu hóa,2025-05-01,2025-05-01,2025-05-01,13,permanently_inactive_outside_recent_window
DNB,12.L1.3030.3003,061,Vô hiệu hóa,2024-05-01,2024-08-01,2024-08-01,22,permanently_inactive_outside_recent_window
TNB,12.L1.3030.3003,069,Vô hiệu hóa,2024-05-01,2025-01-01,2025-01-01,17,permanently_inactive_outside_recent_window
TNB,12.L1.3030.3003,073,Vô hiệu hóa,2024-08-01,2024-10-01,2024-10-01,20,permanently_inactive_outside_recent_window
MT-TNG,12.L1.3030.3005,001,Vô hiệu hóa,2024-01-01,2024-06-01,2024-06-01,24,permanently_inactive_outside_recent_window
DNB,12.L1.3030.3005,008,Vô hiệu hóa,2024-04-01,2024-04-01,2024-04-01,26,permanently_inactive_outside_recent_window
DNB,12.L1.3030.3005,010,Vô hiệu hóa,2024-01-01,2024-03-01,2024-03-01,27,permanently_inactive_outside_recent_window
MT-TNG,12.L1.3030.3005,012,Vô hiệu hóa,2024-01-01,2024-01-01,2024-01-01,29,permanently_inactive_outside_recent_window
MT-TNG,12.L1.3030.3005,014,Vô hiệu hóa,2024-01-01,2024-06-01,2024-06-01,24,permanently_inactive_outside_recent_window
TNB,12.L1.3030.3005,017,Vô hiệu hóa,2024-01-01,2024-08-01,2024-08-01,22,permanently_inactive_outside_recent_window
TNB,12.L1.3030.3005,018,Vô hiệu hóa,2024-03-01,2024-03-01,2024-03-01,27,permanently_inactive_outside_recent_window
DNB,12.L1.3030.3005,019,Vô hiệu hóa,2024-03-01,2024-06-01,2024-06-01,24,permanently_inactive_outside_recent_window
DNB,12.L1.3030.3005,022,Vô hiệu hóa,2024-01-01,2024-01-01,2024-01-01,29,permanently_inactive_outside_recent_window
MT-TNG,12.L1.3030.3005,023,Vô hiệu hóa,2024-01-01,2024-10-01,2024-10-01,20,permanently_inactive_outside_recent_window
TNB,12.L1.3030.3005,024,Vô hiệu hóa,2024-05-01,2024-05-01,2024-05-01,25,permanently_inactive_outside_recent_window
MT-TNG,12.L1.3030.3005,071,Vô hiệu hóa,2024-01-01,2024-06-01,2024-06-01,24,permanently_inactive_outside_recent_window
MT-TNG,12.L1.3030.3006,059,Vô hiệu hóa,2024-09-01,2024-09-01,2024-09-01,21,permanently_inactive_outside_recent_window
DNB,12.L1.3030.3010,010,Vô hiệu hóa,2024-03-01,2024-05-01,2024-05-01,25,permanently_inactive_outside_recent_window
TNB,12.L1.3030.3010,011,Vô hiệu hóa,2024-03-01,2024-03-01,2024-03-01,27,permanently_inactive_outside_recent_window
MT-TNG,12.L1.3030.3010,012,Vô hiệu hóa,2024-01-01,2024-01-01,2024-01-01,29,permanently_inactive_outside_recent_window
DNB,12.L1.3030.3010,013,Vô hiệu hóa,2024-04-01,2024-10-01,2024-10-01,20,permanently_inactive_outside_recent_window
MT-TNG,12.L1.3030.3010,014,Vô hiệu hóa,2024-07-01,2024-08-01,2024-08-01,22,permanently_inactive_outside_recent_window
TNB,12.L1.3030.3010,018,Vô hiệu hóa,2024-01-01,2024-09-01,2024-09-01,21,permanently_inactive_outside_recent_window
MT-TNG,12.L1.3030.3010,023,Vô hiệu hóa,2024-01-01,2024-08-01,2024-08-01,22,permanently_inactive_outside_recent_window
TNB,12.L1.3030.3010,024,Vô hiệu hóa,2024-01-01,2024-01-01,2024-01-01,29,permanently_inactive_outside_recent_window
MT-TNG,12.L1.3030.3010,049,Vô hiệu hóa,2024-03-01,2024-03-01,2024-03-01,27,permanently_inactive_outside_recent_window
MT-TNG,12.L1.3030.3010,095,Vô hiệu hóa,2024-01-01,2024-01-01,2024-01-01,29,permanently_inactive_outside_recent_window
MT-TNG,12.L1.3030.3011,001,Vô hiệu hóa,2024-05-01,2024-05-01,2024-05-01,25,permanently_inactive_outside_recent_window
MT-TNG,12.L1.3030.3011,099,Vô hiệu hóa,2024-07-01,2024-08-01,2024-08-01,22,permanently_inactive_outside_recent_window
DNB,12.L1.3030.3012,008,Vô hiệu hóa,2024-09-01,2024-09-01,2024-09-01,21,permanently_inactive_outside_recent_window
DNB,12.L1.3030.3012,010,Vô hiệu hóa,2024-03-01,2024-11-01,2024-11-01,19,permanently_inactive_outside_recent_window
MT-TNG,12.L1.3030.3012,014,Vô hiệu hóa,2024-01-01,2024-02-01,2024-02-01,28,permanently_inactive_outside_recent_window
TNB,12.L1.3030.3012,017,Vô hiệu hóa,2024-01-01,2024-07-01,2024-07-01,23,permanently_inactive_outside_recent_window
TNB,12.L1.3030.3012,018,Vô hiệu hóa,2024-01-01,2024-03-01,2024-03-01,27,permanently_inactive_outside_recent_window
MT-TNG,12.L1.3030.3012,023,Vô hiệu hóa,2024-01-01,2024-04-01,2024-04-01,26,permanently_inactive_outside_recent_window
MT-TNG,12.L1.3030.3013,012,Vô hiệu hóa,2024-01-01,2024-01-01,2024-01-01,29,permanently_inactive_outside_recent_window
MT-TNG,12.L1.3030.3013,059,Vô hiệu hóa,2024-01-01,2024-01-01,2024-01-01,29,permanently_inactive_outside_recent_window
MT-TNG,12.L1.3030.3014,001,Vô hiệu hóa,2024-01-01,2024-05-01,2024-05-01,25,permanently_inactive_outside_recent_window
MT-TNG,12.L1.3030.3014,066,Vô hiệu hóa,2024-05-01,2024-05-01,2024-05-01,25,permanently_inactive_outside_recent_window
MT-TNG,12.L1.3030.3014,072,Vô hiệu hóa,2024-05-01,2024-05-01,2024-05-01,25,permanently_inactive_outside_recent_window
MT-TNG,12.L1.3030.3014,079,Vô hiệu hóa,2024-01-01,2024-03-01,2024-03-01,27,permanently_inactive_outside_recent_window
MT-TNG,12.L1.3030.3014,099,Vô hiệu hóa,2025-02-01,2025-02-01,2025-02-01,16,permanently_inactive_outside_recent_window
Chưa xác định,12.L1.3030.3015,000,Vô hiệu hóa,2024-03-01,2024-03-01,2024-03-01,27,permanently_inactive_outside_recent_window
MT-TNG,12.L1.3030.3015,001,Vô hiệu hóa,2024-01-01,2024-05-01,2024-05-01,25,permanently_inactive_outside_recent_window
DNB,12.L1.3030.3015,019,Vô hiệu hóa,2024-06-01,2024-09-01,2024-09-01,21,permanently_inactive_outside_recent_window
MT-TNG,12.L1.3030.3015,066,Vô hiệu hóa,2024-05-01,2024-05-01,2024-05-01,25,permanently_inactive_outside_recent_window
MT-TNG,12.L1.3030.3015,071,Vô hiệu hóa,2024-01-01,2024-10-01,2024-10-01,20,permanently_inactive_outside_recent_window
MT-TNG,12.L1.3030.3015,079,Vô hiệu hóa,2024-01-01,2024-04-01,2024-04-01,26,permanently_inactive_outside_recent_window
MT-TNG,12.L1.3030.3015,123,Vô hiệu hóa,2025-05-01,2025-05-01,2025-05-01,13,permanently_inactive_outside_recent_window
MT-TNG,12.L1.3030.3016,059,Vô hiệu hóa,2024-01-01,2025-03-01,2025-03-01,15,permanently_inactive_outside_recent_window
DNB,12.L1.3030.3016,061,Vô hiệu hóa,2024-06-01,2024-06-01,2024-06-01,24,permanently_inactive_outside_recent_window
MT-TNG,12.L1.3030.3016,079,Vô hiệu hóa,2024-01-01,2024-10-01,2024-10-01,20,permanently_inactive_outside_recent_window
DNB,12.L1.3030.3016,094,Vô hiệu hóa,2024-04-01,2025-05-01,2025-05-01,13,permanently_inactive_outside_recent_window
MT-TNG,12.L1.3030.3017,079,Vô hiệu hóa,2024-02-01,2025-02-01,2025-02-01,16,permanently_inactive_outside_recent_window
DNB,12.L1.3030.3017,094,Vô hiệu hóa,2024-01-01,2025-05-01,2025-05-01,13,permanently_inactive_outside_recent_window
Chưa xác định,12.L1.3030.3025,000,Vô hiệu hóa,2024-03-01,2024-03-01,2024-03-01,27,permanently_inactive_outside_recent_window
DNB,12.L1.3030.3025,013,Vô hiệu hóa,2024-01-01,2024-11-01,2024-11-01,19,permanently_inactive_outside_recent_window
TNB,12.L1.3030.3025,018,Vô hiệu hóa,2024-05-01,2024-09-01,2024-09-01,21,permanently_inactive_outside_recent_window
DNB,12.L1.3030.3025,019,Vô hiệu hóa,2024-04-01,2025-02-01,2025-02-01,16,permanently_inactive_outside_recent_window
MT-TNG,12.L1.3030.3025,023,Vô hiệu hóa,2024-01-01,2024-10-01,2024-10-01,20,permanently_inactive_outside_recent_window
TNB,12.L1.3030.3025,024,Vô hiệu hóa,2024-01-01,2024-05-01,2024-05-01,25,permanently_inactive_outside_recent_window
Chưa xác định,12.L1.3030.3025,222,Vô hiệu hóa,2024-03-01,2024-03-01,2024-03-01,27,permanently_inactive_outside_recent_window
DNB,12.L1.3030.3027,061,Vô hiệu hóa,2024-01-01,2024-01-01,2024-01-01,29,permanently_inactive_outside_recent_window
TNB,12.L1.3030.3027,065,Vô hiệu hóa,2024-01-01,2024-05-01,2024-05-01,25,permanently_inactive_outside_recent_window
DNB,12.L1.3030.3027,068,Vô hiệu hóa,2025-05-01,2025-05-01,2025-05-01,13,permanently_inactive_outside_recent_window
TNB,12.L1.3030.3027,069,Vô hiệu hóa,2024-07-01,2024-07-01,2024-07-01,23,permanently_inactive_outside_recent_window
TNB,12.L1.3030.3027,073,Vô hiệu hóa,2024-03-01,2024-10-01,2024-10-01,20,permanently_inactive_outside_recent_window
DNB,12.L1.3030.3027,076,Vô hiệu hóa,2024-03-01,2024-03-01,2024-03-01,27,permanently_inactive_outside_recent_window
MT-TNG,12.L1.3030.3027,079,Vô hiệu hóa,2024-05-01,2024-10-01,2024-10-01,20,permanently_inactive_outside_recent_window
DNB,12.L1.3030.3027,081,Vô hiệu hóa,2024-01-01,2024-12-01,2024-12-01,18,permanently_inactive_outside_recent_window
MT-TNG,12.L1.3030.3302,001,Vô hiệu hóa,2024-01-01,2024-04-01,2024-04-01,26,permanently_inactive_outside_recent_window
MT-TNG,12.L1.3030.3302,012,Vô hiệu hóa,2024-01-01,2024-01-01,2024-01-01,29,permanently_inactive_outside_recent_window
TNB,12.L1.3030.3302,015,Vô hiệu hóa,2024-03-01,2024-03-01,2024-03-01,27,permanently_inactive_outside_recent_window
TNB,12.L1.3030.3302,017,Vô hiệu hóa,2024-01-01,2024-08-01,2024-08-01,22,permanently_inactive_outside_recent_window
TNB,12.L1.3030.3302,018,Vô hiệu hóa,2024-02-01,2024-09-01,2024-09-01,21,permanently_inactive_outside_recent_window
DNB,12.L1.3030.3302,019,Vô hiệu hóa,2024-06-01,2024-06-01,2024-06-01,24,permanently_inactive_outside_recent_window
MT-TNG,12.L1.3030.3302,066,Vô hiệu hóa,2024-05-01,2024-05-01,2024-05-01,25,permanently_inactive_outside_recent_window
MT-TNG,12.L1.3030.3302,072,Vô hiệu hóa,2024-05-01,2024-05-01,2024-05-01,25,permanently_inactive_outside_recent_window
MT-TNG,12.L1.3030.3303,059,Vô hiệu hóa,2024-07-01,2025-03-01,2025-03-01,15,permanently_inactive_outside_recent_window
TNB,12.L1.3030.3303,063,Vô hiệu hóa,2024-03-01,2025-05-01,2025-05-01,13,permanently_inactive_outside_recent_window
TNB,12.L1.3030.3303,073,Vô hiệu hóa,2024-09-01,2024-09-01,2024-09-01,21,permanently_inactive_outside_recent_window
MT-TNG,12.L1.3030.3303,095,Vô hiệu hóa,2024-01-01,2024-01-01,2024-01-01,29,permanently_inactive_outside_recent_window
MT-TNG,12.L1.3030.3304,059,Vô hiệu hóa,2025-03-01,2025-03-01,2025-03-01,15,permanently_inactive_outside_recent_window
TNB,12.L1.3030.3304,063,Vô hiệu hóa,2024-01-01,2025-03-01,2025-03-01,15,permanently_inactive_outside_recent_window
TNB,12.L1.3030.3304,069,Vô hiệu hóa,2024-05-01,2025-01-01,2025-01-01,17,permanently_inactive_outside_recent_window
MT-TNG,12.L1.3030.3304,071,Vô hiệu hóa,2024-06-01,2025-01-01,2025-01-01,17,permanently_inactive_outside_recent_window
TNB,12.L1.3030.3304,073,Vô hiệu hóa,2024-09-01,2024-09-01,2024-09-01,21,permanently_inactive_outside_recent_window
MT-TNG,12.L1.3030.3304,079,Vô hiệu hóa,2024-03-01,2025-04-01,2025-04-01,14,permanently_inactive_outside_recent_window
MT-TNG,12.L1.3030.3305,001,Vô hiệu hóa,2024-01-01,2024-10-01,2024-10-01,20,permanently_inactive_outside_recent_window
DNB,12.L1.3030.3305,010,Vô hiệu hóa,2024-04-01,2024-10-01,2024-10-01,20,permanently_inactive_outside_recent_window
TNB,12.L1.3030.3305,015,Vô hiệu hóa,2024-03-01,2024-11-01,2024-11-01,19,permanently_inactive_outside_recent_window
TNB,12.L1.3030.3305,018,Vô hiệu hóa,2024-03-01,2024-09-01,2024-09-01,21,permanently_inactive_outside_recent_window
DNB,12.L1.3030.3305,019,Vô hiệu hóa,2024-03-01,2024-09-01,2024-09-01,21,permanently_inactive_outside_recent_window
MT-TNG,12.L1.3030.3305,023,Vô hiệu hóa,2024-01-01,2024-01-01,2024-01-01,29,permanently_inactive_outside_recent_window
MT-TNG,12.L1.3030.3305,070,Vô hiệu hóa,2024-06-01,2024-06-01,2024-06-01,24,permanently_inactive_outside_recent_window
MT-TNG,12.L1.3030.3305,071,Vô hiệu hóa,2024-01-01,2024-06-01,2024-06-01,24,permanently_inactive_outside_recent_window
MT-TNG,12.L1.3030.3305,072,Vô hiệu hóa,2024-05-01,2024-05-01,2024-05-01,25,permanently_inactive_outside_recent_window
TNB,12.L1.3030.3306,018,Vô hiệu hóa,2024-01-01,2024-09-01,2024-09-01,21,permanently_inactive_outside_recent_window
MT-TNG,12.L1.3030.3306,071,Vô hiệu hóa,2024-03-01,2025-01-01,2025-01-01,17,permanently_inactive_outside_recent_window
MT-TNG,12.L1.3030.3404,066,Vô hiệu hóa,2024-05-01,2024-05-01,2024-05-01,25,permanently_inactive_outside_recent_window
MT-TNG,12.L1.3030.3404,070,Vô hiệu hóa,2024-06-01,2024-06-01,2024-06-01,24,permanently_inactive_outside_recent_window
MT-TNG,12.L1.3030.3405,001,Vô hiệu hóa,2024-11-01,2024-11-01,2024-11-01,19,permanently_inactive_outside_recent_window
DNB,12.L1.3030.3405,002,Vô hiệu hóa,2024-01-01,2024-01-01,2024-01-01,29,permanently_inactive_outside_recent_window
MT-TNG,12.L1.3030.3405,066,Vô hiệu hóa,2024-05-01,2024-05-01,2024-05-01,25,permanently_inactive_outside_recent_window
MT-TNG,12.L1.3030.3407,001,Vô hiệu hóa,2024-05-01,2024-05-01,2024-05-01,25,permanently_inactive_outside_recent_window
MT-TNG,12.L1.3030.3407,066,Vô hiệu hóa,2024-05-01,2024-05-01,2024-05-01,25,permanently_inactive_outside_recent_window
MT-TNG,12.L1.3030.3407,070,Vô hiệu hóa,2024-06-01,2024-06-01,2024-06-01,24,permanently_inactive_outside_recent_window
MT-TNG,12.L1.5050.U5001,071,Vô hiệu hóa,2024-01-01,2024-07-01,2024-07-01,23,permanently_inactive_outside_recent_window
MT-TNG,12.L1.5050.U5002,071,Vô hiệu hóa,2024-04-01,2024-10-01,2024-10-01,20,permanently_inactive_outside_recent_window
MT-TNG,12.L1.5050.U5003,001,Vô hiệu hóa,2024-01-01,2024-04-01,2024-04-01,26,permanently_inactive_outside_recent_window
MT-TNG,12.L1.5050.U5003,014,Vô hiệu hóa,2024-04-01,2024-04-01,2024-04-01,26,permanently_inactive_outside_recent_window
MT-TNG,12.L1.5050.U5003,049,Vô hiệu hóa,2024-04-01,2024-04-01,2024-04-01,26,permanently_inactive_outside_recent_window
MT-TNG,12.L1.5050.U5003,071,Vô hiệu hóa,2024-01-01,2024-10-01,2024-10-01,20,permanently_inactive_outside_recent_window
MT-TNG,12.L1.5050.U5004,001,Vô hiệu hóa,2024-01-01,2024-04-01,2024-04-01,26,permanently_inactive_outside_recent_window
MT-TNG,12.L1.5050.U5004,014,Vô hiệu hóa,2024-05-01,2024-05-01,2024-05-01,25,permanently_inactive_outside_recent_window
MT-TNG,12.L1.5050.U5004,071,Vô hiệu hóa,2024-01-01,2024-07-01,2024-07-01,23,permanently_inactive_outside_recent_window
MT-TNG,12.L1.5050.U5005,001,Vô hiệu hóa,2024-01-01,2024-01-01,2024-01-01,29,permanently_inactive_outside_recent_window
MT-TNG,12.L1.5050.U5005,014,Vô hiệu hóa,2024-04-01,2024-04-01,2024-04-01,26,permanently_inactive_outside_recent_window
MT-TNG,12.L1.5050.U5005,071,Vô hiệu hóa,2024-01-01,2024-10-01,2024-10-01,20,permanently_inactive_outside_recent_window
MT-TNG,12.L1.5050.U5006,001,Vô hiệu hóa,2024-04-01,2024-04-01,2024-04-01,26,permanently_inactive_outside_recent_window
MT-TNG,12.L1.5050.U5006,049,Vô hiệu hóa,2024-01-01,2024-07-01,2024-07-01,23,permanently_inactive_outside_recent_window
MT-TNG,12.L1.5050.U5007,001,Vô hiệu hóa,2024-01-01,2024-01-01,2024-01-01,29,permanently_inactive_outside_recent_window
MT-TNG,12.L1.5050.U5007,014,Vô hiệu hóa,2024-04-01,2024-04-01,2024-04-01,26,permanently_inactive_outside_recent_window
MT-TNG,12.L1.5050.U5007,049,Vô hiệu hóa,2024-01-01,2024-07-01,2024-07-01,23,permanently_inactive_outside_recent_window
MT-TNG,12.L1.5050.U5007,066,Vô hiệu hóa,2024-05-01,2024-05-01,2024-05-01,25,permanently_inactive_outside_recent_window
MT-TNG,12.L1.5050.U5008,014,Vô hiệu hóa,2024-04-01,2024-04-01,2024-04-01,26,permanently_inactive_outside_recent_window
MT-TNG,12.L1.5050.U5008,049,Vô hiệu hóa,2024-01-01,2024-07-01,2024-07-01,23,permanently_inactive_outside_recent_window
MT-TNG,12.L1.5050.U5008,066,Vô hiệu hóa,2024-04-01,2024-04-01,2024-04-01,26,permanently_inactive_outside_recent_window
MT-TNG,12.L1.5050.U5008,072,Vô hiệu hóa,2024-04-01,2024-04-01,2024-04-01,26,permanently_inactive_outside_recent_window
MT-TNG,12.L1.5050.U5009,001,Vô hiệu hóa,2024-01-01,2024-03-01,2024-03-01,27,permanently_inactive_outside_recent_window
MT-TNG,12.L1.5050.U5009,049,Vô hiệu hóa,2024-03-01,2024-07-01,2024-07-01,23,permanently_inactive_outside_recent_window
MT-TNG,12.L1.5050.U5009,066,Vô hiệu hóa,2024-05-01,2024-05-01,2024-05-01,25,permanently_inactive_outside_recent_window
MT-TNG,12.L1.5050.U5010,049,Vô hiệu hóa,2024-01-01,2024-07-01,2024-07-01,23,permanently_inactive_outside_recent_window
MT-TNG,13.L1.3030.3604,012,Vô hiệu hóa,2024-01-01,2024-01-01,2024-01-01,29,permanently_inactive_outside_recent_window
MT-TNG,14.L1.3030.SG303,059,Vô hiệu hóa,2024-09-01,2024-09-01,2024-09-01,21,permanently_inactive_outside_recent_window
MT-TNG,14.L1.3030.SG314,012,Vô hiệu hóa,2024-01-01,2024-01-01,2024-01-01,29,permanently_inactive_outside_recent_window
MT-TNG,14.L1.3060.36318,049,Vô hiệu hóa,2024-04-01,2024-04-01,2024-04-01,26,permanently_inactive_outside_recent_window
MT-TNG,14.L1.3060.36318,067,Vô hiệu hóa,2024-01-01,2024-01-01,2024-01-01,29,permanently_inactive_outside_recent_window
TNB,14.L1.3060.36800,050,Vô hiệu hóa,2024-05-01,2024-09-01,2024-09-01,21,permanently_inactive_outside_recent_window
MT-TNG,14.L1.3060.36800,071,Vô hiệu hóa,2024-04-01,2024-04-01,2024-04-01,26,permanently_inactive_outside_recent_window
TNB,14.L1.3060.36800V,050,Vô hiệu hóa,2024-01-01,2024-01-01,2024-01-01,29,permanently_inactive_outside_recent_window
TNB,14.L1.3060.36801V,050,Vô hiệu hóa,2024-01-01,2024-01-01,2024-01-01,29,permanently_inactive_outside_recent_window
MT-TNG,14.L1.3060.36804,059,Vô hiệu hóa,2024-10-01,2025-02-01,2025-02-01,16,permanently_inactive_outside_recent_window
MT-TNG,14.L1.3060.36804D,059,Vô hiệu hóa,2024-06-01,2025-02-01,2025-02-01,16,permanently_inactive_outside_recent_window
TNB,14.L1.3060.36806D,018,Vô hiệu hóa,2024-09-01,2024-09-01,2024-09-01,21,permanently_inactive_outside_recent_window
MT-TNG,14.L1.3060.36806D,059,Vô hiệu hóa,2024-03-01,2024-03-01,2024-03-01,27,permanently_inactive_outside_recent_window
DNB,14.L1.3060.36807V,008,Vô hiệu hóa,2024-01-01,2024-01-01,2024-01-01,29,permanently_inactive_outside_recent_window
TNB,14.L1.3060.36808D,050,Vô hiệu hóa,2024-03-01,2024-03-01,2024-03-01,27,permanently_inactive_outside_recent_window
Chưa xác định,14.L1.3060.36817,000,Vô hiệu hóa,2024-06-01,2024-07-01,2024-07-01,23,permanently_inactive_outside_recent_window
TNB,14.L1.3060.36817,050,Vô hiệu hóa,2024-03-01,2024-03-01,2024-03-01,27,permanently_inactive_outside_recent_window
DNB,14.L1.3060.36817,061,Vô hiệu hóa,2024-01-01,2024-09-01,2024-09-01,21,permanently_inactive_outside_recent_window
DNB,14.L1.3060.36817,068,Vô hiệu hóa,2025-05-01,2025-05-01,2025-05-01,13,permanently_inactive_outside_recent_window
MT-TNG,14.L1.3060.36817,072,Vô hiệu hóa,2024-01-01,2024-03-01,2024-03-01,27,permanently_inactive_outside_recent_window
TNB,14.L1.3060.36817,073,Vô hiệu hóa,2024-06-01,2024-06-01,2024-06-01,24,permanently_inactive_outside_recent_window
TNB,14.L1.3060.36817D,050,Vô hiệu hóa,2024-03-01,2024-03-01,2024-03-01,27,permanently_inactive_outside_recent_window
MT-TNG,14.L1.3060.36817D,059,Vô hiệu hóa,2024-10-01,2024-10-01,2024-10-01,20,permanently_inactive_outside_recent_window
DNB,14.L1.3060.36817D,061,Vô hiệu hóa,2024-09-01,2024-09-01,2024-09-01,21,permanently_inactive_outside_recent_window
DNB,14.L1.3060.36817D,068,Vô hiệu hóa,2025-05-01,2025-05-01,2025-05-01,13,permanently_inactive_outside_recent_window
MT-TNG,14.L1.3060.36817D,071,Vô hiệu hóa,2024-09-01,2024-09-01,2024-09-01,21,permanently_inactive_outside_recent_window
MT-TNG,14.L1.3060.36817D,072,Vô hiệu hóa,2024-03-01,2024-03-01,2024-03-01,27,permanently_inactive_outside_recent_window
TNB,14.L1.3060.36818,063,Vô hiệu hóa,2024-10-01,2025-03-01,2025-03-01,15,permanently_inactive_outside_recent_window
TNB,14.L1.3060.36818,065,Vô hiệu hóa,2024-01-01,2024-11-01,2024-11-01,19,permanently_inactive_outside_recent_window
TNB,14.L1.3060.36818D,065,Vô hiệu hóa,2024-09-01,2024-09-01,2024-09-01,21,permanently_inactive_outside_recent_window
DNB,14.L1.3060.36818D,068,Vô hiệu hóa,2025-05-01,2025-05-01,2025-05-01,13,permanently_inactive_outside_recent_window
TNB,14.L1.3060.36904,017,Vô hiệu hóa,2024-01-01,2025-05-01,2025-05-01,13,permanently_inactive_outside_recent_window
MT-TNG,14.L1.3060.36904,059,Vô hiệu hóa,2024-10-01,2025-02-01,2025-02-01,16,permanently_inactive_outside_recent_window
TNB,14.L1.3060.36917,050,Vô hiệu hóa,2024-03-01,2024-03-01,2024-03-01,27,permanently_inactive_outside_recent_window
MT-TNG,14.L1.3060.36917,079,Vô hiệu hóa,2025-04-01,2025-04-01,2025-04-01,14,permanently_inactive_outside_recent_window
Chưa xác định,14.L1.3060.A36308,000,Vô hiệu hóa,2024-07-01,2024-10-01,2024-10-01,20,permanently_inactive_outside_recent_window
MT-TNG,14.L1.3060.A36308,001,Vô hiệu hóa,2024-01-01,2024-03-01,2024-03-01,27,permanently_inactive_outside_recent_window
DNB,14.L1.3060.A36308,008,Vô hiệu hóa,2024-05-01,2025-03-01,2025-03-01,15,permanently_inactive_outside_recent_window
TNB,14.L1.3060.A36308,011,Vô hiệu hóa,2024-02-01,2024-02-01,2024-02-01,28,permanently_inactive_outside_recent_window
TNB,14.L1.3060.A36308,015,Vô hiệu hóa,2024-04-01,2025-04-01,2025-04-01,14,permanently_inactive_outside_recent_window
TNB,14.L1.3060.A36308,017,Vô hiệu hóa,2024-09-01,2024-09-01,2024-09-01,21,permanently_inactive_outside_recent_window
TNB,14.L1.3060.A36308,018,Vô hiệu hóa,2024-03-01,2024-03-01,2024-03-01,27,permanently_inactive_outside_recent_window
MT-TNG,14.L1.3060.A36308,023,Vô hiệu hóa,2024-01-01,2024-09-01,2024-09-01,21,permanently_inactive_outside_recent_window
MT-TNG,14.L1.3060.A36308,059,Vô hiệu hóa,2024-06-01,2025-01-01,2025-01-01,17,permanently_inactive_outside_recent_window
DNB,14.L1.3060.A36308,068,Vô hiệu hóa,2025-05-01,2025-05-01,2025-05-01,13,permanently_inactive_outside_recent_window
MT-TNG,14.L1.3060.A36308,072,Vô hiệu hóa,2024-03-01,2024-03-01,2024-03-01,27,permanently_inactive_outside_recent_window
DNB,14.L1.3060.A36308,081,Vô hiệu hóa,2024-01-01,2024-10-01,2024-10-01,20,permanently_inactive_outside_recent_window
MT-TNG,14.L1.3060.A36308D,001,Vô hiệu hóa,2024-03-01,2024-03-01,2024-03-01,27,permanently_inactive_outside_recent_window
TNB,14.L1.3060.A36308D,011,Vô hiệu hóa,2024-02-01,2024-02-01,2024-02-01,28,permanently_inactive_outside_recent_window
TNB,14.L1.3060.A36308D,017,Vô hiệu hóa,2024-09-01,2024-09-01,2024-09-01,21,permanently_inactive_outside_recent_window
DNB,14.L1.3060.A36308D,068,Vô hiệu hóa,2025-05-01,2025-05-01,2025-05-01,13,permanently_inactive_outside_recent_window
DNB,14.L1.3060.A36308D,081,Vô hiệu hóa,2024-07-01,2024-07-01,2024-07-01,23,permanently_inactive_outside_recent_window
MT-TNG,14.L1.3060.A36310,001,Vô hiệu hóa,2024-01-01,2024-01-01,2024-01-01,29,permanently_inactive_outside_recent_window
MT-TNG,14.L1.3060.A36310,014,Vô hiệu hóa,2024-07-01,2025-04-01,2025-04-01,14,permanently_inactive_outside_recent_window
TNB,14.L1.3060.A36310D,015,Vô hiệu hóa,2024-07-01,2024-07-01,2024-07-01,23,permanently_inactive_outside_recent_window
MT-TNG,14.L1.3060.A36311,072,Vô hiệu hóa,2024-03-01,2024-10-01,2024-10-01,20,permanently_inactive_outside_recent_window
MT-TNG,14.L1.3060.A36318,067,Vô hiệu hóa,2024-01-01,2024-01-01,2024-01-01,29,permanently_inactive_outside_recent_window
DNB,14.L1.3060.A36318,068,Vô hiệu hóa,2025-05-01,2025-05-01,2025-05-01,13,permanently_inactive_outside_recent_window
DNB,14.L1.3060.A36318,076,Vô hiệu hóa,2024-01-01,2024-07-01,2024-07-01,23,permanently_inactive_outside_recent_window
MT-TNG,14.L1.3060.A36318,079,Vô hiệu hóa,2024-01-01,2024-09-01,2024-09-01,21,permanently_inactive_outside_recent_window
DNB,14.L1.3060.A36318,081,Vô hiệu hóa,2024-06-01,2024-12-01,2024-12-01,18,permanently_inactive_outside_recent_window
Chưa xác định,14.L1.3060.A36318,222,Vô hiệu hóa,2024-01-01,2024-01-01,2024-01-01,29,permanently_inactive_outside_recent_window
MT-TNG,14.L1.3060.A36318D,001,Vô hiệu hóa,2024-04-01,2024-10-01,2024-10-01,20,permanently_inactive_outside_recent_window
MT-TNG,14.L1.3060.A36318D,049,Vô hiệu hóa,2024-03-01,2024-09-01,2024-09-01,21,permanently_inactive_outside_recent_window
MT-TNG,14.L1.3060.A36318D,067,Vô hiệu hóa,2024-01-01,2024-01-01,2024-01-01,29,permanently_inactive_outside_recent_window
DNB,14.L1.3060.A36318D,068,Vô hiệu hóa,2025-05-01,2025-05-01,2025-05-01,13,permanently_inactive_outside_recent_window
DNB,14.L1.3060.A36318D,076,Vô hiệu hóa,2024-01-01,2024-07-01,2024-07-01,23,permanently_inactive_outside_recent_window
MT-TNG,14.L1.3060.A36318D,079,Vô hiệu hóa,2025-04-01,2025-04-01,2025-04-01,14,permanently_inactive_outside_recent_window
DNB,14.L1.3060.A36318D,081,Vô hiệu hóa,2024-03-01,2024-03-01,2024-03-01,27,permanently_inactive_outside_recent_window
Chưa xác định,14.L1.3060.A36408,000,Vô hiệu hóa,2024-07-01,2024-07-01,2024-07-01,23,permanently_inactive_outside_recent_window
MT-TNG,14.L1.3060.A36408,001,Vô hiệu hóa,2024-02-01,2024-11-01,2024-11-01,19,permanently_inactive_outside_recent_window
DNB,14.L1.3060.A36408,002,Vô hiệu hóa,2024-01-01,2024-10-01,2024-10-01,20,permanently_inactive_outside_recent_window
DNB,14.L1.3060.A36408,008,Vô hiệu hóa,2024-01-01,2024-09-01,2024-09-01,21,permanently_inactive_outside_recent_window
MT-TNG,14.L1.3060.A36408,012,Vô hiệu hóa,2024-09-01,2024-10-01,2024-10-01,20,permanently_inactive_outside_recent_window
TNB,14.L1.3060.A36408,015,Vô hiệu hóa,2024-03-01,2024-09-01,2024-09-01,21,permanently_inactive_outside_recent_window
TNB,14.L1.3060.A36408,016,Vô hiệu hóa,2024-05-01,2024-05-01,2024-05-01,25,permanently_inactive_outside_recent_window
TNB,14.L1.3060.A36408,018,Vô hiệu hóa,2024-03-01,2025-03-01,2025-03-01,15,permanently_inactive_outside_recent_window
MT-TNG,14.L1.3060.A36408,059,Vô hiệu hóa,2024-05-01,2025-02-01,2025-02-01,16,permanently_inactive_outside_recent_window
DNB,14.L1.3060.A36408,081,Vô hiệu hóa,2024-07-01,2024-07-01,2024-07-01,23,permanently_inactive_outside_recent_window
MT-TNG,14.L1.3060.A36410,001,Vô hiệu hóa,2024-01-01,2024-01-01,2024-01-01,29,permanently_inactive_outside_recent_window
MT-TNG,14.L1.3060.A36410,014,Vô hiệu hóa,2025-03-01,2025-03-01,2025-03-01,15,permanently_inactive_outside_recent_window
MT-TNG,14.L1.3060.A36411,001,Vô hiệu hóa,2024-04-01,2024-04-01,2024-04-01,26,permanently_inactive_outside_recent_window
MT-TNG,14.L1.3060.A36418,049,Vô hiệu hóa,2024-03-01,2024-12-01,2024-12-01,18,permanently_inactive_outside_recent_window
MT-TNG,14.L1.3060.A36418,059,Vô hiệu hóa,2024-03-01,2025-05-01,2025-05-01,13,permanently_inactive_outside_recent_window
MT-TNG,14.L1.3060.A36418,067,Vô hiệu hóa,2024-01-01,2024-01-01,2024-01-01,29,permanently_inactive_outside_recent_window
DNB,14.L1.3060.A36418,068,Vô hiệu hóa,2025-05-01,2025-05-01,2025-05-01,13,permanently_inactive_outside_recent_window
DNB,14.L1.3060.A36418,076,Vô hiệu hóa,2024-01-01,2024-02-01,2024-02-01,28,permanently_inactive_outside_recent_window
MT-TNG,14.L1.3060.A36418,079,Vô hiệu hóa,2024-01-01,2025-01-01,2025-01-01,17,permanently_inactive_outside_recent_window
DNB,14.L1.3060.A36418,081,Vô hiệu hóa,2024-01-01,2024-12-01,2024-12-01,18,permanently_inactive_outside_recent_window
MT-TNG,14.L1.3060.A36601,014,Vô hiệu hóa,2024-02-01,2024-02-01,2024-02-01,28,permanently_inactive_outside_recent_window
Chưa xác định,14.L1.3060.A36800,000,Vô hiệu hóa,2024-05-01,2024-08-01,2024-08-01,22,permanently_inactive_outside_recent_window
DNB,14.L1.3060.A36800,002,Vô hiệu hóa,2024-08-01,2025-05-01,2025-05-01,13,permanently_inactive_outside_recent_window
TNB,14.L1.3060.A36800,017,Vô hiệu hóa,2024-12-01,2025-02-01,2025-02-01,16,permanently_inactive_outside_recent_window
DNB,14.L1.3060.A36800,019,Vô hiệu hóa,2024-11-01,2024-11-01,2024-11-01,19,permanently_inactive_outside_recent_window
MT-TNG,14.L1.3060.A36800,059,Vô hiệu hóa,2024-01-01,2025-02-01,2025-02-01,16,permanently_inactive_outside_recent_window
DNB,14.L1.3060.A36800,061,Vô hiệu hóa,2024-01-01,2024-01-01,2024-01-01,29,permanently_inactive_outside_recent_window
TNB,14.L1.3060.A36800,065,Vô hiệu hóa,2024-01-01,2025-01-01,2025-01-01,17,permanently_inactive_outside_recent_window
MT-TNG,14.L1.3060.A36800,067,Vô hiệu hóa,2024-01-01,2024-01-01,2024-01-01,29,permanently_inactive_outside_recent_window
DNB,14.L1.3060.A36800,068,Vô hiệu hóa,2025-05-01,2025-05-01,2025-05-01,13,permanently_inactive_outside_recent_window
MT-TNG,14.L1.3060.A36800,071,Vô hiệu hóa,2024-04-01,2024-09-01,2024-09-01,21,permanently_inactive_outside_recent_window
DNB,14.L1.3060.A36800,076,Vô hiệu hóa,2024-02-01,2025-05-01,2025-05-01,13,permanently_inactive_outside_recent_window
MT-TNG,14.L1.3060.A36800,079,Vô hiệu hóa,2024-11-01,2024-11-01,2024-11-01,19,permanently_inactive_outside_recent_window
Chưa xác định,14.L1.3060.A36800,222,Vô hiệu hóa,2024-03-01,2024-05-01,2024-05-01,25,permanently_inactive_outside_recent_window
DNB,14.L1.3060.A36800D,002,Vô hiệu hóa,2025-02-01,2025-03-01,2025-03-01,15,permanently_inactive_outside_recent_window
DNB,14.L1.3060.A36800D,019,Vô hiệu hóa,2024-11-01,2024-11-01,2024-11-01,19,permanently_inactive_outside_recent_window
TNB,14.L1.3060.A36800D,050,Vô hiệu hóa,2024-01-01,2024-11-01,2024-11-01,19,permanently_inactive_outside_recent_window
MT-TNG,14.L1.3060.A36800D,059,Vô hiệu hóa,2024-01-01,2025-02-01,2025-02-01,16,permanently_inactive_outside_recent_window
DNB,14.L1.3060.A36800D,061,Vô hiệu hóa,2024-01-01,2024-01-01,2024-01-01,29,permanently_inactive_outside_recent_window
TNB,14.L1.3060.A36800D,065,Vô hiệu hóa,2024-02-01,2024-06-01,2024-06-01,24,permanently_inactive_outside_recent_window
MT-TNG,14.L1.3060.A36800D,071,Vô hiệu hóa,2024-04-01,2024-04-01,2024-04-01,26,permanently_inactive_outside_recent_window
Chưa xác định,14.L1.3060.A36800D,222,Vô hiệu hóa,2024-03-01,2024-03-01,2024-03-01,27,permanently_inactive_outside_recent_window
DNB,14.L1.3060.A36800V,002,Vô hiệu hóa,2025-02-01,2025-02-01,2025-02-01,16,permanently_inactive_outside_recent_window
DNB,14.L1.3060.A36800V,019,Vô hiệu hóa,2024-11-01,2024-11-01,2024-11-01,19,permanently_inactive_outside_recent_window
TNB,14.L1.3060.A36800V,050,Vô hiệu hóa,2024-01-01,2025-02-01,2025-02-01,16,permanently_inactive_outside_recent_window
MT-TNG,14.L1.3060.A36800V,059,Vô hiệu hóa,2024-01-01,2024-04-01,2024-04-01,26,permanently_inactive_outside_recent_window
DNB,14.L1.3060.A36800V,061,Vô hiệu hóa,2024-01-01,2024-01-01,2024-01-01,29,permanently_inactive_outside_recent_window
TNB,14.L1.3060.A36800V,063,Vô hiệu hóa,2024-05-01,2024-05-01,2024-05-01,25,permanently_inactive_outside_recent_window
TNB,14.L1.3060.A36800V,065,Vô hiệu hóa,2024-05-01,2024-09-01,2024-09-01,21,permanently_inactive_outside_recent_window
DNB,14.L1.3060.A36800V,068,Vô hiệu hóa,2025-05-01,2025-05-01,2025-05-01,13,permanently_inactive_outside_recent_window
TNB,14.L1.3060.A36800V,069,Vô hiệu hóa,2024-04-01,2024-08-01,2024-08-01,22,permanently_inactive_outside_recent_window
MT-TNG,14.L1.3060.A36800V,071,Vô hiệu hóa,2024-04-01,2024-09-01,2024-09-01,21,permanently_inactive_outside_recent_window
DNB,14.L1.3060.A36800V,076,Vô hiệu hóa,2025-05-01,2025-05-01,2025-05-01,13,permanently_inactive_outside_recent_window
MT-TNG,14.L1.3060.A36800V,079,Vô hiệu hóa,2025-04-01,2025-04-01,2025-04-01,14,permanently_inactive_outside_recent_window
Chưa xác định,14.L1.3060.A36800V,222,Vô hiệu hóa,2024-03-01,2024-03-01,2024-03-01,27,permanently_inactive_outside_recent_window
Chưa xác định,14.L1.3060.A36801,000,Vô hiệu hóa,2024-01-01,2024-07-01,2024-07-01,23,permanently_inactive_outside_recent_window
DNB,14.L1.3060.A36801,019,Vô hiệu hóa,2024-11-01,2024-11-01,2024-11-01,19,permanently_inactive_outside_recent_window
TNB,14.L1.3060.A36801,050,Vô hiệu hóa,2024-01-01,2024-03-01,2024-03-01,27,permanently_inactive_outside_recent_window
MT-TNG,14.L1.3060.A36801,059,Vô hiệu hóa,2024-06-01,2024-09-01,2024-09-01,21,permanently_inactive_outside_recent_window
DNB,14.L1.3060.A36801,060,Vô hiệu hóa,2024-01-01,2025-03-01,2025-03-01,15,permanently_inactive_outside_recent_window
DNB,14.L1.3060.A36801,068,Vô hiệu hóa,2025-05-01,2025-05-01,2025-05-01,13,permanently_inactive_outside_recent_window
TNB,14.L1.3060.A36801,073,Vô hiệu hóa,2024-01-01,2024-09-01,2024-09-01,21,permanently_inactive_outside_recent_window
DNB,14.L1.3060.A36801,076,Vô hiệu hóa,2024-03-01,2025-05-01,2025-05-01,13,permanently_inactive_outside_recent_window
DNB,14.L1.3060.A36801,081,Vô hiệu hóa,2024-05-01,2025-03-01,2025-03-01,15,permanently_inactive_outside_recent_window
Chưa xác định,14.L1.3060.A36801,222,Vô hiệu hóa,2024-01-01,2024-01-01,2024-01-01,29,permanently_inactive_outside_recent_window
TNB,14.L1.3060.A36801D,050,Vô hiệu hóa,2024-03-01,2024-03-01,2024-03-01,27,permanently_inactive_outside_recent_window
MT-TNG,14.L1.3060.A36801D,059,Vô hiệu hóa,2024-06-01,2024-09-01,2024-09-01,21,permanently_inactive_outside_recent_window
DNB,14.L1.3060.A36801D,060,Vô hiệu hóa,2024-06-01,2025-03-01,2025-03-01,15,permanently_inactive_outside_recent_window
TNB,14.L1.3060.A36801D,063,Vô hiệu hóa,2024-05-01,2024-05-01,2024-05-01,25,permanently_inactive_outside_recent_window
TNB,14.L1.3060.A36801D,065,Vô hiệu hóa,2024-01-01,2024-01-01,2024-01-01,29,permanently_inactive_outside_recent_window
DNB,14.L1.3060.A36801D,068,Vô hiệu hóa,2025-05-01,2025-05-01,2025-05-01,13,permanently_inactive_outside_recent_window
TNB,14.L1.3060.A36801D,069,Vô hiệu hóa,2025-02-01,2025-03-01,2025-03-01,15,permanently_inactive_outside_recent_window
TNB,14.L1.3060.A36801D,073,Vô hiệu hóa,2024-01-01,2024-09-01,2024-09-01,21,permanently_inactive_outside_recent_window
DNB,14.L1.3060.A36801D,076,Vô hiệu hóa,2024-09-01,2025-05-01,2025-05-01,13,permanently_inactive_outside_recent_window
DNB,14.L1.3060.A36801D,081,Vô hiệu hóa,2024-05-01,2025-03-01,2025-03-01,15,permanently_inactive_outside_recent_window
TNB,14.L1.3060.A36801V,050,Vô hiệu hóa,2024-01-01,2024-03-01,2024-03-01,27,permanently_inactive_outside_recent_window
MT-TNG,14.L1.3060.A36801V,059,Vô hiệu hóa,2024-06-01,2024-09-01,2024-09-01,21,permanently_inactive_outside_recent_window
DNB,14.L1.3060.A36801V,060,Vô hiệu hóa,2024-05-01,2025-03-01,2025-03-01,15,permanently_inactive_outside_recent_window
DNB,14.L1.3060.A36801V,061,Vô hiệu hóa,2024-06-01,2025-05-01,2025-05-01,13,permanently_inactive_outside_recent_window
TNB,14.L1.3060.A36801V,063,Vô hiệu hóa,2024-04-01,2024-04-01,2024-04-01,26,permanently_inactive_outside_recent_window
DNB,14.L1.3060.A36801V,068,Vô hiệu hóa,2025-05-01,2025-05-01,2025-05-01,13,permanently_inactive_outside_recent_window
TNB,14.L1.3060.A36801V,073,Vô hiệu hóa,2024-01-01,2024-09-01,2024-09-01,21,permanently_inactive_outside_recent_window
DNB,14.L1.3060.A36801V,076,Vô hiệu hóa,2024-04-01,2025-05-01,2025-05-01,13,permanently_inactive_outside_recent_window
DNB,14.L1.3060.A36801V,081,Vô hiệu hóa,2024-05-01,2024-05-01,2024-05-01,25,permanently_inactive_outside_recent_window
DNB,14.L1.3060.A36804,002,Vô hiệu hóa,2024-12-01,2024-12-01,2024-12-01,18,permanently_inactive_outside_recent_window
TNB,14.L1.3060.A36804,017,Vô hiệu hóa,2024-02-01,2024-04-01,2024-04-01,26,permanently_inactive_outside_recent_window
MT-TNG,14.L1.3060.A36804,059,Vô hiệu hóa,2024-02-01,2024-11-01,2024-11-01,19,permanently_inactive_outside_recent_window
MT-TNG,14.L1.3060.A36804,079,Vô hiệu hóa,2024-01-01,2025-04-01,2025-04-01,14,permanently_inactive_outside_recent_window
DNB,14.L1.3060.A36804D,002,Vô hiệu hóa,2024-12-01,2024-12-01,2024-12-01,18,permanently_inactive_outside_recent_window
TNB,14.L1.3060.A36804D,017,Vô hiệu hóa,2024-01-01,2025-05-01,2025-05-01,13,permanently_inactive_outside_recent_window
TNB,14.L1.3060.A36804D,018,Vô hiệu hóa,2024-09-01,2024-09-01,2024-09-01,21,permanently_inactive_outside_recent_window
MT-TNG,14.L1.3060.A36804D,059,Vô hiệu hóa,2024-06-01,2024-10-01,2024-10-01,20,permanently_inactive_outside_recent_window
MT-TNG,14.L1.3060.A36804D,079,Vô hiệu hóa,2024-02-01,2024-12-01,2024-12-01,18,permanently_inactive_outside_recent_window
MT-TNG,14.L1.3060.A36806,059,Vô hiệu hóa,2024-07-01,2024-08-01,2024-08-01,22,permanently_inactive_outside_recent_window
MT-TNG,14.L1.3060.A36806,079,Vô hiệu hóa,2025-04-01,2025-04-01,2025-04-01,14,permanently_inactive_outside_recent_window
MT-TNG,14.L1.3060.A36806D,012,Vô hiệu hóa,2024-10-01,2024-10-01,2024-10-01,20,permanently_inactive_outside_recent_window
MT-TNG,14.L1.3060.A36806D,079,Vô hiệu hóa,2025-04-01,2025-04-01,2025-04-01,14,permanently_inactive_outside_recent_window
DNB,14.L1.3060.A36807,002,Vô hiệu hóa,2025-05-01,2025-05-01,2025-05-01,13,permanently_inactive_outside_recent_window
DNB,14.L1.3060.A36807,010,Vô hiệu hóa,2024-01-01,2024-01-01,2024-01-01,29,permanently_inactive_outside_recent_window
TNB,14.L1.3060.A36807,011,Vô hiệu hóa,2024-01-01,2024-07-01,2024-07-01,23,permanently_inactive_outside_recent_window
TNB,14.L1.3060.A36807,015,Vô hiệu hóa,2024-03-01,2024-03-01,2024-03-01,27,permanently_inactive_outside_recent_window
TNB,14.L1.3060.A36807,016,Vô hiệu hóa,2024-01-01,2025-04-01,2025-04-01,14,permanently_inactive_outside_recent_window
TNB,14.L1.3060.A36807,017,Vô hiệu hóa,2024-05-01,2024-05-01,2024-05-01,25,permanently_inactive_outside_recent_window
MT-TNG,14.L1.3060.A36807,059,Vô hiệu hóa,2024-05-01,2024-05-01,2024-05-01,25,permanently_inactive_outside_recent_window
MT-TNG,14.L1.3060.A36807,078,Vô hiệu hóa,2024-01-01,2024-01-01,2024-01-01,29,permanently_inactive_outside_recent_window
Chưa xác định,14.L1.3060.A36807,222,Vô hiệu hóa,2024-02-01,2024-03-01,2024-03-01,27,permanently_inactive_outside_recent_window
DNB,14.L1.3060.A36807D,002,Vô hiệu hóa,2025-03-01,2025-05-01,2025-05-01,13,permanently_inactive_outside_recent_window
DNB,14.L1.3060.A36807D,008,Vô hiệu hóa,2024-01-01,2024-01-01,2024-01-01,29,permanently_inactive_outside_recent_window
TNB,14.L1.3060.A36807D,011,Vô hiệu hóa,2024-01-01,2024-06-01,2024-06-01,24,permanently_inactive_outside_recent_window
TNB,14.L1.3060.A36807D,015,Vô hiệu hóa,2024-03-01,2024-03-01,2024-03-01,27,permanently_inactive_outside_recent_window
TNB,14.L1.3060.A36807D,018,Vô hiệu hóa,2024-06-01,2024-09-01,2024-09-01,21,permanently_inactive_outside_recent_window
MT-TNG,14.L1.3060.A36807D,078,Vô hiệu hóa,2024-01-01,2024-01-01,2024-01-01,29,permanently_inactive_outside_recent_window
Chưa xác định,14.L1.3060.A36807D,222,Vô hiệu hóa,2024-02-01,2024-02-01,2024-02-01,28,permanently_inactive_outside_recent_window
DNB,14.L1.3060.A36807V,002,Vô hiệu hóa,2025-05-01,2025-05-01,2025-05-01,13,permanently_inactive_outside_recent_window
DNB,14.L1.3060.A36807V,008,Vô hiệu hóa,2024-01-01,2024-01-01,2024-01-01,29,permanently_inactive_outside_recent_window
TNB,14.L1.3060.A36807V,011,Vô hiệu hóa,2024-01-01,2024-07-01,2024-07-01,23,permanently_inactive_outside_recent_window
TNB,14.L1.3060.A36807V,017,Vô hiệu hóa,2024-05-01,2024-05-01,2024-05-01,25,permanently_inactive_outside_recent_window
TNB,14.L1.3060.A36807V,018,Vô hiệu hóa,2024-05-01,2024-11-01,2024-11-01,19,permanently_inactive_outside_recent_window
TNB,14.L1.3060.A36807V,024,Vô hiệu hóa,2024-04-01,2024-04-01,2024-04-01,26,permanently_inactive_outside_recent_window
Chưa xác định,14.L1.3060.A36807V,222,Vô hiệu hóa,2024-02-01,2024-02-01,2024-02-01,28,permanently_inactive_outside_recent_window
Chưa xác định,14.L1.3060.A36808,000,Vô hiệu hóa,2024-01-01,2024-10-01,2024-10-01,20,permanently_inactive_outside_recent_window
TNB,14.L1.3060.A36808,050,Vô hiệu hóa,2024-01-01,2024-07-01,2024-07-01,23,permanently_inactive_outside_recent_window
TNB,14.L1.3060.A36808,063,Vô hiệu hóa,2024-03-01,2024-03-01,2024-03-01,27,permanently_inactive_outside_recent_window
TNB,14.L1.3060.A36808,065,Vô hiệu hóa,2024-03-01,2024-03-01,2024-03-01,27,permanently_inactive_outside_recent_window
MT-TNG,14.L1.3060.A36808,079,Vô hiệu hóa,2024-03-01,2024-10-01,2024-10-01,20,permanently_inactive_outside_recent_window
DNB,14.L1.3060.A36808,081,Vô hiệu hóa,2024-01-01,2024-09-01,2024-09-01,21,permanently_inactive_outside_recent_window
Chưa xác định,14.L1.3060.A36808,222,Vô hiệu hóa,2024-03-01,2024-03-01,2024-03-01,27,permanently_inactive_outside_recent_window
Chưa xác định,14.L1.3060.A36808D,000,Vô hiệu hóa,2024-01-01,2024-04-01,2024-04-01,26,permanently_inactive_outside_recent_window
TNB,14.L1.3060.A36808D,050,Vô hiệu hóa,2024-03-01,2024-05-01,2024-05-01,25,permanently_inactive_outside_recent_window
TNB,14.L1.3060.A36808D,063,Vô hiệu hóa,2024-10-01,2024-10-01,2024-10-01,20,permanently_inactive_outside_recent_window
MT-TNG,14.L1.3060.A36808D,079,Vô hiệu hóa,2024-09-01,2025-04-01,2025-04-01,14,permanently_inactive_outside_recent_window
DNB,14.L1.3060.A36808D,081,Vô hiệu hóa,2024-01-01,2024-04-01,2024-04-01,26,permanently_inactive_outside_recent_window
DNB,14.L1.3060.A36810,008,Vô hiệu hóa,2024-01-01,2024-01-01,2024-01-01,29,permanently_inactive_outside_recent_window
TNB,14.L1.3060.A36810,016,Vô hiệu hóa,2024-01-01,2025-03-01,2025-03-01,15,permanently_inactive_outside_recent_window
MT-TNG,14.L1.3060.A36810,023,Vô hiệu hóa,2024-01-01,2025-03-01,2025-03-01,15,permanently_inactive_outside_recent_window
MT-TNG,14.L1.3060.A36810,059,Vô hiệu hóa,2024-01-01,2024-09-01,2024-09-01,21,permanently_inactive_outside_recent_window
MT-TNG,14.L1.3060.A36810,072,Vô hiệu hóa,2025-03-01,2025-04-01,2025-04-01,14,permanently_inactive_outside_recent_window
MT-TNG,14.L1.3060.A36810,099,Vô hiệu hóa,2024-06-01,2024-08-01,2024-08-01,22,permanently_inactive_outside_recent_window
DNB,14.L1.3060.A36810D,002,Vô hiệu hóa,2024-04-01,2025-05-01,2025-05-01,13,permanently_inactive_outside_recent_window
DNB,14.L1.3060.A36810D,010,Vô hiệu hóa,2024-02-01,2025-04-01,2025-04-01,14,permanently_inactive_outside_recent_window
TNB,14.L1.3060.A36810D,016,Vô hiệu hóa,2024-01-01,2025-03-01,2025-03-01,15,permanently_inactive_outside_recent_window
DNB,14.L1.3060.A36810D,019,Vô hiệu hóa,2024-07-01,2025-05-01,2025-05-01,13,permanently_inactive_outside_recent_window
MT-TNG,14.L1.3060.A36810D,059,Vô hiệu hóa,2024-01-01,2025-02-01,2025-02-01,16,permanently_inactive_outside_recent_window
MT-TNG,14.L1.3060.A36810D,072,Vô hiệu hóa,2025-03-01,2025-04-01,2025-04-01,14,permanently_inactive_outside_recent_window
Chưa xác định,14.L1.3060.A36810D,222,Vô hiệu hóa,2024-03-01,2024-03-01,2024-03-01,27,permanently_inactive_outside_recent_window
TNB,14.L1.3060.A36817,050,Vô hiệu hóa,2024-03-01,2024-03-01,2024-03-01,27,permanently_inactive_outside_recent_window
MT-TNG,14.L1.3060.A36817,059,Vô hiệu hóa,2024-10-01,2024-10-01,2024-10-01,20,permanently_inactive_outside_recent_window
DNB,14.L1.3060.A36817,061,Vô hiệu hóa,2024-03-01,2024-09-01,2024-09-01,21,permanently_inactive_outside_recent_window
DNB,14.L1.3060.A36817,068,Vô hiệu hóa,2025-05-01,2025-05-01,2025-05-01,13,permanently_inactive_outside_recent_window
MT-TNG,14.L1.3060.A36817,071,Vô hiệu hóa,2024-05-01,2024-09-01,2024-09-01,21,permanently_inactive_outside_recent_window
MT-TNG,14.L1.3060.A36817,079,Vô hiệu hóa,2025-04-01,2025-04-01,2025-04-01,14,permanently_inactive_outside_recent_window
TNB,14.L1.3060.A36817D,050,Vô hiệu hóa,2024-03-01,2024-03-01,2024-03-01,27,permanently_inactive_outside_recent_window
DNB,14.L1.3060.A36817D,061,Vô hiệu hóa,2024-09-01,2024-09-01,2024-09-01,21,permanently_inactive_outside_recent_window
MT-TNG,14.L1.3060.A36817D,071,Vô hiệu hóa,2024-06-01,2024-09-01,2024-09-01,21,permanently_inactive_outside_recent_window
DNB,14.L1.3060.A36817D,076,Vô hiệu hóa,2024-01-01,2024-01-01,2024-01-01,29,permanently_inactive_outside_recent_window
Chưa xác định,14.L1.3060.A36818,000,Vô hiệu hóa,2024-05-01,2024-06-01,2024-06-01,24,permanently_inactive_outside_recent_window
MT-TNG,14.L1.3060.A36818,001,Vô hiệu hóa,2024-04-01,2024-04-01,2024-04-01,26,permanently_inactive_outside_recent_window
TNB,14.L1.3060.A36818,050,Vô hiệu hóa,2024-06-01,2024-07-01,2024-07-01,23,permanently_inactive_outside_recent_window
MT-TNG,14.L1.3060.A36818,059,Vô hiệu hóa,2024-06-01,2024-08-01,2024-08-01,22,permanently_inactive_outside_recent_window
TNB,14.L1.3060.A36818,063,Vô hiệu hóa,2024-04-01,2025-05-01,2025-05-01,13,permanently_inactive_outside_recent_window
TNB,14.L1.3060.A36818,065,Vô hiệu hóa,2024-09-01,2024-09-01,2024-09-01,21,permanently_inactive_outside_recent_window
DNB,14.L1.3060.A36818,068,Vô hiệu hóa,2025-05-01,2025-05-01,2025-05-01,13,permanently_inactive_outside_recent_window
MT-TNG,14.L1.3060.A36818,071,Vô hiệu hóa,2024-04-01,2024-05-01,2024-05-01,25,permanently_inactive_outside_recent_window
MT-TNG,14.L1.3060.A36818,072,Vô hiệu hóa,2024-05-01,2024-05-01,2024-05-01,25,permanently_inactive_outside_recent_window
DNB,14.L1.3060.A36818,081,Vô hiệu hóa,2024-04-01,2024-09-01,2024-09-01,21,permanently_inactive_outside_recent_window
Chưa xác định,14.L1.3060.A36818,222,Vô hiệu hóa,2024-03-01,2024-03-01,2024-03-01,27,permanently_inactive_outside_recent_window
MT-TNG,14.L1.3060.A36818D,001,Vô hiệu hóa,2024-04-01,2024-04-01,2024-04-01,26,permanently_inactive_outside_recent_window
TNB,14.L1.3060.A36818D,050,Vô hiệu hóa,2024-05-01,2024-06-01,2024-06-01,24,permanently_inactive_outside_recent_window
MT-TNG,14.L1.3060.A36818D,059,Vô hiệu hóa,2024-08-01,2024-08-01,2024-08-01,22,permanently_inactive_outside_recent_window
TNB,14.L1.3060.A36818D,063,Vô hiệu hóa,2024-05-01,2024-05-01,2024-05-01,25,permanently_inactive_outside_recent_window
TNB,14.L1.3060.A36818D,065,Vô hiệu hóa,2024-09-01,2024-09-01,2024-09-01,21,permanently_inactive_outside_recent_window
DNB,14.L1.3060.A36818D,068,Vô hiệu hóa,2025-05-01,2025-05-01,2025-05-01,13,permanently_inactive_outside_recent_window
MT-TNG,14.L1.3060.A36818D,071,Vô hiệu hóa,2024-04-01,2024-04-01,2024-04-01,26,permanently_inactive_outside_recent_window
TNB,14.L1.3060.A36818D,073,Vô hiệu hóa,2024-01-01,2024-07-01,2024-07-01,23,permanently_inactive_outside_recent_window
DNB,14.L1.3060.A36818D,081,Vô hiệu hóa,2024-04-01,2024-05-01,2024-05-01,25,permanently_inactive_outside_recent_window
Chưa xác định,14.L1.3060.A36818D,222,Vô hiệu hóa,2024-03-01,2024-03-01,2024-03-01,27,permanently_inactive_outside_recent_window
DNB,14.L1.3060.A36821,008,Vô hiệu hóa,2024-01-01,2024-01-01,2024-01-01,29,permanently_inactive_outside_recent_window
DNB,14.L1.3060.A36821,010,Vô hiệu hóa,2024-04-01,2025-04-01,2025-04-01,14,permanently_inactive_outside_recent_window
TNB,14.L1.3060.A36821,011,Vô hiệu hóa,2024-04-01,2024-05-01,2024-05-01,25,permanently_inactive_outside_recent_window
MT-TNG,14.L1.3060.A36821,014,Vô hiệu hóa,2024-02-01,2024-02-01,2024-02-01,28,permanently_inactive_outside_recent_window
TNB,14.L1.3060.A36821,015,Vô hiệu hóa,2024-01-01,2025-03-01,2025-03-01,15,permanently_inactive_outside_recent_window
TNB,14.L1.3060.A36821,016,Vô hiệu hóa,2024-09-01,2024-09-01,2024-09-01,21,permanently_inactive_outside_recent_window
TNB,14.L1.3060.A36821,017,Vô hiệu hóa,2024-05-01,2024-05-01,2024-05-01,25,permanently_inactive_outside_recent_window
TNB,14.L1.3060.A36821,018,Vô hiệu hóa,2024-04-01,2024-10-01,2024-10-01,20,permanently_inactive_outside_recent_window
MT-TNG,14.L1.3060.A36821,079,Vô hiệu hóa,2024-07-01,2025-04-01,2025-04-01,14,permanently_inactive_outside_recent_window
DNB,14.L1.3060.A36821D,010,Vô hiệu hóa,2024-05-01,2024-05-01,2024-05-01,25,permanently_inactive_outside_recent_window
MT-TNG,14.L1.3060.A36821D,014,Vô hiệu hóa,2024-02-01,2024-02-01,2024-02-01,28,permanently_inactive_outside_recent_window
TNB,14.L1.3060.A36821D,015,Vô hiệu hóa,2024-10-01,2025-03-01,2025-03-01,15,permanently_inactive_outside_recent_window
TNB,14.L1.3060.A36821D,016,Vô hiệu hóa,2024-09-01,2024-09-01,2024-09-01,21,permanently_inactive_outside_recent_window
TNB,14.L1.3060.A36821D,017,Vô hiệu hóa,2025-05-01,2025-05-01,2025-05-01,13,permanently_inactive_outside_recent_window
TNB,14.L1.3060.A36821D,018,Vô hiệu hóa,2024-04-01,2024-10-01,2024-10-01,20,permanently_inactive_outside_recent_window
MT-TNG,14.L1.3060.A36821D,079,Vô hiệu hóa,2024-07-01,2024-09-01,2024-09-01,21,permanently_inactive_outside_recent_window
TNB,14.L1.3060.A36904,018,Vô hiệu hóa,2024-09-01,2024-09-01,2024-09-01,21,permanently_inactive_outside_recent_window
MT-TNG,14.L1.3060.A36904,059,Vô hiệu hóa,2024-08-01,2024-10-01,2024-10-01,20,permanently_inactive_outside_recent_window
MT-TNG,14.L1.3060.A36904,079,Vô hiệu hóa,2024-01-01,2025-04-01,2025-04-01,14,permanently_inactive_outside_recent_window
DNB,14.L1.3060.A36906,010,Vô hiệu hóa,2024-01-01,2024-01-01,2024-01-01,29,permanently_inactive_outside_recent_window
MT-TNG,14.L1.3060.A36906,012,Vô hiệu hóa,2024-01-01,2024-01-01,2024-01-01,29,permanently_inactive_outside_recent_window
TNB,14.L1.3060.A36906,018,Vô hiệu hóa,2024-09-01,2024-09-01,2024-09-01,21,permanently_inactive_outside_recent_window
MT-TNG,14.L1.3060.A36906,049,Vô hiệu hóa,2025-03-01,2025-03-01,2025-03-01,15,permanently_inactive_outside_recent_window
MT-TNG,14.L1.3060.A36906,059,Vô hiệu hóa,2024-02-01,2024-07-01,2024-07-01,23,permanently_inactive_outside_recent_window
Chưa xác định,14.L1.3060.A36908,000,Vô hiệu hóa,2024-01-01,2024-05-01,2024-05-01,25,permanently_inactive_outside_recent_window
TNB,14.L1.3060.A36908,050,Vô hiệu hóa,2024-01-01,2024-05-01,2024-05-01,25,permanently_inactive_outside_recent_window
TNB,14.L1.3060.A36908,063,Vô hiệu hóa,2024-03-01,2024-09-01,2024-09-01,21,permanently_inactive_outside_recent_window
TNB,14.L1.3060.A36908,065,Vô hiệu hóa,2024-03-01,2024-05-01,2024-05-01,25,permanently_inactive_outside_recent_window
TNB,14.L1.3060.A36908,069,Vô hiệu hóa,2024-01-01,2024-01-01,2024-01-01,29,permanently_inactive_outside_recent_window
MT-TNG,14.L1.3060.A36908,071,Vô hiệu hóa,2024-06-01,2024-06-01,2024-06-01,24,permanently_inactive_outside_recent_window
TNB,14.L1.3060.A36908,073,Vô hiệu hóa,2024-01-01,2024-01-01,2024-01-01,29,permanently_inactive_outside_recent_window
MT-TNG,14.L1.3060.A36908,079,Vô hiệu hóa,2024-01-01,2024-10-01,2024-10-01,20,permanently_inactive_outside_recent_window
DNB,14.L1.3060.A36908,081,Vô hiệu hóa,2024-01-01,2024-05-01,2024-05-01,25,permanently_inactive_outside_recent_window
DNB,14.L1.3060.A36910,008,Vô hiệu hóa,2024-01-01,2024-01-01,2024-01-01,29,permanently_inactive_outside_recent_window
TNB,14.L1.3060.A36910,011,Vô hiệu hóa,2024-05-01,2024-05-01,2024-05-01,25,permanently_inactive_outside_recent_window
MT-TNG,14.L1.3060.A36910,014,Vô hiệu hóa,2024-01-01,2024-01-01,2024-01-01,29,permanently_inactive_outside_recent_window
DNB,14.L1.3060.A36910,022,Vô hiệu hóa,2024-01-01,2024-12-01,2024-12-01,18,permanently_inactive_outside_recent_window
MT-TNG,14.L1.3060.A36910,023,Vô hiệu hóa,2024-04-01,2025-01-01,2025-01-01,17,permanently_inactive_outside_recent_window
MT-TNG,14.L1.3060.A36910,059,Vô hiệu hóa,2024-01-01,2025-02-01,2025-02-01,16,permanently_inactive_outside_recent_window
MT-TNG,14.L1.3060.A36910,072,Vô hiệu hóa,2025-03-01,2025-04-01,2025-04-01,14,permanently_inactive_outside_recent_window
MT-TNG,14.L1.3060.A36910,099,Vô hiệu hóa,2024-07-01,2024-07-01,2024-07-01,23,permanently_inactive_outside_recent_window
Chưa xác định,14.L1.3060.A36910,222,Vô hiệu hóa,2024-03-01,2024-03-01,2024-03-01,27,permanently_inactive_outside_recent_window
Chưa xác định,14.L1.3060.A36917,000,Vô hiệu hóa,2024-06-01,2024-07-01,2024-07-01,23,permanently_inactive_outside_recent_window
TNB,14.L1.3060.A36917,050,Vô hiệu hóa,2024-03-01,2024-07-01,2024-07-01,23,permanently_inactive_outside_recent_window
DNB,14.L1.3060.A36917,060,Vô hiệu hóa,2024-04-01,2024-04-01,2024-04-01,26,permanently_inactive_outside_recent_window
DNB,14.L1.3060.A36917,061,Vô hiệu hóa,2024-03-01,2024-09-01,2024-09-01,21,permanently_inactive_outside_recent_window
DNB,14.L1.3060.A36917,068,Vô hiệu hóa,2025-05-01,2025-05-01,2025-05-01,13,permanently_inactive_outside_recent_window
MT-TNG,14.L1.3060.A36917,071,Vô hiệu hóa,2024-05-01,2024-05-01,2024-05-01,25,permanently_inactive_outside_recent_window
Chưa xác định,14.L1.3060.A36918,000,Vô hiệu hóa,2024-01-01,2024-09-01,2024-09-01,21,permanently_inactive_outside_recent_window
MT-TNG,14.L1.3060.A36918,001,Vô hiệu hóa,2024-01-01,2024-10-01,2024-10-01,20,permanently_inactive_outside_recent_window
DNB,14.L1.3060.A36918,019,Vô hiệu hóa,2024-01-01,2024-10-01,2024-10-01,20,permanently_inactive_outside_recent_window
TNB,14.L1.3060.A36918,050,Vô hiệu hóa,2024-03-01,2024-07-01,2024-07-01,23,permanently_inactive_outside_recent_window
MT-TNG,14.L1.3060.A36918,059,Vô hiệu hóa,2024-03-01,2024-09-01,2024-09-01,21,permanently_inactive_outside_recent_window
TNB,14.L1.3060.A36918,063,Vô hiệu hóa,2024-04-01,2025-04-01,2025-04-01,14,permanently_inactive_outside_recent_window
TNB,14.L1.3060.A36918,065,Vô hiệu hóa,2024-01-01,2024-10-01,2024-10-01,20,permanently_inactive_outside_recent_window
DNB,14.L1.3060.A36918,068,Vô hiệu hóa,2025-05-01,2025-05-01,2025-05-01,13,permanently_inactive_outside_recent_window
MT-TNG,14.L1.3060.A36918,071,Vô hiệu hóa,2024-04-01,2024-06-01,2024-06-01,24,permanently_inactive_outside_recent_window
TNB,14.L1.3060.A36918,073,Vô hiệu hóa,2024-01-01,2024-07-01,2024-07-01,23,permanently_inactive_outside_recent_window
DNB,14.L1.3060.A36918,081,Vô hiệu hóa,2024-04-01,2024-05-01,2024-05-01,25,permanently_inactive_outside_recent_window
Chưa xác định,14.L1.3060.A36918,222,Vô hiệu hóa,2024-03-01,2024-06-01,2024-06-01,24,permanently_inactive_outside_recent_window
DNB,14.L1.3060.A36921,008,Vô hiệu hóa,2024-01-01,2024-01-01,2024-01-01,29,permanently_inactive_outside_recent_window
DNB,14.L1.3060.A36921,010,Vô hiệu hóa,2024-01-01,2025-05-01,2025-05-01,13,permanently_inactive_outside_recent_window
TNB,14.L1.3060.A36921,011,Vô hiệu hóa,2024-01-01,2024-01-01,2024-01-01,29,permanently_inactive_outside_recent_window
MT-TNG,14.L1.3060.A36921,014,Vô hiệu hóa,2024-02-01,2024-02-01,2024-02-01,28,permanently_inactive_outside_recent_window
TNB,14.L1.3060.A36921,015,Vô hiệu hóa,2024-01-01,2025-03-01,2025-03-01,15,permanently_inactive_outside_recent_window
TNB,14.L1.3060.A36921,018,Vô hiệu hóa,2024-04-01,2024-10-01,2024-10-01,20,permanently_inactive_outside_recent_window
MT-TNG,14.L1.3060.A36921,079,Vô hiệu hóa,2024-07-01,2025-04-01,2025-04-01,14,permanently_inactive_outside_recent_window
DNB,14.L1.3060.US36AG901,002,Vô hiệu hóa,2024-04-01,2025-04-01,2025-04-01,14,permanently_inactive_outside_recent_window
MT-TNG,14.L1.3060.US36AG901,012,Vô hiệu hóa,2024-01-01,2025-02-01,2025-02-01,16,permanently_inactive_outside_recent_window
MT-TNG,14.L1.3060.US36AG901,014,Vô hiệu hóa,2024-05-01,2025-03-01,2025-03-01,15,permanently_inactive_outside_recent_window
TNB,14.L1.3060.US36AG901,016,Vô hiệu hóa,2024-05-01,2025-01-01,2025-01-01,17,permanently_inactive_outside_recent_window
DNB,14.L1.3060.US36AG901,019,Vô hiệu hóa,2024-04-01,2024-11-01,2024-11-01,19,permanently_inactive_outside_recent_window
TNB,14.L1.3060.US36AG901,024,Vô hiệu hóa,2024-04-01,2024-09-01,2024-09-01,21,permanently_inactive_outside_recent_window
DNB,14.L1.3060.US36AG901D,002,Vô hiệu hóa,2024-04-01,2024-11-01,2024-11-01,19,permanently_inactive_outside_recent_window
DNB,14.L1.3060.US36AG901D,008,Vô hiệu hóa,2024-01-01,2024-12-01,2024-12-01,18,permanently_inactive_outside_recent_window
MT-TNG,14.L1.3060.US36AG901D,012,Vô hiệu hóa,2024-09-01,2024-09-01,2024-09-01,21,permanently_inactive_outside_recent_window
TNB,14.L1.3060.US36AG901D,016,Vô hiệu hóa,2024-06-01,2024-12-01,2024-12-01,18,permanently_inactive_outside_recent_window
DNB,14.L1.3060.US36AG901D,019,Vô hiệu hóa,2024-04-01,2024-05-01,2024-05-01,25,permanently_inactive_outside_recent_window
MT-TNG,14.L1.3060.US36AG901D,023,Vô hiệu hóa,2024-01-01,2025-03-01,2025-03-01,15,permanently_inactive_outside_recent_window
MT-TNG,14.L1.3060.US36AW801,001,Vô hiệu hóa,2024-01-01,2024-01-01,2024-01-01,29,permanently_inactive_outside_recent_window
DNB,14.L1.3060.US36AW801,008,Vô hiệu hóa,2024-01-01,2024-12-01,2024-12-01,18,permanently_inactive_outside_recent_window
MT-TNG,14.L1.3060.US36AW801,012,Vô hiệu hóa,2024-04-01,2024-09-01,2024-09-01,21,permanently_inactive_outside_recent_window
DNB,14.L1.3060.US36AW801,013,Vô hiệu hóa,2024-07-01,2024-12-01,2024-12-01,18,permanently_inactive_outside_recent_window
TNB,14.L1.3060.US36AW801,016,Vô hiệu hóa,2024-01-01,2024-12-01,2024-12-01,18,permanently_inactive_outside_recent_window
DNB,14.L1.3060.US36AW801,019,Vô hiệu hóa,2024-04-01,2024-11-01,2024-11-01,19,permanently_inactive_outside_recent_window
TNB,14.L1.3060.US36AW801,024,Vô hiệu hóa,2024-07-01,2025-01-01,2025-01-01,17,permanently_inactive_outside_recent_window
DNB,14.L1.3060.US36CB806,002,Vô hiệu hóa,2025-02-01,2025-05-01,2025-05-01,13,permanently_inactive_outside_recent_window
DNB,14.L1.3060.US36CB806,008,Vô hiệu hóa,2024-01-01,2024-12-01,2024-12-01,18,permanently_inactive_outside_recent_window
MT-TNG,14.L1.3060.US36CB806,012,Vô hiệu hóa,2024-05-01,2024-05-01,2024-05-01,25,permanently_inactive_outside_recent_window
MT-TNG,14.L1.3060.US36CB806,014,Vô hiệu hóa,2024-08-01,2024-08-01,2024-08-01,22,permanently_inactive_outside_recent_window
TNB,14.L1.3060.US36CB806,016,Vô hiệu hóa,2024-07-01,2024-08-01,2024-08-01,22,permanently_inactive_outside_recent_window
DNB,14.L1.3060.US36CB806,019,Vô hiệu hóa,2024-04-01,2025-04-01,2025-04-01,14,permanently_inactive_outside_recent_window
MT-TNG,14.L1.3060.US36CB806,023,Vô hiệu hóa,2024-01-01,2024-01-01,2024-01-01,29,permanently_inactive_outside_recent_window
TNB,14.L1.3060.US36CB806,024,Vô hiệu hóa,2024-04-01,2025-04-01,2025-04-01,14,permanently_inactive_outside_recent_window
TNB,14.L1.3060.US36CB902,063,Vô hiệu hóa,2024-04-01,2024-04-01,2024-04-01,26,permanently_inactive_outside_recent_window
MT-TNG,14.L1.3060.US36CB902,072,Vô hiệu hóa,2024-04-01,2024-06-01,2024-06-01,24,permanently_inactive_outside_recent_window
DNB,14.L1.3060.US36CB902,081,Vô hiệu hóa,2024-04-01,2024-06-01,2024-06-01,24,permanently_inactive_outside_recent_window
Chưa xác định,14.L1.3060.US36CB902,222,Vô hiệu hóa,2024-03-01,2024-11-01,2024-11-01,19,permanently_inactive_outside_recent_window
DNB,14.L1.3060.US36CB902D,081,Vô hiệu hóa,2024-04-01,2024-04-01,2024-04-01,26,permanently_inactive_outside_recent_window
MT-TNG,14.L1.3060.US36CG802,072,Vô hiệu hóa,2024-04-01,2024-09-01,2024-09-01,21,permanently_inactive_outside_recent_window
MT-TNG,14.L1.3060.US36CG802,079,Vô hiệu hóa,2024-02-01,2024-08-01,2024-08-01,22,permanently_inactive_outside_recent_window
DNB,14.L1.3060.US36CG802,081,Vô hiệu hóa,2024-01-01,2024-09-01,2024-09-01,21,permanently_inactive_outside_recent_window
Chưa xác định,14.L1.3060.US36CG802,222,Vô hiệu hóa,2024-11-01,2024-11-01,2024-11-01,19,permanently_inactive_outside_recent_window
TNB,14.L1.3060.US36CG804,065,Vô hiệu hóa,2024-07-01,2024-09-01,2024-09-01,21,permanently_inactive_outside_recent_window
TNB,14.L1.3060.US36CG804,069,Vô hiệu hóa,2024-04-01,2024-08-01,2024-08-01,22,permanently_inactive_outside_recent_window
DNB,14.L1.3060.US36CG804,081,Vô hiệu hóa,2024-07-01,2024-11-01,2024-11-01,19,permanently_inactive_outside_recent_window
Chưa xác định,14.L1.3060.US36CG804,222,Vô hiệu hóa,2024-01-01,2024-06-01,2024-06-01,24,permanently_inactive_outside_recent_window
MT-TNG,14.L1.3060.US36CN906,001,Vô hiệu hóa,2024-03-01,2024-03-01,2024-03-01,27,permanently_inactive_outside_recent_window
DNB,14.L1.3060.US36CN906,002,Vô hiệu hóa,2024-12-01,2025-01-01,2025-01-01,17,permanently_inactive_outside_recent_window
DNB,14.L1.3060.US36CN906,008,Vô hiệu hóa,2024-01-01,2025-03-01,2025-03-01,15,permanently_inactive_outside_recent_window
DNB,14.L1.3060.US36CN906,010,Vô hiệu hóa,2024-01-01,2024-01-01,2024-01-01,29,permanently_inactive_outside_recent_window
MT-TNG,14.L1.3060.US36CN906,012,Vô hiệu hóa,2024-04-01,2024-05-01,2024-05-01,25,permanently_inactive_outside_recent_window
DNB,14.L1.3060.US36CN906,013,Vô hiệu hóa,2024-01-01,2025-02-01,2025-02-01,16,permanently_inactive_outside_recent_window
MT-TNG,14.L1.3060.US36CN906,014,Vô hiệu hóa,2024-05-01,2024-07-01,2024-07-01,23,permanently_inactive_outside_recent_window
TNB,14.L1.3060.US36CN906,016,Vô hiệu hóa,2024-06-01,2024-06-01,2024-06-01,24,permanently_inactive_outside_recent_window
MT-TNG,14.L1.3060.US36CN906,023,Vô hiệu hóa,2024-01-01,2024-04-01,2024-04-01,26,permanently_inactive_outside_recent_window
TNB,14.L1.3060.US36CN906,024,Vô hiệu hóa,2025-04-01,2025-04-01,2025-04-01,14,permanently_inactive_outside_recent_window
DNB,14.L1.3060.US36CN906D,008,Vô hiệu hóa,2024-01-01,2024-12-01,2024-12-01,18,permanently_inactive_outside_recent_window
DNB,14.L1.3060.US36CN906D,010,Vô hiệu hóa,2024-01-01,2024-01-01,2024-01-01,29,permanently_inactive_outside_recent_window
MT-TNG,14.L1.3060.US36CN906D,012,Vô hiệu hóa,2024-05-01,2024-05-01,2024-05-01,25,permanently_inactive_outside_recent_window
DNB,14.L1.3060.US36CN906D,013,Vô hiệu hóa,2024-03-01,2024-09-01,2024-09-01,21,permanently_inactive_outside_recent_window
DNB,14.L1.3060.US36CN906D,019,Vô hiệu hóa,2024-04-01,2024-06-01,2024-06-01,24,permanently_inactive_outside_recent_window
MT-TNG,14.L1.3060.US36CN906D,023,Vô hiệu hóa,2024-01-01,2024-01-01,2024-01-01,29,permanently_inactive_outside_recent_window
TNB,14.L1.3060.US36CN906D,024,Vô hiệu hóa,2025-04-01,2025-04-01,2025-04-01,14,permanently_inactive_outside_recent_window
DNB,14.L1.3060.US36CW807,010,Vô hiệu hóa,2024-01-01,2025-03-01,2025-03-01,15,permanently_inactive_outside_recent_window
MT-TNG,14.L1.3060.US36CW807,012,Vô hiệu hóa,2024-05-01,2025-04-01,2025-04-01,14,permanently_inactive_outside_recent_window
DNB,14.L1.3060.US36CW807,013,Vô hiệu hóa,2024-05-01,2025-02-01,2025-02-01,16,permanently_inactive_outside_recent_window
TNB,14.L1.3060.US36CW807,017,Vô hiệu hóa,2024-04-01,2024-09-01,2024-09-01,21,permanently_inactive_outside_recent_window
MT-TNG,14.L1.3060.US36LB907,012,Vô hiệu hóa,2025-04-01,2025-04-01,2025-04-01,14,permanently_inactive_outside_recent_window
DNB,14.L1.3060.US36LB907D,002,Vô hiệu hóa,2024-06-01,2024-08-01,2024-08-01,22,permanently_inactive_outside_recent_window
DNB,14.L1.3060.US36LB907D,008,Vô hiệu hóa,2024-02-01,2025-05-01,2025-05-01,13,permanently_inactive_outside_recent_window
DNB,14.L1.3060.US36LB907D,010,Vô hiệu hóa,2024-01-01,2024-11-01,2024-11-01,19,permanently_inactive_outside_recent_window
TNB,14.L1.3060.US36LB907D,015,Vô hiệu hóa,2024-04-01,2024-12-01,2024-12-01,18,permanently_inactive_outside_recent_window
TNB,14.L1.3060.US36LB907D,016,Vô hiệu hóa,2024-01-01,2024-03-01,2024-03-01,27,permanently_inactive_outside_recent_window
TNB,14.L1.3060.US36LB907D,017,Vô hiệu hóa,2024-04-01,2024-07-01,2024-07-01,23,permanently_inactive_outside_recent_window
DNB,14.L1.3060.US36LG904,019,Vô hiệu hóa,2024-03-01,2025-02-01,2025-02-01,16,permanently_inactive_outside_recent_window
TNB,14.L1.3060.US36LG904,069,Vô hiệu hóa,2024-01-01,2024-08-01,2024-08-01,22,permanently_inactive_outside_recent_window
DNB,14.L1.3060.US36LG904,076,Vô hiệu hóa,2024-01-01,2025-04-01,2025-04-01,14,permanently_inactive_outside_recent_window
MT-TNG,14.L1.3060.US36LG904,079,Vô hiệu hóa,2024-07-01,2024-08-01,2024-08-01,22,permanently_inactive_outside_recent_window
DNB,14.L1.3060.US36LG904,081,Vô hiệu hóa,2024-05-01,2025-02-01,2025-02-01,16,permanently_inactive_outside_recent_window
Chưa xác định,14.L1.3060.US36LG904,222,Vô hiệu hóa,2024-01-01,2025-01-01,2025-01-01,17,permanently_inactive_outside_recent_window
TNB,14.L1.3060.US36LG904D,069,Vô hiệu hóa,2024-06-01,2024-06-01,2024-06-01,24,permanently_inactive_outside_recent_window
MT-TNG,14.L1.3060.US36LG904D,072,Vô hiệu hóa,2024-09-01,2024-09-01,2024-09-01,21,permanently_inactive_outside_recent_window
DNB,14.L1.3060.US36LG904D,076,Vô hiệu hóa,2024-03-01,2024-07-01,2024-07-01,23,permanently_inactive_outside_recent_window
Chưa xác định,14.L1.4080.48800,000,Vô hiệu hóa,2024-03-01,2024-10-01,2024-10-01,20,permanently_inactive_outside_recent_window
DNB,14.L1.4080.48800,008,Vô hiệu hóa,2024-06-01,2024-06-01,2024-06-01,24,permanently_inactive_outside_recent_window
TNB,14.L1.4080.48800,011,Vô hiệu hóa,2024-01-01,2024-01-01,2024-01-01,29,permanently_inactive_outside_recent_window
TNB,14.L1.4080.48800,015,Vô hiệu hóa,2024-01-01,2025-05-01,2025-05-01,13,permanently_inactive_outside_recent_window
TNB,14.L1.4080.48800,016,Vô hiệu hóa,2024-06-01,2024-06-01,2024-06-01,24,permanently_inactive_outside_recent_window
DNB,14.L1.4080.48800,019,Vô hiệu hóa,2025-02-01,2025-03-01,2025-03-01,15,permanently_inactive_outside_recent_window
TNB,14.L1.4080.48800,050,Vô hiệu hóa,2024-01-01,2024-11-01,2024-11-01,19,permanently_inactive_outside_recent_window
TNB,14.L1.4080.48800,063,Vô hiệu hóa,2024-03-01,2025-05-01,2025-05-01,13,permanently_inactive_outside_recent_window
MT-TNG,14.L1.4080.48800,064,Vô hiệu hóa,2024-05-01,2024-05-01,2024-05-01,25,permanently_inactive_outside_recent_window
TNB,14.L1.4080.48800,065,Vô hiệu hóa,2024-07-01,2024-09-01,2024-09-01,21,permanently_inactive_outside_recent_window
TNB,14.L1.4080.48800,073,Vô hiệu hóa,2024-02-01,2024-04-01,2024-04-01,26,permanently_inactive_outside_recent_window
DNB,14.L1.4080.48800,076,Vô hiệu hóa,2024-03-01,2024-03-01,2024-03-01,27,permanently_inactive_outside_recent_window
DNB,14.L1.4080.48800,081,Vô hiệu hóa,2024-09-01,2024-10-01,2024-10-01,20,permanently_inactive_outside_recent_window
TNB,14.L1.4080.48803,050,Vô hiệu hóa,2024-01-01,2024-05-01,2024-05-01,25,permanently_inactive_outside_recent_window
DNB,14.L1.4080.48803,061,Vô hiệu hóa,2024-01-01,2024-04-01,2024-04-01,26,permanently_inactive_outside_recent_window
MT-TNG,14.L1.4080.48803,071,Vô hiệu hóa,2024-05-01,2024-10-01,2024-10-01,20,permanently_inactive_outside_recent_window
MT-TNG,14.L1.4080.48803,072,Vô hiệu hóa,2024-06-01,2024-09-01,2024-09-01,21,permanently_inactive_outside_recent_window
TNB,14.L1.4080.48805,011,Vô hiệu hóa,2024-01-01,2024-06-01,2024-06-01,24,permanently_inactive_outside_recent_window
MT-TNG,14.L1.4080.48805,014,Vô hiệu hóa,2025-04-01,2025-04-01,2025-04-01,14,permanently_inactive_outside_recent_window
TNB,14.L1.4080.48805,016,Vô hiệu hóa,2024-04-01,2024-04-01,2024-04-01,26,permanently_inactive_outside_recent_window
TNB,14.L1.4080.48805,017,Vô hiệu hóa,2024-01-01,2024-01-01,2024-01-01,29,permanently_inactive_outside_recent_window
TNB,14.L1.4080.48805,018,Vô hiệu hóa,2024-03-01,2024-03-01,2024-03-01,27,permanently_inactive_outside_recent_window
MT-TNG,14.L1.4080.48805,049,Vô hiệu hóa,2024-05-01,2024-05-01,2024-05-01,25,permanently_inactive_outside_recent_window
MT-TNG,14.L1.4080.48805,059,Vô hiệu hóa,2024-06-01,2024-06-01,2024-06-01,24,permanently_inactive_outside_recent_window
MT-TNG,14.L1.4080.48805,070,Vô hiệu hóa,2024-01-01,2024-01-01,2024-01-01,29,permanently_inactive_outside_recent_window
Chưa xác định,14.L1.4080.48805,222,Vô hiệu hóa,2024-02-01,2024-02-01,2024-02-01,28,permanently_inactive_outside_recent_window
DNB,14.L1.4080.48807,008,Vô hiệu hóa,2024-01-01,2024-12-01,2024-12-01,18,permanently_inactive_outside_recent_window
DNB,14.L1.4080.48807,010,Vô hiệu hóa,2024-04-01,2024-07-01,2024-07-01,23,permanently_inactive_outside_recent_window
TNB,14.L1.4080.48807,015,Vô hiệu hóa,2024-06-01,2024-07-01,2024-07-01,23,permanently_inactive_outside_recent_window
TNB,14.L1.4080.48807,016,Vô hiệu hóa,2024-01-01,2024-05-01,2024-05-01,25,permanently_inactive_outside_recent_window
TNB,14.L1.4080.48807,017,Vô hiệu hóa,2024-01-01,2025-03-01,2025-03-01,15,permanently_inactive_outside_recent_window
TNB,14.L1.4080.48807,018,Vô hiệu hóa,2024-05-01,2024-12-01,2024-12-01,18,permanently_inactive_outside_recent_window
MT-TNG,14.L1.4080.48807,023,Vô hiệu hóa,2024-01-01,2024-10-01,2024-10-01,20,permanently_inactive_outside_recent_window
TNB,14.L1.4080.48807,024,Vô hiệu hóa,2024-01-01,2025-01-01,2025-01-01,17,permanently_inactive_outside_recent_window
MT-TNG,14.L1.4080.48807,049,Vô hiệu hóa,2024-04-01,2024-04-01,2024-04-01,26,permanently_inactive_outside_recent_window
MT-TNG,14.L1.4080.48807,059,Vô hiệu hóa,2024-08-01,2024-08-01,2024-08-01,22,permanently_inactive_outside_recent_window
MT-TNG,14.L1.4080.48807,067,Vô hiệu hóa,2024-01-01,2024-01-01,2024-01-01,29,permanently_inactive_outside_recent_window
Chưa xác định,14.L1.4080.48810,000,Vô hiệu hóa,2024-08-01,2024-08-01,2024-08-01,22,permanently_inactive_outside_recent_window
DNB,14.L1.4080.48810,019,Vô hiệu hóa,2024-04-01,2024-12-01,2024-12-01,18,permanently_inactive_outside_recent_window
TNB,14.L1.4080.48810,063,Vô hiệu hóa,2024-06-01,2025-05-01,2025-05-01,13,permanently_inactive_outside_recent_window
TNB,14.L1.4080.48810,065,Vô hiệu hóa,2024-03-01,2025-02-01,2025-02-01,16,permanently_inactive_outside_recent_window
MT-TNG,14.L1.4080.48810,071,Vô hiệu hóa,2024-10-01,2024-10-01,2024-10-01,20,permanently_inactive_outside_recent_window
DNB,14.L1.4080.48810,076,Vô hiệu hóa,2024-01-01,2024-01-01,2024-01-01,29,permanently_inactive_outside_recent_window
DNB,14.L1.4080.48810,081,Vô hiệu hóa,2024-08-01,2024-11-01,2024-11-01,19,permanently_inactive_outside_recent_window
MT-TNG,14.L1.4080.48811,064,Vô hiệu hóa,2024-11-01,2024-11-01,2024-11-01,19,permanently_inactive_outside_recent_window
MT-TNG,14.L1.4080.48811,071,Vô hiệu hóa,2024-08-01,2024-10-01,2024-10-01,20,permanently_inactive_outside_recent_window
TNB,14.L1.4080.48811,073,Vô hiệu hóa,2024-11-01,2024-11-01,2024-11-01,19,permanently_inactive_outside_recent_window
DNB,14.L1.4080.48811,081,Vô hiệu hóa,2024-01-01,2025-04-01,2025-04-01,14,permanently_inactive_outside_recent_window
Chưa xác định,14.L1.4080.48811,222,Vô hiệu hóa,2024-11-01,2024-11-01,2024-11-01,19,permanently_inactive_outside_recent_window
MT-TNG,14.L1.4080.48812,023,Vô hiệu hóa,2024-07-01,2025-04-01,2025-04-01,14,permanently_inactive_outside_recent_window
MT-TNG,14.L1.4080.48812,059,Vô hiệu hóa,2024-10-01,2025-01-01,2025-01-01,17,permanently_inactive_outside_recent_window
MT-TNG,14.L1.4080.48812,071,Vô hiệu hóa,2025-05-01,2025-05-01,2025-05-01,13,permanently_inactive_outside_recent_window
Chưa xác định,14.L1.4080.48821,000,Vô hiệu hóa,2024-05-01,2024-10-01,2024-10-01,20,permanently_inactive_outside_recent_window
TNB,14.L1.4080.48821,016,Vô hiệu hóa,2024-05-01,2024-10-01,2024-10-01,20,permanently_inactive_outside_recent_window
TNB,14.L1.4080.48821,050,Vô hiệu hóa,2024-01-01,2024-07-01,2024-07-01,23,permanently_inactive_outside_recent_window
DNB,14.L1.4080.48821,060,Vô hiệu hóa,2024-06-01,2024-06-01,2024-06-01,24,permanently_inactive_outside_recent_window
DNB,14.L1.4080.48821,061,Vô hiệu hóa,2024-10-01,2024-10-01,2024-10-01,20,permanently_inactive_outside_recent_window
TNB,14.L1.4080.48821,063,Vô hiệu hóa,2024-08-01,2024-08-01,2024-08-01,22,permanently_inactive_outside_recent_window
MT-TNG,14.L1.4080.48821,064,Vô hiệu hóa,2024-05-01,2024-09-01,2024-09-01,21,permanently_inactive_outside_recent_window
TNB,14.L1.4080.48821,069,Vô hiệu hóa,2024-07-01,2024-07-01,2024-07-01,23,permanently_inactive_outside_recent_window
MT-TNG,14.L1.4080.48821,072,Vô hiệu hóa,2024-07-01,2025-05-01,2025-05-01,13,permanently_inactive_outside_recent_window
DNB,14.L1.4080.48821,081,Vô hiệu hóa,2024-03-01,2024-08-01,2024-08-01,22,permanently_inactive_outside_recent_window
Chưa xác định,14.L1.4080.48821,222,Vô hiệu hóa,2024-03-01,2024-08-01,2024-08-01,22,permanently_inactive_outside_recent_window
Chưa xác định,14.L1.4080.48822,000,Vô hiệu hóa,2024-01-01,2024-07-01,2024-07-01,23,permanently_inactive_outside_recent_window
DNB,14.L1.4080.48822,019,Vô hiệu hóa,2024-01-01,2025-01-01,2025-01-01,17,permanently_inactive_outside_recent_window
TNB,14.L1.4080.48822,024,Vô hiệu hóa,2024-10-01,2024-12-01,2024-12-01,18,permanently_inactive_outside_recent_window
MT-TNG,14.L1.4080.48822,049,Vô hiệu hóa,2024-07-01,2025-05-01,2025-05-01,13,permanently_inactive_outside_recent_window
TNB,14.L1.4080.48822,050,Vô hiệu hóa,2024-01-01,2024-09-01,2024-09-01,21,permanently_inactive_outside_recent_window
TNB,14.L1.4080.48822,065,Vô hiệu hóa,2024-07-01,2024-07-01,2024-07-01,23,permanently_inactive_outside_recent_window
TNB,14.L1.4080.48822,069,Vô hiệu hóa,2024-06-01,2024-08-01,2024-08-01,22,permanently_inactive_outside_recent_window
MT-TNG,14.L1.4080.48822,072,Vô hiệu hóa,2024-04-01,2024-08-01,2024-08-01,22,permanently_inactive_outside_recent_window
DNB,14.L1.4080.48822,076,Vô hiệu hóa,2024-01-01,2024-01-01,2024-01-01,29,permanently_inactive_outside_recent_window
DNB,14.L1.4080.48822,081,Vô hiệu hóa,2024-06-01,2024-07-01,2024-07-01,23,permanently_inactive_outside_recent_window
Chưa xác định,14.L1.4080.48822,222,Vô hiệu hóa,2024-07-01,2024-07-01,2024-07-01,23,permanently_inactive_outside_recent_window
DNB,14.L1.4080.48868,002,Vô hiệu hóa,2024-05-01,2024-07-01,2024-07-01,23,permanently_inactive_outside_recent_window
TNB,14.L1.4080.48868,011,Vô hiệu hóa,2024-01-01,2024-05-01,2024-05-01,25,permanently_inactive_outside_recent_window
MT-TNG,14.L1.4080.48868,012,Vô hiệu hóa,2024-05-01,2024-08-01,2024-08-01,22,permanently_inactive_outside_recent_window
DNB,14.L1.4080.48868,013,Vô hiệu hóa,2024-05-01,2025-04-01,2025-04-01,14,permanently_inactive_outside_recent_window
MT-TNG,14.L1.4080.48868,014,Vô hiệu hóa,2024-01-01,2024-06-01,2024-06-01,24,permanently_inactive_outside_recent_window
TNB,14.L1.4080.48868,016,Vô hiệu hóa,2024-03-01,2024-12-01,2024-12-01,18,permanently_inactive_outside_recent_window
TNB,14.L1.4080.48868,018,Vô hiệu hóa,2024-01-01,2025-05-01,2025-05-01,13,permanently_inactive_outside_recent_window
MT-TNG,14.L1.4080.48868,023,Vô hiệu hóa,2024-07-01,2024-10-01,2024-10-01,20,permanently_inactive_outside_recent_window
TNB,14.L1.4080.48868,024,Vô hiệu hóa,2024-02-01,2025-04-01,2025-04-01,14,permanently_inactive_outside_recent_window
MT-TNG,14.L1.4080.48868,049,Vô hiệu hóa,2024-06-01,2024-07-01,2024-07-01,23,permanently_inactive_outside_recent_window
TNB,14.L1.4080.48903,050,Vô hiệu hóa,2024-01-01,2024-08-01,2024-08-01,22,permanently_inactive_outside_recent_window
MT-TNG,14.L1.4080.48903,059,Vô hiệu hóa,2024-05-01,2024-12-01,2024-12-01,18,permanently_inactive_outside_recent_window
TNB,14.L1.4080.48903,063,Vô hiệu hóa,2024-08-01,2024-08-01,2024-08-01,22,permanently_inactive_outside_recent_window
MT-TNG,14.L1.4080.48903,071,Vô hiệu hóa,2024-10-01,2024-10-01,2024-10-01,20,permanently_inactive_outside_recent_window
DNB,14.L1.4080.48903,081,Vô hiệu hóa,2024-12-01,2024-12-01,2024-12-01,18,permanently_inactive_outside_recent_window
TNB,14.L1.4080.48903DU,050,Vô hiệu hóa,2024-01-01,2024-05-01,2024-05-01,25,permanently_inactive_outside_recent_window
MT-TNG,14.L1.4080.48903DU,072,Vô hiệu hóa,2024-06-01,2024-09-01,2024-09-01,21,permanently_inactive_outside_recent_window
MT-TNG,14.L1.4080.48905,001,Vô hiệu hóa,2024-11-01,2024-11-01,2024-11-01,19,permanently_inactive_outside_recent_window
DNB,14.L1.4080.48905,010,Vô hiệu hóa,2024-01-01,2024-01-01,2024-01-01,29,permanently_inactive_outside_recent_window
MT-TNG,14.L1.4080.48905,049,Vô hiệu hóa,2024-11-01,2025-05-01,2025-05-01,13,permanently_inactive_outside_recent_window
MT-TNG,14.L1.4080.48905,059,Vô hiệu hóa,2024-03-01,2024-03-01,2024-03-01,27,permanently_inactive_outside_recent_window
MT-TNG,14.L1.4080.48905,070,Vô hiệu hóa,2024-01-01,2024-01-01,2024-01-01,29,permanently_inactive_outside_recent_window
MT-TNG,14.L1.4080.48905,079,Vô hiệu hóa,2024-03-01,2024-03-01,2024-03-01,27,permanently_inactive_outside_recent_window
MT-TNG,14.L1.4080.48905,099,Vô hiệu hóa,2024-03-01,2024-03-01,2024-03-01,27,permanently_inactive_outside_recent_window
Chưa xác định,14.L1.4080.48905,222,Vô hiệu hóa,2024-12-01,2024-12-01,2024-12-01,18,permanently_inactive_outside_recent_window
TNB,14.L1.4080.48905D,011,Vô hiệu hóa,2024-01-01,2024-01-01,2024-01-01,29,permanently_inactive_outside_recent_window
MT-TNG,14.L1.4080.48905D,049,Vô hiệu hóa,2024-09-01,2024-09-01,2024-09-01,21,permanently_inactive_outside_recent_window
MT-TNG,14.L1.4080.48905D,059,Vô hiệu hóa,2024-03-01,2024-03-01,2024-03-01,27,permanently_inactive_outside_recent_window
MT-TNG,14.L1.4080.48907,001,Vô hiệu hóa,2024-03-01,2024-07-01,2024-07-01,23,permanently_inactive_outside_recent_window
DNB,14.L1.4080.48907,002,Vô hiệu hóa,2024-09-01,2024-11-01,2024-11-01,19,permanently_inactive_outside_recent_window
DNB,14.L1.4080.48907,010,Vô hiệu hóa,2024-01-01,2025-05-01,2025-05-01,13,permanently_inactive_outside_recent_window
TNB,14.L1.4080.48907,011,Vô hiệu hóa,2024-01-01,2024-05-01,2024-05-01,25,permanently_inactive_outside_recent_window
TNB,14.L1.4080.48907,016,Vô hiệu hóa,2024-01-01,2025-05-01,2025-05-01,13,permanently_inactive_outside_recent_window
TNB,14.L1.4080.48907,018,Vô hiệu hóa,2024-05-01,2025-04-01,2025-04-01,14,permanently_inactive_outside_recent_window
MT-TNG,14.L1.4080.48907,023,Vô hiệu hóa,2024-05-01,2024-10-01,2024-10-01,20,permanently_inactive_outside_recent_window
MT-TNG,14.L1.4080.48907,059,Vô hiệu hóa,2024-07-01,2024-08-01,2024-08-01,22,permanently_inactive_outside_recent_window
MT-TNG,14.L1.4080.48907,067,Vô hiệu hóa,2024-01-01,2024-01-01,2024-01-01,29,permanently_inactive_outside_recent_window
MT-TNG,14.L1.4080.48907,099,Vô hiệu hóa,2024-09-01,2025-01-01,2025-01-01,17,permanently_inactive_outside_recent_window
DNB,14.L1.4080.48907D,010,Vô hiệu hóa,2024-08-01,2024-08-01,2024-08-01,22,permanently_inactive_outside_recent_window
TNB,14.L1.4080.48907D,016,Vô hiệu hóa,2024-01-01,2024-04-01,2024-04-01,26,permanently_inactive_outside_recent_window
TNB,14.L1.4080.48907D,018,Vô hiệu hóa,2024-05-01,2025-04-01,2025-04-01,14,permanently_inactive_outside_recent_window
MT-TNG,14.L1.4080.48907D,023,Vô hiệu hóa,2024-05-01,2024-10-01,2024-10-01,20,permanently_inactive_outside_recent_window
MT-TNG,14.L1.4080.48907D,099,Vô hiệu hóa,2024-12-01,2024-12-01,2024-12-01,18,permanently_inactive_outside_recent_window
DNB,14.L1.4080.48910,019,Vô hiệu hóa,2024-04-01,2024-05-01,2024-05-01,25,permanently_inactive_outside_recent_window
TNB,14.L1.4080.48910,050,Vô hiệu hóa,2024-01-01,2024-09-01,2024-09-01,21,permanently_inactive_outside_recent_window
MT-TNG,14.L1.4080.48910,059,Vô hiệu hóa,2024-12-01,2024-12-01,2024-12-01,18,permanently_inactive_outside_recent_window
TNB,14.L1.4080.48910,063,Vô hiệu hóa,2024-06-01,2025-05-01,2025-05-01,13,permanently_inactive_outside_recent_window
TNB,14.L1.4080.48910,065,Vô hiệu hóa,2024-03-01,2024-10-01,2024-10-01,20,permanently_inactive_outside_recent_window
DNB,14.L1.4080.48910,076,Vô hiệu hóa,2024-01-01,2024-01-01,2024-01-01,29,permanently_inactive_outside_recent_window
MT-TNG,14.L1.4080.48910,079,Vô hiệu hóa,2024-05-01,2024-09-01,2024-09-01,21,permanently_inactive_outside_recent_window
DNB,14.L1.4080.48910,081,Vô hiệu hóa,2024-08-01,2024-09-01,2024-09-01,21,permanently_inactive_outside_recent_window
TNB,14.L1.4080.48910,098,Vô hiệu hóa,2024-08-01,2024-08-01,2024-08-01,22,permanently_inactive_outside_recent_window
Chưa xác định,14.L1.4080.48910,222,Vô hiệu hóa,2024-11-01,2024-11-01,2024-11-01,19,permanently_inactive_outside_recent_window
DNB,14.L1.4080.48910D,019,Vô hiệu hóa,2025-02-01,2025-02-01,2025-02-01,16,permanently_inactive_outside_recent_window
TNB,14.L1.4080.48910D,063,Vô hiệu hóa,2024-08-01,2025-05-01,2025-05-01,13,permanently_inactive_outside_recent_window
TNB,14.L1.4080.48910D,065,Vô hiệu hóa,2024-03-01,2024-08-01,2024-08-01,22,permanently_inactive_outside_recent_window
DNB,14.L1.4080.48910D,076,Vô hiệu hóa,2024-01-01,2024-01-01,2024-01-01,29,permanently_inactive_outside_recent_window
MT-TNG,14.L1.4080.48912,023,Vô hiệu hóa,2024-01-01,2024-09-01,2024-09-01,21,permanently_inactive_outside_recent_window
MT-TNG,14.L1.4080.48912,059,Vô hiệu hóa,2024-10-01,2024-10-01,2024-10-01,20,permanently_inactive_outside_recent_window
MT-TNG,14.L1.4080.48912,071,Vô hiệu hóa,2025-05-01,2025-05-01,2025-05-01,13,permanently_inactive_outside_recent_window
MT-TNG,14.L1.4080.48912D,023,Vô hiệu hóa,2025-04-01,2025-04-01,2025-04-01,14,permanently_inactive_outside_recent_window
MT-TNG,14.L1.4080.48912D,071,Vô hiệu hóa,2025-05-01,2025-05-01,2025-05-01,13,permanently_inactive_outside_recent_window
TNB,14.L1.4080.48921,016,Vô hiệu hóa,2024-05-01,2024-10-01,2024-10-01,20,permanently_inactive_outside_recent_window
TNB,14.L1.4080.48921,050,Vô hiệu hóa,2024-01-01,2024-05-01,2024-05-01,25,permanently_inactive_outside_recent_window
TNB,14.L1.4080.48921,063,Vô hiệu hóa,2024-08-01,2024-08-01,2024-08-01,22,permanently_inactive_outside_recent_window
TNB,14.L1.4080.48921,069,Vô hiệu hóa,2024-04-01,2024-10-01,2024-10-01,20,permanently_inactive_outside_recent_window
MT-TNG,14.L1.4080.48921,072,Vô hiệu hóa,2024-08-01,2025-05-01,2025-05-01,13,permanently_inactive_outside_recent_window
DNB,14.L1.4080.48921,081,Vô hiệu hóa,2024-07-01,2024-11-01,2024-11-01,19,permanently_inactive_outside_recent_window
Chưa xác định,14.L1.4080.48921,222,Vô hiệu hóa,2024-03-01,2024-03-01,2024-03-01,27,permanently_inactive_outside_recent_window
TNB,14.L1.4080.48921D,063,Vô hiệu hóa,2024-08-01,2024-08-01,2024-08-01,22,permanently_inactive_outside_recent_window
MT-TNG,14.L1.4080.48921D,072,Vô hiệu hóa,2024-08-01,2025-05-01,2025-05-01,13,permanently_inactive_outside_recent_window
DNB,14.L1.4080.48921D,081,Vô hiệu hóa,2024-07-01,2024-07-01,2024-07-01,23,permanently_inactive_outside_recent_window
Chưa xác định,14.L1.4080.48921D,222,Vô hiệu hóa,2024-03-01,2024-03-01,2024-03-01,27,permanently_inactive_outside_recent_window
Chưa xác định,14.L1.4080.48922,000,Vô hiệu hóa,2024-06-01,2024-08-01,2024-08-01,22,permanently_inactive_outside_recent_window
TNB,14.L1.4080.48922,024,Vô hiệu hóa,2024-10-01,2024-11-01,2024-11-01,19,permanently_inactive_outside_recent_window
TNB,14.L1.4080.48922,050,Vô hiệu hóa,2024-03-01,2024-10-01,2024-10-01,20,permanently_inactive_outside_recent_window
DNB,14.L1.4080.48922,061,Vô hiệu hóa,2024-05-01,2024-05-01,2024-05-01,25,permanently_inactive_outside_recent_window
TNB,14.L1.4080.48922,063,Vô hiệu hóa,2024-02-01,2024-06-01,2024-06-01,24,permanently_inactive_outside_recent_window
TNB,14.L1.4080.48922,065,Vô hiệu hóa,2024-07-01,2024-07-01,2024-07-01,23,permanently_inactive_outside_recent_window
TNB,14.L1.4080.48922,069,Vô hiệu hóa,2024-05-01,2024-06-01,2024-06-01,24,permanently_inactive_outside_recent_window
DNB,14.L1.4080.48922,076,Vô hiệu hóa,2024-01-01,2024-04-01,2024-04-01,26,permanently_inactive_outside_recent_window
DNB,14.L1.4080.48922,081,Vô hiệu hóa,2024-06-01,2024-08-01,2024-08-01,22,permanently_inactive_outside_recent_window
Chưa xác định,14.L1.4080.48922,222,Vô hiệu hóa,2024-04-01,2024-07-01,2024-07-01,23,permanently_inactive_outside_recent_window
TNB,14.L1.4080.48922D,024,Vô hiệu hóa,2024-10-01,2024-11-01,2024-11-01,19,permanently_inactive_outside_recent_window
MT-TNG,14.L1.4080.48922D,049,Vô hiệu hóa,2024-01-01,2025-05-01,2025-05-01,13,permanently_inactive_outside_recent_window
TNB,14.L1.4080.48922D,050,Vô hiệu hóa,2024-09-01,2024-09-01,2024-09-01,21,permanently_inactive_outside_recent_window
TNB,14.L1.4080.48922D,065,Vô hiệu hóa,2024-07-01,2024-07-01,2024-07-01,23,permanently_inactive_outside_recent_window
TNB,14.L1.4080.48922D,069,Vô hiệu hóa,2024-08-01,2024-08-01,2024-08-01,22,permanently_inactive_outside_recent_window
MT-TNG,14.L1.4080.48922D,072,Vô hiệu hóa,2024-08-01,2024-08-01,2024-08-01,22,permanently_inactive_outside_recent_window
DNB,14.L1.4080.48922D,081,Vô hiệu hóa,2024-06-01,2024-06-01,2024-06-01,24,permanently_inactive_outside_recent_window
DNB,14.L1.4080.48968D,002,Vô hiệu hóa,2024-05-01,2024-05-01,2024-05-01,25,permanently_inactive_outside_recent_window
TNB,14.L1.4080.48968D,011,Vô hiệu hóa,2024-01-01,2024-05-01,2024-05-01,25,permanently_inactive_outside_recent_window
MT-TNG,14.L1.4080.48968D,012,Vô hiệu hóa,2024-05-01,2024-05-01,2024-05-01,25,permanently_inactive_outside_recent_window
MT-TNG,14.L1.4080.48968D,014,Vô hiệu hóa,2024-01-01,2024-01-01,2024-01-01,29,permanently_inactive_outside_recent_window
TNB,14.L1.4080.48968D,017,Vô hiệu hóa,2024-01-01,2025-05-01,2025-05-01,13,permanently_inactive_outside_recent_window
TNB,14.L1.4080.48968D,018,Vô hiệu hóa,2024-01-01,2024-11-01,2024-11-01,19,permanently_inactive_outside_recent_window
MT-TNG,14.L1.4080.48968D,023,Vô hiệu hóa,2024-09-01,2025-04-01,2025-04-01,14,permanently_inactive_outside_recent_window
TNB,14.L1.4080.48968D,024,Vô hiệu hóa,2024-04-01,2024-08-01,2024-08-01,22,permanently_inactive_outside_recent_window
MT-TNG,14.L1.4080.48968D,059,Vô hiệu hóa,2024-05-01,2024-05-01,2024-05-01,25,permanently_inactive_outside_recent_window
DNB,14.L1.4080.U4808,061,Vô hiệu hóa,2024-01-01,2024-12-01,2024-12-01,18,permanently_inactive_outside_recent_window
TNB,14.L1.4080.U4808,069,Vô hiệu hóa,2024-04-01,2024-11-01,2024-11-01,19,permanently_inactive_outside_recent_window
MT-TNG,14.L1.4080.U4808,071,Vô hiệu hóa,2024-01-01,2024-10-01,2024-10-01,20,permanently_inactive_outside_recent_window
TNB,14.L1.4080.U4808,073,Vô hiệu hóa,2024-04-01,2025-03-01,2025-03-01,15,permanently_inactive_outside_recent_window
MT-TNG,14.L1.4080.U4808,079,Vô hiệu hóa,2024-03-01,2024-11-01,2024-11-01,19,permanently_inactive_outside_recent_window
Chưa xác định,14.L1.4080.U4808,222,Vô hiệu hóa,2024-11-01,2024-12-01,2024-12-01,18,permanently_inactive_outside_recent_window
TNB,14.L1.4080.U4809,016,Vô hiệu hóa,2024-01-01,2024-11-01,2024-11-01,19,permanently_inactive_outside_recent_window
MT-TNG,14.L1.4080.U4809,059,Vô hiệu hóa,2024-06-01,2024-11-01,2024-11-01,19,permanently_inactive_outside_recent_window
DNB,14.L1.4080.U4809,061,Vô hiệu hóa,2024-03-01,2024-03-01,2024-03-01,27,permanently_inactive_outside_recent_window
MT-TNG,14.L1.4080.U4809,071,Vô hiệu hóa,2024-01-01,2024-12-01,2024-12-01,18,permanently_inactive_outside_recent_window
MT-TNG,14.L1.4080.U4809,079,Vô hiệu hóa,2024-03-01,2024-09-01,2024-09-01,21,permanently_inactive_outside_recent_window
DNB,14.L1.4080.U4809,081,Vô hiệu hóa,2024-03-01,2024-03-01,2024-03-01,27,permanently_inactive_outside_recent_window
MT-TNG,14.L1.4080.U4809,099,Vô hiệu hóa,2024-11-01,2024-11-01,2024-11-01,19,permanently_inactive_outside_recent_window
Chưa xác định,14.L1.4080.U4809,222,Vô hiệu hóa,2024-03-01,2024-11-01,2024-11-01,19,permanently_inactive_outside_recent_window
DNB,14.L1.4080.U4810,002,Vô hiệu hóa,2024-08-01,2024-08-01,2024-08-01,22,permanently_inactive_outside_recent_window
DNB,14.L1.4080.U4810,008,Vô hiệu hóa,2024-04-01,2024-12-01,2024-12-01,18,permanently_inactive_outside_recent_window
DNB,14.L1.4080.U4810,010,Vô hiệu hóa,2024-04-01,2024-11-01,2024-11-01,19,permanently_inactive_outside_recent_window
TNB,14.L1.4080.U4810,011,Vô hiệu hóa,2024-01-01,2025-01-01,2025-01-01,17,permanently_inactive_outside_recent_window
MT-TNG,14.L1.4080.U4810,012,Vô hiệu hóa,2024-05-01,2024-08-01,2024-08-01,22,permanently_inactive_outside_recent_window
TNB,14.L1.4080.U4810,015,Vô hiệu hóa,2024-01-01,2025-04-01,2025-04-01,14,permanently_inactive_outside_recent_window
TNB,14.L1.4080.U4810,016,Vô hiệu hóa,2024-01-01,2024-09-01,2024-09-01,21,permanently_inactive_outside_recent_window
TNB,14.L1.4080.U4810,018,Vô hiệu hóa,2024-01-01,2024-12-01,2024-12-01,18,permanently_inactive_outside_recent_window
DNB,14.L1.4080.U4810,019,Vô hiệu hóa,2024-01-01,2025-01-01,2025-01-01,17,permanently_inactive_outside_recent_window
TNB,14.L1.4080.U4810,024,Vô hiệu hóa,2024-01-01,2024-11-01,2024-11-01,19,permanently_inactive_outside_recent_window
DNB,14.L1.4080.U4811,008,Vô hiệu hóa,2024-04-01,2024-11-01,2024-11-01,19,permanently_inactive_outside_recent_window
TNB,14.L1.4080.U4811,015,Vô hiệu hóa,2024-01-01,2025-01-01,2025-01-01,17,permanently_inactive_outside_recent_window
TNB,14.L1.4080.U4811,016,Vô hiệu hóa,2024-01-01,2024-12-01,2024-12-01,18,permanently_inactive_outside_recent_window
TNB,14.L1.4080.U4811,017,Vô hiệu hóa,2024-01-01,2025-04-01,2025-04-01,14,permanently_inactive_outside_recent_window
TNB,14.L1.4080.U4811,018,Vô hiệu hóa,2024-01-01,2025-03-01,2025-03-01,15,permanently_inactive_outside_recent_window
TNB,14.L1.4080.U4811,024,Vô hiệu hóa,2024-01-01,2024-05-01,2024-05-01,25,permanently_inactive_outside_recent_window
Chưa xác định,14.L1.4080.U4812,000,Vô hiệu hóa,2024-01-01,2024-07-01,2024-07-01,23,permanently_inactive_outside_recent_window
MT-TNG,14.L1.4080.U4812,064,Vô hiệu hóa,2024-07-01,2024-07-01,2024-07-01,23,permanently_inactive_outside_recent_window
TNB,14.L1.4080.U4812,065,Vô hiệu hóa,2024-09-01,2024-11-01,2024-11-01,19,permanently_inactive_outside_recent_window
MT-TNG,14.L1.4080.U4812,067,Vô hiệu hóa,2024-01-01,2024-01-01,2024-01-01,29,permanently_inactive_outside_recent_window
TNB,14.L1.4080.U4812,069,Vô hiệu hóa,2024-04-01,2024-04-01,2024-04-01,26,permanently_inactive_outside_recent_window
MT-TNG,14.L1.4080.U4812,071,Vô hiệu hóa,2024-06-01,2024-08-01,2024-08-01,22,permanently_inactive_outside_recent_window
DNB,14.L1.4080.U4812,076,Vô hiệu hóa,2024-04-01,2024-07-01,2024-07-01,23,permanently_inactive_outside_recent_window
MT-TNG,14.L1.4080.U4812,079,Vô hiệu hóa,2024-05-01,2025-03-01,2025-03-01,15,permanently_inactive_outside_recent_window
DNB,14.L1.4080.U4812,081,Vô hiệu hóa,2024-01-01,2024-04-01,2024-04-01,26,permanently_inactive_outside_recent_window
Chưa xác định,14.L1.4080.U4813,000,Vô hiệu hóa,2024-01-01,2024-01-01,2024-01-01,29,permanently_inactive_outside_recent_window
TNB,14.L1.4080.U4813,050,Vô hiệu hóa,2024-06-01,2024-06-01,2024-06-01,24,permanently_inactive_outside_recent_window
TNB,14.L1.4080.U4813,065,Vô hiệu hóa,2024-01-01,2024-07-01,2024-07-01,23,permanently_inactive_outside_recent_window
MT-TNG,14.L1.4080.U4813,067,Vô hiệu hóa,2024-01-01,2024-01-01,2024-01-01,29,permanently_inactive_outside_recent_window
TNB,14.L1.4080.U4813,069,Vô hiệu hóa,2024-03-01,2024-08-01,2024-08-01,22,permanently_inactive_outside_recent_window
MT-TNG,14.L1.4080.U4813,079,Vô hiệu hóa,2024-01-01,2025-03-01,2025-03-01,15,permanently_inactive_outside_recent_window
Chưa xác định,14.L1.4080.U4813,222,Vô hiệu hóa,2024-03-01,2024-03-01,2024-03-01,27,permanently_inactive_outside_recent_window
TNB,14.L1.4080.U4814,016,Vô hiệu hóa,2024-04-01,2024-04-01,2024-04-01,26,permanently_inactive_outside_recent_window
TNB,14.L1.4080.U4814,017,Vô hiệu hóa,2024-11-01,2024-12-01,2024-12-01,18,permanently_inactive_outside_recent_window
MT-TNG,14.L1.4080.U4814,023,Vô hiệu hóa,2024-04-01,2024-06-01,2024-06-01,24,permanently_inactive_outside_recent_window
MT-TNG,14.L1.4080.U4814,049,Vô hiệu hóa,2024-01-01,2024-05-01,2024-05-01,25,permanently_inactive_outside_recent_window
Chưa xác định,14.L1.4080.U4815,000,Vô hiệu hóa,2024-02-01,2024-06-01,2024-06-01,24,permanently_inactive_outside_recent_window
MT-TNG,14.L1.4080.U4815,059,Vô hiệu hóa,2024-05-01,2024-08-01,2024-08-01,22,permanently_inactive_outside_recent_window
MT-TNG,14.L1.4080.U4815,064,Vô hiệu hóa,2024-01-01,2024-12-01,2024-12-01,18,permanently_inactive_outside_recent_window
MT-TNG,14.L1.4080.U4815,071,Vô hiệu hóa,2024-05-01,2025-05-01,2025-05-01,13,permanently_inactive_outside_recent_window
TNB,14.L1.4080.U4815,073,Vô hiệu hóa,2025-03-01,2025-03-01,2025-03-01,15,permanently_inactive_outside_recent_window
DNB,14.L1.4080.U4815,076,Vô hiệu hóa,2024-02-01,2024-02-01,2024-02-01,28,permanently_inactive_outside_recent_window
MT-TNG,14.L1.4080.U4815,078,Vô hiệu hóa,2024-01-01,2024-01-01,2024-01-01,29,permanently_inactive_outside_recent_window
MT-TNG,14.L1.4080.U4815,079,Vô hiệu hóa,2024-05-01,2025-02-01,2025-02-01,16,permanently_inactive_outside_recent_window
DNB,14.L1.4080.U4815,081,Vô hiệu hóa,2024-06-01,2024-06-01,2024-06-01,24,permanently_inactive_outside_recent_window
Chưa xác định,14.L1.4080.U4815,222,Vô hiệu hóa,2024-11-01,2024-11-01,2024-11-01,19,permanently_inactive_outside_recent_window
MT-TNG,14.L1.4080.U4816,012,Vô hiệu hóa,2024-09-01,2024-09-01,2024-09-01,21,permanently_inactive_outside_recent_window
MT-TNG,14.L1.4080.U4816,014,Vô hiệu hóa,2024-01-01,2024-01-01,2024-01-01,29,permanently_inactive_outside_recent_window
TNB,14.L1.4080.U4816,015,Vô hiệu hóa,2024-03-01,2024-07-01,2024-07-01,23,permanently_inactive_outside_recent_window
TNB,14.L1.4080.U4816,016,Vô hiệu hóa,2024-01-01,2024-05-01,2024-05-01,25,permanently_inactive_outside_recent_window
TNB,14.L1.4080.U4816,017,Vô hiệu hóa,2024-03-01,2024-12-01,2024-12-01,18,permanently_inactive_outside_recent_window
TNB,14.L1.4080.U4816,018,Vô hiệu hóa,2024-01-01,2024-04-01,2024-04-01,26,permanently_inactive_outside_recent_window
MT-TNG,14.L1.4080.U4816,023,Vô hiệu hóa,2024-05-01,2024-05-01,2024-05-01,25,permanently_inactive_outside_recent_window
TNB,14.L1.4080.U4816,024,Vô hiệu hóa,2024-01-01,2024-08-01,2024-08-01,22,permanently_inactive_outside_recent_window
MT-TNG,14.L1.4080.U4816,049,Vô hiệu hóa,2024-01-01,2024-09-01,2024-09-01,21,permanently_inactive_outside_recent_window
DNB,14.L1.4080.U4908,061,Vô hiệu hóa,2024-04-01,2024-11-01,2024-11-01,19,permanently_inactive_outside_recent_window
MT-TNG,14.L1.4080.U4908,064,Vô hiệu hóa,2024-04-01,2025-05-01,2025-05-01,13,permanently_inactive_outside_recent_window
TNB,14.L1.4080.U4908,065,Vô hiệu hóa,2024-05-01,2025-01-01,2025-01-01,17,permanently_inactive_outside_recent_window
MT-TNG,14.L1.4080.U4908,071,Vô hiệu hóa,2024-05-01,2024-09-01,2024-09-01,21,permanently_inactive_outside_recent_window
TNB,14.L1.4080.U4908,073,Vô hiệu hóa,2024-04-01,2024-09-01,2024-09-01,21,permanently_inactive_outside_recent_window
DNB,14.L1.4080.U4908,076,Vô hiệu hóa,2024-06-01,2024-11-01,2024-11-01,19,permanently_inactive_outside_recent_window
MT-TNG,14.L1.4080.U4908,079,Vô hiệu hóa,2024-04-01,2024-07-01,2024-07-01,23,permanently_inactive_outside_recent_window
MT-TNG,14.L1.4080.U4908D,064,Vô hiệu hóa,2024-04-01,2024-07-01,2024-07-01,23,permanently_inactive_outside_recent_window
MT-TNG,14.L1.4080.U4908D,071,Vô hiệu hóa,2024-08-01,2024-10-01,2024-10-01,20,permanently_inactive_outside_recent_window
TNB,14.L1.4080.U4908D,073,Vô hiệu hóa,2024-04-01,2024-04-01,2024-04-01,26,permanently_inactive_outside_recent_window
MT-TNG,14.L1.4080.U4908D,079,Vô hiệu hóa,2024-05-01,2024-08-01,2024-08-01,22,permanently_inactive_outside_recent_window
TNB,14.L1.4080.U4909,016,Vô hiệu hóa,2024-07-01,2024-08-01,2024-08-01,22,permanently_inactive_outside_recent_window
MT-TNG,14.L1.4080.U4909,059,Vô hiệu hóa,2024-06-01,2024-11-01,2024-11-01,19,permanently_inactive_outside_recent_window
MT-TNG,14.L1.4080.U4909,079,Vô hiệu hóa,2024-05-01,2024-10-01,2024-10-01,20,permanently_inactive_outside_recent_window
Chưa xác định,14.L1.4080.U4909,222,Vô hiệu hóa,2024-03-01,2025-01-01,2025-01-01,17,permanently_inactive_outside_recent_window
MT-TNG,14.L1.4080.U4909D,079,Vô hiệu hóa,2024-03-01,2024-09-01,2024-09-01,21,permanently_inactive_outside_recent_window
Chưa xác định,14.L1.4080.U4909D,222,Vô hiệu hóa,2024-03-01,2025-01-01,2025-01-01,17,permanently_inactive_outside_recent_window
Chưa xác định,14.L1.4080.U4910,000,Vô hiệu hóa,2024-09-01,2024-09-01,2024-09-01,21,permanently_inactive_outside_recent_window
DNB,14.L1.4080.U4910,008,Vô hiệu hóa,2024-01-01,2024-12-01,2024-12-01,18,permanently_inactive_outside_recent_window
TNB,14.L1.4080.U4910,011,Vô hiệu hóa,2024-03-01,2024-07-01,2024-07-01,23,permanently_inactive_outside_recent_window
MT-TNG,14.L1.4080.U4910,012,Vô hiệu hóa,2024-05-01,2024-05-01,2024-05-01,25,permanently_inactive_outside_recent_window
DNB,14.L1.4080.U4910,013,Vô hiệu hóa,2024-05-01,2024-05-01,2024-05-01,25,permanently_inactive_outside_recent_window
TNB,14.L1.4080.U4910,015,Vô hiệu hóa,2024-03-01,2025-02-01,2025-02-01,16,permanently_inactive_outside_recent_window
TNB,14.L1.4080.U4910,016,Vô hiệu hóa,2024-01-01,2024-09-01,2024-09-01,21,permanently_inactive_outside_recent_window
TNB,14.L1.4080.U4910,017,Vô hiệu hóa,2024-01-01,2025-03-01,2025-03-01,15,permanently_inactive_outside_recent_window
TNB,14.L1.4080.U4910,018,Vô hiệu hóa,2024-01-01,2024-11-01,2024-11-01,19,permanently_inactive_outside_recent_window
DNB,14.L1.4080.U4910,019,Vô hiệu hóa,2024-01-01,2024-10-01,2024-10-01,20,permanently_inactive_outside_recent_window
MT-TNG,14.L1.4080.U4910,023,Vô hiệu hóa,2024-01-01,2024-06-01,2024-06-01,24,permanently_inactive_outside_recent_window
TNB,14.L1.4080.U4910,024,Vô hiệu hóa,2024-01-01,2024-07-01,2024-07-01,23,permanently_inactive_outside_recent_window
Chưa xác định,14.L1.4080.U4910,222,Vô hiệu hóa,2024-09-01,2024-09-01,2024-09-01,21,permanently_inactive_outside_recent_window
TNB,14.L1.4080.U4910D,011,Vô hiệu hóa,2024-07-01,2024-07-01,2024-07-01,23,permanently_inactive_outside_recent_window
MT-TNG,14.L1.4080.U4910D,012,Vô hiệu hóa,2024-05-01,2024-05-01,2024-05-01,25,permanently_inactive_outside_recent_window
TNB,14.L1.4080.U4910D,015,Vô hiệu hóa,2024-03-01,2025-05-01,2025-05-01,13,permanently_inactive_outside_recent_window
TNB,14.L1.4080.U4910D,016,Vô hiệu hóa,2024-01-01,2024-09-01,2024-09-01,21,permanently_inactive_outside_recent_window
TNB,14.L1.4080.U4910D,018,Vô hiệu hóa,2024-01-01,2024-12-01,2024-12-01,18,permanently_inactive_outside_recent_window
DNB,14.L1.4080.U4910D,019,Vô hiệu hóa,2024-01-01,2024-10-01,2024-10-01,20,permanently_inactive_outside_recent_window
TNB,14.L1.4080.U4910D,024,Vô hiệu hóa,2024-01-01,2024-12-01,2024-12-01,18,permanently_inactive_outside_recent_window
TNB,14.L1.4080.U4911,011,Vô hiệu hóa,2024-06-01,2024-07-01,2024-07-01,23,permanently_inactive_outside_recent_window
DNB,14.L1.4080.U4911,013,Vô hiệu hóa,2024-04-01,2024-10-01,2024-10-01,20,permanently_inactive_outside_recent_window
TNB,14.L1.4080.U4911,016,Vô hiệu hóa,2024-01-01,2024-08-01,2024-08-01,22,permanently_inactive_outside_recent_window
TNB,14.L1.4080.U4911,017,Vô hiệu hóa,2024-03-01,2025-04-01,2025-04-01,14,permanently_inactive_outside_recent_window
TNB,14.L1.4080.U4911,018,Vô hiệu hóa,2024-01-01,2025-04-01,2025-04-01,14,permanently_inactive_outside_recent_window
DNB,14.L1.4080.U4911,019,Vô hiệu hóa,2024-04-01,2025-01-01,2025-01-01,17,permanently_inactive_outside_recent_window
DNB,14.L1.4080.U4911D,008,Vô hiệu hóa,2024-03-01,2024-10-01,2024-10-01,20,permanently_inactive_outside_recent_window
DNB,14.L1.4080.U4911D,010,Vô hiệu hóa,2024-05-01,2024-05-01,2024-05-01,25,permanently_inactive_outside_recent_window
DNB,14.L1.4080.U4911D,013,Vô hiệu hóa,2024-09-01,2024-10-01,2024-10-01,20,permanently_inactive_outside_recent_window
TNB,14.L1.4080.U4911D,018,Vô hiệu hóa,2024-04-01,2025-03-01,2025-03-01,15,permanently_inactive_outside_recent_window
TNB,14.L1.4080.U4911D,024,Vô hiệu hóa,2024-01-01,2024-05-01,2024-05-01,25,permanently_inactive_outside_recent_window
MT-TNG,14.L1.4080.U4912,001,Vô hiệu hóa,2024-08-01,2024-08-01,2024-08-01,22,permanently_inactive_outside_recent_window
MT-TNG,14.L1.4080.U4912,059,Vô hiệu hóa,2024-05-01,2024-07-01,2024-07-01,23,permanently_inactive_outside_recent_window
DNB,14.L1.4080.U4912,061,Vô hiệu hóa,2024-06-01,2024-06-01,2024-06-01,24,permanently_inactive_outside_recent_window
DNB,14.L1.4080.U4912,068,Vô hiệu hóa,2025-05-01,2025-05-01,2025-05-01,13,permanently_inactive_outside_recent_window
TNB,14.L1.4080.U4912,069,Vô hiệu hóa,2024-06-01,2025-05-01,2025-05-01,13,permanently_inactive_outside_recent_window
MT-TNG,14.L1.4080.U4912,071,Vô hiệu hóa,2024-08-01,2025-05-01,2025-05-01,13,permanently_inactive_outside_recent_window
MT-TNG,14.L1.4080.U4912,079,Vô hiệu hóa,2024-01-01,2025-03-01,2025-03-01,15,permanently_inactive_outside_recent_window
DNB,14.L1.4080.U4912,081,Vô hiệu hóa,2024-05-01,2025-03-01,2025-03-01,15,permanently_inactive_outside_recent_window
Chưa xác định,14.L1.4080.U4912,222,Vô hiệu hóa,2024-03-01,2024-11-01,2024-11-01,19,permanently_inactive_outside_recent_window
TNB,14.L1.4080.U4912D,065,Vô hiệu hóa,2024-09-01,2025-01-01,2025-01-01,17,permanently_inactive_outside_recent_window
DNB,14.L1.4080.U4912D,068,Vô hiệu hóa,2025-05-01,2025-05-01,2025-05-01,13,permanently_inactive_outside_recent_window
MT-TNG,14.L1.4080.U4912D,071,Vô hiệu hóa,2024-06-01,2024-08-01,2024-08-01,22,permanently_inactive_outside_recent_window
DNB,14.L1.4080.U4912D,076,Vô hiệu hóa,2024-07-01,2024-07-01,2024-07-01,23,permanently_inactive_outside_recent_window
MT-TNG,14.L1.4080.U4912D,079,Vô hiệu hóa,2024-08-01,2025-03-01,2025-03-01,15,permanently_inactive_outside_recent_window
Chưa xác định,14.L1.4080.U4912D,222,Vô hiệu hóa,2024-11-01,2024-11-01,2024-11-01,19,permanently_inactive_outside_recent_window
TNB,14.L1.4080.U4913,050,Vô hiệu hóa,2024-01-01,2024-09-01,2024-09-01,21,permanently_inactive_outside_recent_window
TNB,14.L1.4080.U4913,073,Vô hiệu hóa,2025-05-01,2025-05-01,2025-05-01,13,permanently_inactive_outside_recent_window
DNB,14.L1.4080.U4913,076,Vô hiệu hóa,2024-04-01,2025-03-01,2025-03-01,15,permanently_inactive_outside_recent_window
MT-TNG,14.L1.4080.U4913,079,Vô hiệu hóa,2024-01-01,2025-03-01,2025-03-01,15,permanently_inactive_outside_recent_window
Chưa xác định,14.L1.4080.U4913,222,Vô hiệu hóa,2024-03-01,2024-11-01,2024-11-01,19,permanently_inactive_outside_recent_window
DNB,14.L1.4080.U4913D,076,Vô hiệu hóa,2024-04-01,2024-04-01,2024-04-01,26,permanently_inactive_outside_recent_window
MT-TNG,14.L1.4080.U4913D,079,Vô hiệu hóa,2024-05-01,2025-03-01,2025-03-01,15,permanently_inactive_outside_recent_window
Chưa xác định,14.L1.4080.U4913D,222,Vô hiệu hóa,2024-03-01,2024-11-01,2024-11-01,19,permanently_inactive_outside_recent_window
TNB,14.L1.4080.U4914,015,Vô hiệu hóa,2024-06-01,2024-06-01,2024-06-01,24,permanently_inactive_outside_recent_window
MT-TNG,14.L1.4080.U4914,023,Vô hiệu hóa,2024-04-01,2025-01-01,2025-01-01,17,permanently_inactive_outside_recent_window
MT-TNG,14.L1.4080.U4914,049,Vô hiệu hóa,2024-05-01,2024-05-01,2024-05-01,25,permanently_inactive_outside_recent_window
MT-TNG,14.L1.4080.U4914D,023,Vô hiệu hóa,2024-04-01,2024-05-01,2024-05-01,25,permanently_inactive_outside_recent_window
MT-TNG,14.L1.4080.U4914D,049,Vô hiệu hóa,2024-05-01,2024-05-01,2024-05-01,25,permanently_inactive_outside_recent_window
Chưa xác định,14.L1.4080.U4915D,000,Vô hiệu hóa,2024-12-01,2024-12-01,2024-12-01,18,permanently_inactive_outside_recent_window
TNB,14.L1.4080.U4915D,050,Vô hiệu hóa,2024-01-01,2024-01-01,2024-01-01,29,permanently_inactive_outside_recent_window
MT-TNG,14.L1.4080.U4915D,071,Vô hiệu hóa,2025-05-01,2025-05-01,2025-05-01,13,permanently_inactive_outside_recent_window
MT-TNG,14.L1.4080.U4915D,072,Vô hiệu hóa,2024-07-01,2024-07-01,2024-07-01,23,permanently_inactive_outside_recent_window
TNB,14.L1.4080.U4915D,073,Vô hiệu hóa,2025-03-01,2025-03-01,2025-03-01,15,permanently_inactive_outside_recent_window
MT-TNG,14.L1.4080.U4915D,078,Vô hiệu hóa,2024-01-01,2024-01-01,2024-01-01,29,permanently_inactive_outside_recent_window
MT-TNG,14.L1.4080.U4915D,079,Vô hiệu hóa,2024-05-01,2025-01-01,2025-01-01,17,permanently_inactive_outside_recent_window
DNB,14.L1.4080.U4915D,081,Vô hiệu hóa,2024-06-01,2024-06-01,2024-06-01,24,permanently_inactive_outside_recent_window
Chưa xác định,14.L1.4080.U4915D,222,Vô hiệu hóa,2024-03-01,2024-11-01,2024-11-01,19,permanently_inactive_outside_recent_window
TNB,14.L1.4080.U4916D,015,Vô hiệu hóa,2024-04-01,2024-04-01,2024-04-01,26,permanently_inactive_outside_recent_window
TNB,14.L1.4080.U4916D,018,Vô hiệu hóa,2024-10-01,2025-04-01,2025-04-01,14,permanently_inactive_outside_recent_window
DNB,14.L1.4080.U4916D,019,Vô hiệu hóa,2024-01-01,2024-01-01,2024-01-01,29,permanently_inactive_outside_recent_window
TNB,14.L1.4080.U4916D,024,Vô hiệu hóa,2024-01-01,2024-01-01,2024-01-01,29,permanently_inactive_outside_recent_window
MT-TNG,14.L1.4080.U4916D,049,Vô hiệu hóa,2024-07-01,2025-01-01,2025-01-01,17,permanently_inactive_outside_recent_window
MT-TNG,14.L1.60120.61181026,014,Vô hiệu hóa,2024-11-01,2024-11-01,2024-11-01,19,permanently_inactive_outside_recent_window
DNB,14.L1.60120.61181026,076,Vô hiệu hóa,2025-05-01,2025-05-01,2025-05-01,13,permanently_inactive_outside_recent_window
DNB,14.L1.60120.61181070,008,Vô hiệu hóa,2024-01-01,2024-08-01,2024-08-01,22,permanently_inactive_outside_recent_window
TNB,14.L1.60120.61181070,011,Vô hiệu hóa,2024-01-01,2024-02-01,2024-02-01,28,permanently_inactive_outside_recent_window
MT-TNG,14.L1.60120.61181070,014,Vô hiệu hóa,2024-03-01,2024-11-01,2024-11-01,19,permanently_inactive_outside_recent_window
TNB,14.L1.60120.61181070,015,Vô hiệu hóa,2024-01-01,2024-01-01,2024-01-01,29,permanently_inactive_outside_recent_window
TNB,14.L1.60120.61181070,016,Vô hiệu hóa,2024-01-01,2024-07-01,2024-07-01,23,permanently_inactive_outside_recent_window
TNB,14.L1.60120.61181070,017,Vô hiệu hóa,2024-01-01,2024-01-01,2024-01-01,29,permanently_inactive_outside_recent_window
TNB,14.L1.60120.61181070,018,Vô hiệu hóa,2024-02-01,2024-07-01,2024-07-01,23,permanently_inactive_outside_recent_window
MT-TNG,14.L1.60120.61181070,049,Vô hiệu hóa,2024-03-01,2024-03-01,2024-03-01,27,permanently_inactive_outside_recent_window
MT-TNG,14.L1.60120.61181101,059,Vô hiệu hóa,2024-06-01,2024-06-01,2024-06-01,24,permanently_inactive_outside_recent_window
TNB,14.L1.60120.61181101,063,Vô hiệu hóa,2025-05-01,2025-05-01,2025-05-01,13,permanently_inactive_outside_recent_window
MT-TNG,14.L1.60120.61181101,072,Vô hiệu hóa,2024-07-01,2024-07-01,2024-07-01,23,permanently_inactive_outside_recent_window
DNB,14.L1.60120.61187024,019,Vô hiệu hóa,2024-01-01,2024-08-01,2024-08-01,22,permanently_inactive_outside_recent_window
MT-TNG,14.L1.60120.61187024,059,Vô hiệu hóa,2024-08-01,2024-08-01,2024-08-01,22,permanently_inactive_outside_recent_window
MT-TNG,14.L1.60120.61187024,123,Vô hiệu hóa,2025-05-01,2025-05-01,2025-05-01,13,permanently_inactive_outside_recent_window
TNB,14.L1.60120.61282044,015,Vô hiệu hóa,2024-01-01,2024-01-01,2024-01-01,29,permanently_inactive_outside_recent_window
TNB,14.L1.60120.61282044,016,Vô hiệu hóa,2024-09-01,2024-09-01,2024-09-01,21,permanently_inactive_outside_recent_window
DNB,14.L1.60120.61282044,019,Vô hiệu hóa,2024-06-01,2025-01-01,2025-01-01,17,permanently_inactive_outside_recent_window
TNB,14.L1.60120.61282044,024,Vô hiệu hóa,2024-07-01,2024-07-01,2024-07-01,23,permanently_inactive_outside_recent_window
Chưa xác định,14.L1.60120.61282051,000,Vô hiệu hóa,2025-03-01,2025-03-01,2025-03-01,15,permanently_inactive_outside_recent_window
DNB,14.L1.60120.61282051,022,Vô hiệu hóa,2024-07-01,2024-07-01,2024-07-01,23,permanently_inactive_outside_recent_window
MT-TNG,14.L1.60120.61282051,079,Vô hiệu hóa,2024-01-01,2025-03-01,2025-03-01,15,permanently_inactive_outside_recent_window
MT-TNG,14.L1.60120.61282051,123,Vô hiệu hóa,2025-05-01,2025-05-01,2025-05-01,13,permanently_inactive_outside_recent_window
MT-TNG,14.L1.60120.61282053,001,Vô hiệu hóa,2024-01-01,2024-07-01,2024-07-01,23,permanently_inactive_outside_recent_window
DNB,14.L1.60120.61282053,010,Vô hiệu hóa,2024-03-01,2024-12-01,2024-12-01,18,permanently_inactive_outside_recent_window
MT-TNG,14.L1.60120.61282053,012,Vô hiệu hóa,2024-05-01,2024-06-01,2024-06-01,24,permanently_inactive_outside_recent_window
MT-TNG,14.L1.60120.61282053,014,Vô hiệu hóa,2024-02-01,2024-11-01,2024-11-01,19,permanently_inactive_outside_recent_window
TNB,14.L1.60120.61282053,015,Vô hiệu hóa,2024-01-01,2024-08-01,2024-08-01,22,permanently_inactive_outside_recent_window
TNB,14.L1.60120.61282053,016,Vô hiệu hóa,2024-08-01,2024-08-01,2024-08-01,22,permanently_inactive_outside_recent_window
TNB,14.L1.60120.61282053,018,Vô hiệu hóa,2024-03-01,2024-10-01,2024-10-01,20,permanently_inactive_outside_recent_window
DNB,14.L1.60120.61282053,019,Vô hiệu hóa,2024-11-01,2025-05-01,2025-05-01,13,permanently_inactive_outside_recent_window
DNB,14.L1.60120.61282053,022,Vô hiệu hóa,2024-07-01,2024-07-01,2024-07-01,23,permanently_inactive_outside_recent_window
MT-TNG,14.L1.60120.61282053,023,Vô hiệu hóa,2024-01-01,2024-12-01,2024-12-01,18,permanently_inactive_outside_recent_window
TNB,14.L1.60120.61282053,024,Vô hiệu hóa,2024-06-01,2024-06-01,2024-06-01,24,permanently_inactive_outside_recent_window
MT-TNG,14.L1.60120.61282053,049,Vô hiệu hóa,2024-01-01,2024-12-01,2024-12-01,18,permanently_inactive_outside_recent_window
MT-TNG,14.L1.60120.61282053,067,Vô hiệu hóa,2024-01-01,2024-01-01,2024-01-01,29,permanently_inactive_outside_recent_window
DNB,14.L1.60120.61284054,019,Vô hiệu hóa,2024-02-01,2024-08-01,2024-08-01,22,permanently_inactive_outside_recent_window
DNB,14.L1.60120.61284054,022,Vô hiệu hóa,2024-07-01,2024-07-01,2024-07-01,23,permanently_inactive_outside_recent_window
MT-TNG,14.L1.60120.61284054,059,Vô hiệu hóa,2024-08-01,2024-08-01,2024-08-01,22,permanently_inactive_outside_recent_window
TNB,14.L1.60120.61284054,063,Vô hiệu hóa,2024-03-01,2024-03-01,2024-03-01,27,permanently_inactive_outside_recent_window
TNB,14.L1.60120.61284054,065,Vô hiệu hóa,2024-02-01,2025-02-01,2025-02-01,16,permanently_inactive_outside_recent_window
DNB,14.L1.60120.61284054,068,Vô hiệu hóa,2025-05-01,2025-05-01,2025-05-01,13,permanently_inactive_outside_recent_window
MT-TNG,14.L1.60120.61284054,071,Vô hiệu hóa,2024-04-01,2024-10-01,2024-10-01,20,permanently_inactive_outside_recent_window
MT-TNG,14.L1.60120.61284054,072,Vô hiệu hóa,2024-03-01,2024-03-01,2024-03-01,27,permanently_inactive_outside_recent_window
MT-TNG,14.L1.60120.61284054,079,Vô hiệu hóa,2024-02-01,2025-03-01,2025-03-01,15,permanently_inactive_outside_recent_window
DNB,14.L1.60120.61284054,081,Vô hiệu hóa,2024-06-01,2024-09-01,2024-09-01,21,permanently_inactive_outside_recent_window
Chưa xác định,14.L1.60120.61284054,222,Vô hiệu hóa,2024-11-01,2024-11-01,2024-11-01,19,permanently_inactive_outside_recent_window
MT-TNG,14.L1.60120.61284055,001,Vô hiệu hóa,2024-01-01,2024-01-01,2024-01-01,29,permanently_inactive_outside_recent_window
DNB,14.L1.60120.61284055,010,Vô hiệu hóa,2024-04-01,2024-05-01,2024-05-01,25,permanently_inactive_outside_recent_window
MT-TNG,14.L1.60120.61284055,014,Vô hiệu hóa,2024-01-01,2024-01-01,2024-01-01,29,permanently_inactive_outside_recent_window
TNB,14.L1.60120.61284055,016,Vô hiệu hóa,2024-01-01,2024-08-01,2024-08-01,22,permanently_inactive_outside_recent_window
DNB,14.L1.60120.61284055,022,Vô hiệu hóa,2024-07-01,2024-07-01,2024-07-01,23,permanently_inactive_outside_recent_window
MT-TNG,14.L1.60120.61284055,023,Vô hiệu hóa,2024-05-01,2024-05-01,2024-05-01,25,permanently_inactive_outside_recent_window
MT-TNG,14.L1.60120.61284055,049,Vô hiệu hóa,2024-05-01,2024-07-01,2024-07-01,23,permanently_inactive_outside_recent_window
MT-TNG,14.L1.60120.61284055,072,Vô hiệu hóa,2024-03-01,2024-03-01,2024-03-01,27,permanently_inactive_outside_recent_window
DNB,14.L1.60120.61284055,081,Vô hiệu hóa,2024-10-01,2024-10-01,2024-10-01,20,permanently_inactive_outside_recent_window
Chưa xác định,14.L1.60120.61284057,000,Vô hiệu hóa,2024-04-01,2024-12-01,2024-12-01,18,permanently_inactive_outside_recent_window
DNB,14.L1.60120.61284057,019,Vô hiệu hóa,2024-06-01,2024-06-01,2024-06-01,24,permanently_inactive_outside_recent_window
DNB,14.L1.60120.61284057,022,Vô hiệu hóa,2024-07-01,2024-07-01,2024-07-01,23,permanently_inactive_outside_recent_window
TNB,14.L1.60120.61284057,050,Vô hiệu hóa,2024-01-01,2024-05-01,2024-05-01,25,permanently_inactive_outside_recent_window
DNB,14.L1.60120.61284057,060,Vô hiệu hóa,2024-05-01,2024-11-01,2024-11-01,19,permanently_inactive_outside_recent_window
DNB,14.L1.60120.61284057,061,Vô hiệu hóa,2024-03-01,2025-01-01,2025-01-01,17,permanently_inactive_outside_recent_window
TNB,14.L1.60120.61284057,063,Vô hiệu hóa,2024-04-01,2024-04-01,2024-04-01,26,permanently_inactive_outside_recent_window
TNB,14.L1.60120.61284057,065,Vô hiệu hóa,2024-01-01,2024-05-01,2024-05-01,25,permanently_inactive_outside_recent_window
MT-TNG,14.L1.60120.61284057,067,Vô hiệu hóa,2024-01-01,2024-01-01,2024-01-01,29,permanently_inactive_outside_recent_window
TNB,14.L1.60120.61284057,069,Vô hiệu hóa,2024-06-01,2024-08-01,2024-08-01,22,permanently_inactive_outside_recent_window
MT-TNG,14.L1.60120.61284057,071,Vô hiệu hóa,2024-04-01,2025-01-01,2025-01-01,17,permanently_inactive_outside_recent_window
DNB,14.L1.60120.61284057,076,Vô hiệu hóa,2024-04-01,2024-04-01,2024-04-01,26,permanently_inactive_outside_recent_window
MT-TNG,14.L1.60120.61284057,079,Vô hiệu hóa,2024-01-01,2024-06-01,2024-06-01,24,permanently_inactive_outside_recent_window
DNB,14.L1.60120.61284057,081,Vô hiệu hóa,2024-05-01,2024-12-01,2024-12-01,18,permanently_inactive_outside_recent_window
Chưa xác định,14.L1.60120.61285055,000,Vô hiệu hóa,2024-01-01,2024-01-01,2024-01-01,29,permanently_inactive_outside_recent_window
MT-TNG,14.L1.60120.61285055,001,Vô hiệu hóa,2024-01-01,2024-01-01,2024-01-01,29,permanently_inactive_outside_recent_window
TNB,14.L1.60120.61285055,015,Vô hiệu hóa,2024-09-01,2024-09-01,2024-09-01,21,permanently_inactive_outside_recent_window
DNB,14.L1.60120.61285055,019,Vô hiệu hóa,2024-05-01,2024-11-01,2024-11-01,19,permanently_inactive_outside_recent_window
TNB,14.L1.60120.61285055,050,Vô hiệu hóa,2024-03-01,2024-10-01,2024-10-01,20,permanently_inactive_outside_recent_window
TNB,14.L1.60120.61285055,063,Vô hiệu hóa,2024-12-01,2024-12-01,2024-12-01,18,permanently_inactive_outside_recent_window
TNB,14.L1.60120.61285055,065,Vô hiệu hóa,2024-03-01,2024-03-01,2024-03-01,27,permanently_inactive_outside_recent_window
DNB,14.L1.60120.61285055,081,Vô hiệu hóa,2024-01-01,2024-01-01,2024-01-01,29,permanently_inactive_outside_recent_window
Chưa xác định,14.L1.60120.61285056,000,Vô hiệu hóa,2024-12-01,2024-12-01,2024-12-01,18,permanently_inactive_outside_recent_window
MT-TNG,14.L1.60120.61285056,001,Vô hiệu hóa,2024-01-01,2025-04-01,2025-04-01,14,permanently_inactive_outside_recent_window
DNB,14.L1.60120.61285056,008,Vô hiệu hóa,2024-04-01,2024-04-01,2024-04-01,26,permanently_inactive_outside_recent_window
DNB,14.L1.60120.61285056,010,Vô hiệu hóa,2024-04-01,2024-05-01,2024-05-01,25,permanently_inactive_outside_recent_window
TNB,14.L1.60120.61285056,011,Vô hiệu hóa,2024-06-01,2024-06-01,2024-06-01,24,permanently_inactive_outside_recent_window
TNB,14.L1.60120.61285056,015,Vô hiệu hóa,2024-03-01,2024-03-01,2024-03-01,27,permanently_inactive_outside_recent_window
TNB,14.L1.60120.61285056,016,Vô hiệu hóa,2024-10-01,2024-10-01,2024-10-01,20,permanently_inactive_outside_recent_window
TNB,14.L1.60120.61285056,017,Vô hiệu hóa,2024-01-01,2024-03-01,2024-03-01,27,permanently_inactive_outside_recent_window
TNB,14.L1.60120.61285056,024,Vô hiệu hóa,2024-01-01,2024-01-01,2024-01-01,29,permanently_inactive_outside_recent_window
MT-TNG,14.L1.60120.61285056,049,Vô hiệu hóa,2024-01-01,2025-01-01,2025-01-01,17,permanently_inactive_outside_recent_window
DNB,14.L1.60120.US6803,008,Vô hiệu hóa,2024-12-01,2025-04-01,2025-04-01,14,permanently_inactive_outside_recent_window
MT-TNG,14.L1.6060.66122301,099,Vô hiệu hóa,2024-09-01,2025-03-01,2025-03-01,15,permanently_inactive_outside_recent_window
Chưa xác định,14.L1.6060.66122301,222,Vô hiệu hóa,2024-03-01,2024-03-01,2024-03-01,27,permanently_inactive_outside_recent_window
DNB,14.L1.6060.66122302,008,Vô hiệu hóa,2024-01-01,2024-04-01,2024-04-01,26,permanently_inactive_outside_recent_window
TNB,14.L1.6060.66122302,011,Vô hiệu hóa,2024-09-01,2024-09-01,2024-09-01,21,permanently_inactive_outside_recent_window
MT-TNG,14.L1.6060.66122305,001,Vô hiệu hóa,2024-09-01,2024-09-01,2024-09-01,21,permanently_inactive_outside_recent_window
DNB,14.L1.6060.66132301,008,Vô hiệu hóa,2024-01-01,2024-07-01,2024-07-01,23,permanently_inactive_outside_recent_window
DNB,14.L1.6060.66144304,008,Vô hiệu hóa,2024-01-01,2024-07-01,2024-07-01,23,permanently_inactive_outside_recent_window
TNB,14.L1.6060.66144304,015,Vô hiệu hóa,2024-04-01,2025-05-01,2025-05-01,13,permanently_inactive_outside_recent_window
DNB,14.L1.6060.66181023,010,Vô hiệu hóa,2024-05-01,2024-05-01,2024-05-01,25,permanently_inactive_outside_recent_window
MT-TNG,14.L1.6060.66181023,012,Vô hiệu hóa,2025-02-01,2025-05-01,2025-05-01,13,permanently_inactive_outside_recent_window
MT-TNG,14.L1.6060.66181023,014,Vô hiệu hóa,2024-03-01,2024-03-01,2024-03-01,27,permanently_inactive_outside_recent_window
TNB,14.L1.6060.66181023,018,Vô hiệu hóa,2024-09-01,2025-05-01,2025-05-01,13,permanently_inactive_outside_recent_window
DNB,14.L1.6060.66181023,019,Vô hiệu hóa,2024-01-01,2024-03-01,2024-03-01,27,permanently_inactive_outside_recent_window
MT-TNG,14.L1.6060.66181023,023,Vô hiệu hóa,2024-06-01,2024-06-01,2024-06-01,24,permanently_inactive_outside_recent_window
TNB,14.L1.6060.66181023,063,Vô hiệu hóa,2024-01-01,2025-05-01,2025-05-01,13,permanently_inactive_outside_recent_window
MT-TNG,14.L1.6060.66181033,001,Vô hiệu hóa,2024-05-01,2024-05-01,2024-05-01,25,permanently_inactive_outside_recent_window
DNB,14.L1.6060.66181033,010,Vô hiệu hóa,2025-02-01,2025-02-01,2025-02-01,16,permanently_inactive_outside_recent_window
TNB,14.L1.6060.66181033,050,Vô hiệu hóa,2024-01-01,2024-11-01,2024-11-01,19,permanently_inactive_outside_recent_window
MT-TNG,14.L1.6060.66181033,059,Vô hiệu hóa,2024-03-01,2024-12-01,2024-12-01,18,permanently_inactive_outside_recent_window
MT-TNG,14.L1.6060.66181033,072,Vô hiệu hóa,2024-03-01,2024-03-01,2024-03-01,27,permanently_inactive_outside_recent_window
MT-TNG,14.L1.6060.66187024,071,Vô hiệu hóa,2024-03-01,2024-03-01,2024-03-01,27,permanently_inactive_outside_recent_window
MT-TNG,14.L1.6060.66187024,099,Vô hiệu hóa,2024-09-01,2025-03-01,2025-03-01,15,permanently_inactive_outside_recent_window
Chưa xác định,14.L1.6060.66187024,222,Vô hiệu hóa,2024-03-01,2024-03-01,2024-03-01,27,permanently_inactive_outside_recent_window
TNB,14.L1.6060.66187024U,017,Vô hiệu hóa,2024-12-01,2025-05-01,2025-05-01,13,permanently_inactive_outside_recent_window
MT-TNG,14.L1.6060.66187024U,049,Vô hiệu hóa,2024-06-01,2024-09-01,2024-09-01,21,permanently_inactive_outside_recent_window
MT-TNG,14.L1.6060.66187024U,064,Vô hiệu hóa,2025-04-01,2025-04-01,2025-04-01,14,permanently_inactive_outside_recent_window
TNB,14.L1.6060.66187024U,069,Vô hiệu hóa,2024-09-01,2024-09-01,2024-09-01,21,permanently_inactive_outside_recent_window
TNB,14.L1.6060.66187024U,073,Vô hiệu hóa,2024-07-01,2024-07-01,2024-07-01,23,permanently_inactive_outside_recent_window
MT-TNG,14.L1.6060.66187024U,079,Vô hiệu hóa,2024-05-01,2025-04-01,2025-04-01,14,permanently_inactive_outside_recent_window
DNB,14.L1.6060.66187024U,081,Vô hiệu hóa,2024-01-01,2025-02-01,2025-02-01,16,permanently_inactive_outside_recent_window
MT-TNG,14.L1.6060.66262002,001,Vô hiệu hóa,2024-04-01,2024-04-01,2024-04-01,26,permanently_inactive_outside_recent_window
MT-TNG,14.L1.6060.66262002,072,Vô hiệu hóa,2024-03-01,2024-03-01,2024-03-01,27,permanently_inactive_outside_recent_window
DNB,14.L1.6060.66282011,002,Vô hiệu hóa,2024-07-01,2024-07-01,2024-07-01,23,permanently_inactive_outside_recent_window
DNB,14.L1.6060.66282011,008,Vô hiệu hóa,2024-01-01,2024-10-01,2024-10-01,20,permanently_inactive_outside_recent_window
DNB,14.L1.6060.66282011,010,Vô hiệu hóa,2024-06-01,2024-06-01,2024-06-01,24,permanently_inactive_outside_recent_window
DNB,14.L1.6060.66282011,013,Vô hiệu hóa,2024-01-01,2024-04-01,2024-04-01,26,permanently_inactive_outside_recent_window
TNB,14.L1.6060.66282011,015,Vô hiệu hóa,2024-12-01,2024-12-01,2024-12-01,18,permanently_inactive_outside_recent_window
DNB,14.L1.6060.66282011,022,Vô hiệu hóa,2025-05-01,2025-05-01,2025-05-01,13,permanently_inactive_outside_recent_window
TNB,14.L1.6060.66282011,024,Vô hiệu hóa,2024-01-01,2024-01-01,2024-01-01,29,permanently_inactive_outside_recent_window
MT-TNG,14.L1.6060.66282011,049,Vô hiệu hóa,2024-04-01,2024-04-01,2024-04-01,26,permanently_inactive_outside_recent_window
MT-TNG,14.L1.6060.66282011,099,Vô hiệu hóa,2025-03-01,2025-03-01,2025-03-01,15,permanently_inactive_outside_recent_window
Chưa xác định,14.L1.6060.66282011,222,Vô hiệu hóa,2024-03-01,2024-03-01,2024-03-01,27,permanently_inactive_outside_recent_window
TNB,14.L1.6060.66282013,017,Vô hiệu hóa,2024-04-01,2024-04-01,2024-04-01,26,permanently_inactive_outside_recent_window
MT-TNG,14.L1.6060.66282013,059,Vô hiệu hóa,2024-09-01,2025-03-01,2025-03-01,15,permanently_inactive_outside_recent_window
MT-TNG,14.L1.6060.66282013,079,Vô hiệu hóa,2024-06-01,2024-06-01,2024-06-01,24,permanently_inactive_outside_recent_window
TNB,14.L1.6060.66282015,050,Vô hiệu hóa,2024-01-01,2025-04-01,2025-04-01,14,permanently_inactive_outside_recent_window
MT-TNG,14.L1.6060.66282015,059,Vô hiệu hóa,2024-09-01,2024-10-01,2024-10-01,20,permanently_inactive_outside_recent_window
MT-TNG,14.L1.6060.66282015,095,Vô hiệu hóa,2024-01-01,2024-01-01,2024-01-01,29,permanently_inactive_outside_recent_window
Chưa xác định,14.L1.6060.66282016,000,Vô hiệu hóa,2024-01-01,2024-01-01,2024-01-01,29,permanently_inactive_outside_recent_window
DNB,14.L1.6060.66282016,008,Vô hiệu hóa,2024-01-01,2024-09-01,2024-09-01,21,permanently_inactive_outside_recent_window
DNB,14.L1.6060.66282016,010,Vô hiệu hóa,2024-05-01,2024-05-01,2024-05-01,25,permanently_inactive_outside_recent_window
DNB,14.L1.6060.66282016,013,Vô hiệu hóa,2024-04-01,2025-03-01,2025-03-01,15,permanently_inactive_outside_recent_window
TNB,14.L1.6060.66282016,015,Vô hiệu hóa,2024-04-01,2024-06-01,2024-06-01,24,permanently_inactive_outside_recent_window
TNB,14.L1.6060.66282016,016,Vô hiệu hóa,2025-04-01,2025-04-01,2025-04-01,14,permanently_inactive_outside_recent_window
TNB,14.L1.6060.66282016,018,Vô hiệu hóa,2024-03-01,2025-01-01,2025-01-01,17,permanently_inactive_outside_recent_window
DNB,14.L1.6060.66282016,019,Vô hiệu hóa,2024-01-01,2024-02-01,2024-02-01,28,permanently_inactive_outside_recent_window
MT-TNG,14.L1.6060.66282016,023,Vô hiệu hóa,2024-05-01,2024-06-01,2024-06-01,24,permanently_inactive_outside_recent_window
TNB,14.L1.6060.66282016,024,Vô hiệu hóa,2024-04-01,2024-12-01,2024-12-01,18,permanently_inactive_outside_recent_window
TNB,14.L1.6060.66282016,063,Vô hiệu hóa,2024-03-01,2025-05-01,2025-05-01,13,permanently_inactive_outside_recent_window
MT-TNG,14.L1.6060.66282016,072,Vô hiệu hóa,2024-03-01,2024-03-01,2024-03-01,27,permanently_inactive_outside_recent_window
MT-TNG,14.L1.6060.66282016,078,Vô hiệu hóa,2024-01-01,2024-01-01,2024-01-01,29,permanently_inactive_outside_recent_window
Chưa xác định,14.L1.6060.66282025,000,Vô hiệu hóa,2024-01-01,2025-03-01,2025-03-01,15,permanently_inactive_outside_recent_window
TNB,14.L1.6060.66282025,017,Vô hiệu hóa,2024-06-01,2024-09-01,2024-09-01,21,permanently_inactive_outside_recent_window
TNB,14.L1.6060.66282025,018,Vô hiệu hóa,2024-04-01,2025-02-01,2025-02-01,16,permanently_inactive_outside_recent_window
DNB,14.L1.6060.66282025,019,Vô hiệu hóa,2024-05-01,2024-05-01,2024-05-01,25,permanently_inactive_outside_recent_window
MT-TNG,14.L1.6060.66282025,049,Vô hiệu hóa,2024-01-01,2024-06-01,2024-06-01,24,permanently_inactive_outside_recent_window
MT-TNG,14.L1.6060.66282025,059,Vô hiệu hóa,2024-03-01,2024-03-01,2024-03-01,27,permanently_inactive_outside_recent_window
DNB,14.L1.6060.66282025,061,Vô hiệu hóa,2024-01-01,2024-01-01,2024-01-01,29,permanently_inactive_outside_recent_window
MT-TNG,14.L1.6060.66282025,067,Vô hiệu hóa,2024-01-01,2024-01-01,2024-01-01,29,permanently_inactive_outside_recent_window
TNB,14.L1.6060.66282025,069,Vô hiệu hóa,2024-01-01,2025-04-01,2025-04-01,14,permanently_inactive_outside_recent_window
MT-TNG,14.L1.6060.66282025,072,Vô hiệu hóa,2024-06-01,2024-10-01,2024-10-01,20,permanently_inactive_outside_recent_window
DNB,14.L1.6060.66282025,076,Vô hiệu hóa,2024-05-01,2025-05-01,2025-05-01,13,permanently_inactive_outside_recent_window
MT-TNG,14.L1.6060.66282025,079,Vô hiệu hóa,2024-06-01,2024-07-01,2024-07-01,23,permanently_inactive_outside_recent_window
DNB,14.L1.6060.66282025,081,Vô hiệu hóa,2024-01-01,2025-04-01,2025-04-01,14,permanently_inactive_outside_recent_window
Chưa xác định,14.L1.6060.66282025,222,Vô hiệu hóa,2024-03-01,2024-03-01,2024-03-01,27,permanently_inactive_outside_recent_window
Chưa xác định,14.L1.6060.66283003,000,Vô hiệu hóa,2024-10-01,2024-10-01,2024-10-01,20,permanently_inactive_outside_recent_window
DNB,14.L1.6060.66283003,010,Vô hiệu hóa,2024-01-01,2024-08-01,2024-08-01,22,permanently_inactive_outside_recent_window
TNB,14.L1.6060.66283003,011,Vô hiệu hóa,2024-03-01,2024-03-01,2024-03-01,27,permanently_inactive_outside_recent_window
DNB,14.L1.6060.66283003,019,Vô hiệu hóa,2024-01-01,2024-09-01,2024-09-01,21,permanently_inactive_outside_recent_window
TNB,14.L1.6060.66283003,024,Vô hiệu hóa,2024-01-01,2025-04-01,2025-04-01,14,permanently_inactive_outside_recent_window
TNB,14.L1.6060.66283003,050,Vô hiệu hóa,2024-01-01,2024-07-01,2024-07-01,23,permanently_inactive_outside_recent_window
MT-TNG,14.L1.6060.66283003,059,Vô hiệu hóa,2024-01-01,2024-12-01,2024-12-01,18,permanently_inactive_outside_recent_window
MT-TNG,14.L1.6060.66283003,079,Vô hiệu hóa,2024-07-01,2024-10-01,2024-10-01,20,permanently_inactive_outside_recent_window
Chưa xác định,14.L1.6060.66283003,222,Vô hiệu hóa,2024-06-01,2024-06-01,2024-06-01,24,permanently_inactive_outside_recent_window
TNB,14.L1.6060.66283012,018,Vô hiệu hóa,2024-02-01,2024-09-01,2024-09-01,21,permanently_inactive_outside_recent_window
TNB,14.L1.6060.66283012,063,Vô hiệu hóa,2024-05-01,2024-09-01,2024-09-01,21,permanently_inactive_outside_recent_window
MT-TNG,14.L1.6060.66283012,064,Vô hiệu hóa,2024-03-01,2025-04-01,2025-04-01,14,permanently_inactive_outside_recent_window
MT-TNG,14.L1.6060.66283012,071,Vô hiệu hóa,2024-09-01,2024-10-01,2024-10-01,20,permanently_inactive_outside_recent_window
DNB,14.L1.6060.66283012,076,Vô hiệu hóa,2024-03-01,2024-03-01,2024-03-01,27,permanently_inactive_outside_recent_window
DNB,14.L1.6060.66283012,081,Vô hiệu hóa,2024-06-01,2024-10-01,2024-10-01,20,permanently_inactive_outside_recent_window
MT-TNG,14.L1.6060.66283037,079,Vô hiệu hóa,2024-06-01,2024-12-01,2024-12-01,18,permanently_inactive_outside_recent_window
MT-TNG,14.L1.6060.66284019,014,Vô hiệu hóa,2024-07-01,2024-10-01,2024-10-01,20,permanently_inactive_outside_recent_window
MT-TNG,14.L1.6060.66284019,023,Vô hiệu hóa,2024-06-01,2024-11-01,2024-11-01,19,permanently_inactive_outside_recent_window
MT-TNG,14.L1.6060.66284019,067,Vô hiệu hóa,2024-01-01,2024-01-01,2024-01-01,29,permanently_inactive_outside_recent_window
MT-TNG,14.L1.6060.66284019,071,Vô hiệu hóa,2024-04-01,2024-05-01,2024-05-01,25,permanently_inactive_outside_recent_window
MT-TNG,14.L1.6060.66284019,099,Vô hiệu hóa,2024-06-01,2025-03-01,2025-03-01,15,permanently_inactive_outside_recent_window
MT-TNG,14.L1.6060.66284028,059,Vô hiệu hóa,2024-03-01,2024-03-01,2024-03-01,27,permanently_inactive_outside_recent_window
MT-TNG,14.L1.6060.66284041,059,Vô hiệu hóa,2024-03-01,2024-03-01,2024-03-01,27,permanently_inactive_outside_recent_window
MT-TNG,14.L1.6060.66284041,071,Vô hiệu hóa,2024-05-01,2024-05-01,2024-05-01,25,permanently_inactive_outside_recent_window
DNB,14.L1.6060.66284041,094,Vô hiệu hóa,2024-01-01,2025-05-01,2025-05-01,13,permanently_inactive_outside_recent_window
MT-TNG,14.L1.6060.66285031,049,Vô hiệu hóa,2024-05-01,2024-09-01,2024-09-01,21,permanently_inactive_outside_recent_window
DNB,14.L1.6060.66285031,081,Vô hiệu hóa,2024-04-01,2024-04-01,2024-04-01,26,permanently_inactive_outside_recent_window
MT-TNG,14.L1.6060.66285031,099,Vô hiệu hóa,2024-05-01,2025-03-01,2025-03-01,15,permanently_inactive_outside_recent_window
Chưa xác định,14.L1.6060.66285031,222,Vô hiệu hóa,2024-03-01,2024-03-01,2024-03-01,27,permanently_inactive_outside_recent_window
MT-TNG,14.L1.6060.66285034,001,Vô hiệu hóa,2024-03-01,2024-03-01,2024-03-01,27,permanently_inactive_outside_recent_window
MT-TNG,14.L1.6060.66285034,072,Vô hiệu hóa,2024-03-01,2024-03-01,2024-03-01,27,permanently_inactive_outside_recent_window
MT-TNG,14.L1.6060.66285034,079,Vô hiệu hóa,2024-06-01,2024-07-01,2024-07-01,23,permanently_inactive_outside_recent_window
MT-TNG,14.L1.6060.66285045,049,Vô hiệu hóa,2025-04-01,2025-04-01,2025-04-01,14,permanently_inactive_outside_recent_window
MT-TNG,14.L1.6060.66285045,072,Vô hiệu hóa,2024-03-01,2024-03-01,2024-03-01,27,permanently_inactive_outside_recent_window
TNB,14.L1.6060.66286026,011,Vô hiệu hóa,2024-04-01,2025-04-01,2025-04-01,14,permanently_inactive_outside_recent_window
TNB,14.L1.6060.66286026,016,Vô hiệu hóa,2024-06-01,2024-12-01,2024-12-01,18,permanently_inactive_outside_recent_window
DNB,14.L1.6060.66286026,022,Vô hiệu hóa,2024-04-01,2025-05-01,2025-05-01,13,permanently_inactive_outside_recent_window
MT-TNG,14.L1.6060.66286026,023,Vô hiệu hóa,2024-01-01,2024-12-01,2024-12-01,18,permanently_inactive_outside_recent_window
MT-TNG,14.L1.6060.66286026,059,Vô hiệu hóa,2024-01-01,2024-12-01,2024-12-01,18,permanently_inactive_outside_recent_window
MT-TNG,14.L1.6060.66286026,067,Vô hiệu hóa,2024-01-01,2024-01-01,2024-01-01,29,permanently_inactive_outside_recent_window
MT-TNG,14.L1.6060.66286026,071,Vô hiệu hóa,2024-02-01,2024-05-01,2024-05-01,25,permanently_inactive_outside_recent_window
DNB,14.L1.6060.66431008,008,Vô hiệu hóa,2024-01-01,2024-03-01,2024-03-01,27,permanently_inactive_outside_recent_window
MT-TNG,14.L1.6060.66431008,059,Vô hiệu hóa,2024-09-01,2024-09-01,2024-09-01,21,permanently_inactive_outside_recent_window
TNB,14.L1.6060.66431008,063,Vô hiệu hóa,2024-01-01,2024-01-01,2024-01-01,29,permanently_inactive_outside_recent_window
DNB,14.L1.6060.66433008,008,Vô hiệu hóa,2024-07-01,2024-07-01,2024-07-01,23,permanently_inactive_outside_recent_window
MT-TNG,14.L1.6060.66433211,059,Vô hiệu hóa,2024-01-01,2024-08-01,2024-08-01,22,permanently_inactive_outside_recent_window
Chưa xác định,14.L1.6060.66485032,000,Vô hiệu hóa,2024-10-01,2025-02-01,2025-02-01,16,permanently_inactive_outside_recent_window
MT-TNG,14.L1.6060.66485032,049,Vô hiệu hóa,2024-03-01,2024-03-01,2024-03-01,27,permanently_inactive_outside_recent_window
DNB,14.L1.6060.66485032,060,Vô hiệu hóa,2024-04-01,2024-08-01,2024-08-01,22,permanently_inactive_outside_recent_window
TNB,14.L1.6060.66485032,065,Vô hiệu hóa,2024-01-01,2024-10-01,2024-10-01,20,permanently_inactive_outside_recent_window
MT-TNG,14.L1.6060.66485032,072,Vô hiệu hóa,2025-05-01,2025-05-01,2025-05-01,13,permanently_inactive_outside_recent_window
DNB,14.L1.6060.66485032,081,Vô hiệu hóa,2024-11-01,2025-02-01,2025-02-01,16,permanently_inactive_outside_recent_window
MT-TNG,14.L1.6060.66485032,099,Vô hiệu hóa,2024-05-01,2024-07-01,2024-07-01,23,permanently_inactive_outside_recent_window
Chưa xác định,14.L1.6060.66485032,222,Vô hiệu hóa,2025-02-01,2025-02-01,2025-02-01,16,permanently_inactive_outside_recent_window
Chưa xác định,14.L1.6060.MS662181,000,Vô hiệu hóa,2025-04-01,2025-04-01,2025-04-01,14,permanently_inactive_outside_recent_window
DNB,14.L1.6060.MS662181,060,Vô hiệu hóa,2024-05-01,2024-06-01,2024-06-01,24,permanently_inactive_outside_recent_window
MT-TNG,14.L1.6060.MS662181,072,Vô hiệu hóa,2024-03-01,2024-03-01,2024-03-01,27,permanently_inactive_outside_recent_window
DNB,14.L1.6060.MS662181,081,Vô hiệu hóa,2024-04-01,2025-04-01,2025-04-01,14,permanently_inactive_outside_recent_window
MT-TNG,14.L1.6060.MS662181,099,Vô hiệu hóa,2024-05-01,2025-03-01,2025-03-01,15,permanently_inactive_outside_recent_window
Chưa xác định,14.L1.6060.MS662181,222,Vô hiệu hóa,2024-03-01,2024-03-01,2024-03-01,27,permanently_inactive_outside_recent_window
DNB,14.L1.8080.88181005,008,Vô hiệu hóa,2024-08-01,2024-08-01,2024-08-01,22,permanently_inactive_outside_recent_window
TNB,14.L1.8080.88181005,018,Vô hiệu hóa,2024-05-01,2024-08-01,2024-08-01,22,permanently_inactive_outside_recent_window
DNB,14.L1.8080.88181005,061,Vô hiệu hóa,2024-07-01,2024-07-01,2024-07-01,23,permanently_inactive_outside_recent_window
MT-TNG,14.L1.8080.88181005,079,Vô hiệu hóa,2024-05-01,2024-07-01,2024-07-01,23,permanently_inactive_outside_recent_window
MT-TNG,14.L1.8080.88181033,059,Vô hiệu hóa,2025-03-01,2025-03-01,2025-03-01,15,permanently_inactive_outside_recent_window
DNB,14.L1.8080.88181033,061,Vô hiệu hóa,2024-09-01,2024-09-01,2024-09-01,21,permanently_inactive_outside_recent_window
MT-TNG,14.L1.8080.88181033,079,Vô hiệu hóa,2024-05-01,2024-10-01,2024-10-01,20,permanently_inactive_outside_recent_window
DNB,14.L1.8080.88181039,008,Vô hiệu hóa,2024-03-01,2025-04-01,2025-04-01,14,permanently_inactive_outside_recent_window
TNB,14.L1.8080.88181039,015,Vô hiệu hóa,2024-01-01,2025-05-01,2025-05-01,13,permanently_inactive_outside_recent_window
TNB,14.L1.8080.88181039,024,Vô hiệu hóa,2024-01-01,2024-01-01,2024-01-01,29,permanently_inactive_outside_recent_window
MT-TNG,14.L1.8080.88181039,049,Vô hiệu hóa,2024-07-01,2024-07-01,2024-07-01,23,permanently_inactive_outside_recent_window
TNB,14.L1.8080.88182002,065,Vô hiệu hóa,2024-07-01,2024-07-01,2024-07-01,23,permanently_inactive_outside_recent_window
DNB,14.L1.8080.88182002,081,Vô hiệu hóa,2024-01-01,2024-01-01,2024-01-01,29,permanently_inactive_outside_recent_window
DNB,14.L1.8080.88182033,008,Vô hiệu hóa,2024-04-01,2025-05-01,2025-05-01,13,permanently_inactive_outside_recent_window
TNB,14.L1.8080.88182033,015,Vô hiệu hóa,2024-04-01,2025-05-01,2025-05-01,13,permanently_inactive_outside_recent_window
TNB,14.L1.8080.88182033,024,Vô hiệu hóa,2024-01-01,2024-09-01,2024-09-01,21,permanently_inactive_outside_recent_window
Chưa xác định,14.L1.8080.88182056,000,Vô hiệu hóa,2024-09-01,2024-09-01,2024-09-01,21,permanently_inactive_outside_recent_window
TNB,14.L1.8080.88182056,050,Vô hiệu hóa,2024-08-01,2024-11-01,2024-11-01,19,permanently_inactive_outside_recent_window
TNB,14.L1.8080.88182056,065,Vô hiệu hóa,2024-04-01,2024-04-01,2024-04-01,26,permanently_inactive_outside_recent_window
TNB,14.L1.8080.88182056,069,Vô hiệu hóa,2024-05-01,2025-04-01,2025-04-01,14,permanently_inactive_outside_recent_window
DNB,14.L1.8080.88182056,081,Vô hiệu hóa,2024-08-01,2024-09-01,2024-09-01,21,permanently_inactive_outside_recent_window
Chưa xác định,14.L1.8080.88182056,222,Vô hiệu hóa,2024-06-01,2024-09-01,2024-09-01,21,permanently_inactive_outside_recent_window
TNB,14.L1.8080.88183056,018,Vô hiệu hóa,2024-01-01,2024-12-01,2024-12-01,18,permanently_inactive_outside_recent_window
DNB,14.L1.8080.88183056,019,Vô hiệu hóa,2024-10-01,2025-01-01,2025-01-01,17,permanently_inactive_outside_recent_window
DNB,14.L1.8080.88183056,097,Vô hiệu hóa,2024-04-01,2025-04-01,2025-04-01,14,permanently_inactive_outside_recent_window
DNB,14.L1.8080.88185001,008,Vô hiệu hóa,2024-04-01,2024-08-01,2024-08-01,22,permanently_inactive_outside_recent_window
MT-TNG,14.L1.8080.88185001,049,Vô hiệu hóa,2024-10-01,2024-10-01,2024-10-01,20,permanently_inactive_outside_recent_window
DNB,14.L1.8080.88187057,008,Vô hiệu hóa,2024-01-01,2024-11-01,2024-11-01,19,permanently_inactive_outside_recent_window
TNB,14.L1.8080.88187057,011,Vô hiệu hóa,2024-11-01,2024-11-01,2024-11-01,19,permanently_inactive_outside_recent_window
DNB,14.L1.8080.88187057,019,Vô hiệu hóa,2024-04-01,2024-09-01,2024-09-01,21,permanently_inactive_outside_recent_window
TNB,14.L1.8080.88187057,063,Vô hiệu hóa,2024-07-01,2024-07-01,2024-07-01,23,permanently_inactive_outside_recent_window
Chưa xác định,14.L1.8080.88282013,000,Vô hiệu hóa,2024-08-01,2024-10-01,2024-10-01,20,permanently_inactive_outside_recent_window
TNB,14.L1.8080.88282013,050,Vô hiệu hóa,2024-04-01,2024-11-01,2024-11-01,19,permanently_inactive_outside_recent_window
TNB,14.L1.8080.88282013,063,Vô hiệu hóa,2024-03-01,2024-10-01,2024-10-01,20,permanently_inactive_outside_recent_window
TNB,14.L1.8080.88282013,065,Vô hiệu hóa,2024-01-01,2025-01-01,2025-01-01,17,permanently_inactive_outside_recent_window
MT-TNG,14.L1.8080.88282013,079,Vô hiệu hóa,2024-05-01,2024-05-01,2024-05-01,25,permanently_inactive_outside_recent_window
Chưa xác định,14.L1.8080.88282013,222,Vô hiệu hóa,2024-12-01,2024-12-01,2024-12-01,18,permanently_inactive_outside_recent_window
TNB,14.L1.8080.88282015,016,Vô hiệu hóa,2024-03-01,2024-03-01,2024-03-01,27,permanently_inactive_outside_recent_window
Chưa xác định,14.L1.8080.88282031,000,Vô hiệu hóa,2024-01-01,2024-01-01,2024-01-01,29,permanently_inactive_outside_recent_window
MT-TNG,14.L1.8080.88282031,001,Vô hiệu hóa,2024-01-01,2024-05-01,2024-05-01,25,permanently_inactive_outside_recent_window
DNB,14.L1.8080.88282031,019,Vô hiệu hóa,2024-08-01,2024-08-01,2024-08-01,22,permanently_inactive_outside_recent_window
DNB,14.L1.8080.88282031,060,Vô hiệu hóa,2024-07-01,2024-12-01,2024-12-01,18,permanently_inactive_outside_recent_window
TNB,14.L1.8080.88282031,065,Vô hiệu hóa,2024-05-01,2024-05-01,2024-05-01,25,permanently_inactive_outside_recent_window
MT-TNG,14.L1.8080.88282031,067,Vô hiệu hóa,2024-01-01,2024-02-01,2024-02-01,28,permanently_inactive_outside_recent_window
TNB,14.L1.8080.88282031,069,Vô hiệu hóa,2024-01-01,2025-05-01,2025-05-01,13,permanently_inactive_outside_recent_window
MT-TNG,14.L1.8080.88282031,071,Vô hiệu hóa,2024-01-01,2024-05-01,2024-05-01,25,permanently_inactive_outside_recent_window
MT-TNG,14.L1.8080.88282031,079,Vô hiệu hóa,2024-01-01,2024-01-01,2024-01-01,29,permanently_inactive_outside_recent_window
DNB,14.L1.8080.88282031,081,Vô hiệu hóa,2024-01-01,2025-03-01,2025-03-01,15,permanently_inactive_outside_recent_window
MT-TNG,14.L1.8080.88282031,095,Vô hiệu hóa,2024-01-01,2024-02-01,2024-02-01,28,permanently_inactive_outside_recent_window
TNB,14.L1.8080.88282052,011,Vô hiệu hóa,2024-03-01,2024-03-01,2024-03-01,27,permanently_inactive_outside_recent_window
TNB,14.L1.8080.88282052,015,Vô hiệu hóa,2024-12-01,2025-05-01,2025-05-01,13,permanently_inactive_outside_recent_window
TNB,14.L1.8080.88282057,050,Vô hiệu hóa,2024-05-01,2024-12-01,2024-12-01,18,permanently_inactive_outside_recent_window
DNB,14.L1.8080.88282057,068,Vô hiệu hóa,2025-05-01,2025-05-01,2025-05-01,13,permanently_inactive_outside_recent_window
DNB,14.L1.8080.88282057,081,Vô hiệu hóa,2024-05-01,2024-05-01,2024-05-01,25,permanently_inactive_outside_recent_window
DNB,14.L1.8080.88283025,019,Vô hiệu hóa,2024-07-01,2024-07-01,2024-07-01,23,permanently_inactive_outside_recent_window
TNB,14.L1.8080.88283025,063,Vô hiệu hóa,2024-01-01,2025-01-01,2025-01-01,17,permanently_inactive_outside_recent_window
MT-TNG,14.L1.8080.88283025,071,Vô hiệu hóa,2024-06-01,2025-05-01,2025-05-01,13,permanently_inactive_outside_recent_window
TNB,14.L1.8080.88283025,073,Vô hiệu hóa,2024-09-01,2024-09-01,2024-09-01,21,permanently_inactive_outside_recent_window
DNB,14.L1.8080.88283025,076,Vô hiệu hóa,2024-01-01,2024-11-01,2024-11-01,19,permanently_inactive_outside_recent_window
DNB,14.L1.8080.88283025,081,Vô hiệu hóa,2024-07-01,2024-07-01,2024-07-01,23,permanently_inactive_outside_recent_window
MT-TNG,14.L1.8080.88283025,095,Vô hiệu hóa,2024-01-01,2024-01-01,2024-01-01,29,permanently_inactive_outside_recent_window
DNB,14.L1.8080.88283037,008,Vô hiệu hóa,2024-01-01,2024-02-01,2024-02-01,28,permanently_inactive_outside_recent_window
TNB,14.L1.8080.88283037,016,Vô hiệu hóa,2024-04-01,2024-07-01,2024-07-01,23,permanently_inactive_outside_recent_window
DNB,14.L1.8080.88284006,010,Vô hiệu hóa,2024-03-01,2024-03-01,2024-03-01,27,permanently_inactive_outside_recent_window
TNB,14.L1.8080.88284006,015,Vô hiệu hóa,2024-01-01,2025-05-01,2025-05-01,13,permanently_inactive_outside_recent_window
TNB,14.L1.8080.88284006,018,Vô hiệu hóa,2024-04-01,2025-01-01,2025-01-01,17,permanently_inactive_outside_recent_window
MT-TNG,14.L1.8080.88284006,067,Vô hiệu hóa,2024-01-01,2024-01-01,2024-01-01,29,permanently_inactive_outside_recent_window
MT-TNG,14.L1.8080.88284006,099,Vô hiệu hóa,2024-05-01,2025-02-01,2025-02-01,16,permanently_inactive_outside_recent_window
Chưa xác định,14.L1.8080.88284006,222,Vô hiệu hóa,2024-02-01,2024-02-01,2024-02-01,28,permanently_inactive_outside_recent_window
DNB,14.L1.8080.88285010,013,Vô hiệu hóa,2024-06-01,2024-07-01,2024-07-01,23,permanently_inactive_outside_recent_window
DNB,14.L1.8080.88285010,019,Vô hiệu hóa,2024-05-01,2024-05-01,2024-05-01,25,permanently_inactive_outside_recent_window
TNB,14.L1.8080.88285010,050,Vô hiệu hóa,2025-04-01,2025-04-01,2025-04-01,14,permanently_inactive_outside_recent_window
TNB,14.L1.8080.88285010,065,Vô hiệu hóa,2024-06-01,2024-07-01,2024-07-01,23,permanently_inactive_outside_recent_window
DNB,14.L1.8080.88285010,068,Vô hiệu hóa,2025-05-01,2025-05-01,2025-05-01,13,permanently_inactive_outside_recent_window
MT-TNG,14.L1.8080.88285010,071,Vô hiệu hóa,2024-05-01,2025-05-01,2025-05-01,13,permanently_inactive_outside_recent_window
DNB,14.L1.8080.88285025,061,Vô hiệu hóa,2024-07-01,2024-11-01,2024-11-01,19,permanently_inactive_outside_recent_window
TNB,14.L1.8080.88285025,065,Vô hiệu hóa,2024-03-01,2025-03-01,2025-03-01,15,permanently_inactive_outside_recent_window
MT-TNG,14.L1.8080.88285025,079,Vô hiệu hóa,2024-07-01,2024-07-01,2024-07-01,23,permanently_inactive_outside_recent_window
MT-TNG,14.L1.8080.88285025,099,Vô hiệu hóa,2024-05-01,2024-10-01,2024-10-01,20,permanently_inactive_outside_recent_window
Chưa xác định,14.L1.8080.88285025,222,Vô hiệu hóa,2024-02-01,2024-02-01,2024-02-01,28,permanently_inactive_outside_recent_window
TNB,14.L1.8080.88285028,050,Vô hiệu hóa,2024-11-01,2024-11-01,2024-11-01,19,permanently_inactive_outside_recent_window
MT-TNG,14.L1.8080.88285028,071,Vô hiệu hóa,2024-05-01,2025-05-01,2025-05-01,13,permanently_inactive_outside_recent_window
MT-TNG,14.L1.8080.88285028,079,Vô hiệu hóa,2024-07-01,2024-07-01,2024-07-01,23,permanently_inactive_outside_recent_window
Chưa xác định,14.L1.8080.88286026,000,Vô hiệu hóa,2024-01-01,2024-12-01,2024-12-01,18,permanently_inactive_outside_recent_window
MT-TNG,14.L1.8080.88286026,001,Vô hiệu hóa,2024-01-01,2024-11-01,2024-11-01,19,permanently_inactive_outside_recent_window
DNB,14.L1.8080.88286026,013,Vô hiệu hóa,2024-01-01,2024-10-01,2024-10-01,20,permanently_inactive_outside_recent_window
MT-TNG,14.L1.8080.88286026,059,Vô hiệu hóa,2024-01-01,2024-11-01,2024-11-01,19,permanently_inactive_outside_recent_window
TNB,14.L1.8080.88286026,065,Vô hiệu hóa,2024-02-01,2024-08-01,2024-08-01,22,permanently_inactive_outside_recent_window
TNB,14.L1.8080.88286026,069,Vô hiệu hóa,2024-01-01,2024-06-01,2024-06-01,24,permanently_inactive_outside_recent_window
MT-TNG,14.L1.8080.88286026,071,Vô hiệu hóa,2024-04-01,2024-05-01,2024-05-01,25,permanently_inactive_outside_recent_window
MT-TNG,14.L1.8080.88286026,079,Vô hiệu hóa,2024-06-01,2024-10-01,2024-10-01,20,permanently_inactive_outside_recent_window
DNB,14.L1.8080.88286026,081,Vô hiệu hóa,2024-01-01,2024-08-01,2024-08-01,22,permanently_inactive_outside_recent_window
TNB,14.L1.8080.88286026,098,Vô hiệu hóa,2025-04-01,2025-04-01,2025-04-01,14,permanently_inactive_outside_recent_window
Chưa xác định,14.L1.8080.88286026,222,Vô hiệu hóa,2024-03-01,2024-03-01,2024-03-01,27,permanently_inactive_outside_recent_window
MT-TNG,14.L1.8080.88286040,014,Vô hiệu hóa,2024-01-01,2024-04-01,2024-04-01,26,permanently_inactive_outside_recent_window
TNB,14.L1.8080.88286040,015,Vô hiệu hóa,2024-04-01,2024-09-01,2024-09-01,21,permanently_inactive_outside_recent_window
TNB,14.L1.8080.88286040,018,Vô hiệu hóa,2024-08-01,2024-08-01,2024-08-01,22,permanently_inactive_outside_recent_window
DNB,14.L1.8080.88286052,008,Vô hiệu hóa,2024-12-01,2024-12-01,2024-12-01,18,permanently_inactive_outside_recent_window
TNB,14.L1.8080.88286052,063,Vô hiệu hóa,2025-05-01,2025-05-01,2025-05-01,13,permanently_inactive_outside_recent_window
MT-TNG,14.L1.8080.88286052,070,Vô hiệu hóa,2024-01-01,2024-01-01,2024-01-01,29,permanently_inactive_outside_recent_window
DNB,14.L1.8080.88286052,097,Vô hiệu hóa,2024-01-01,2024-01-01,2024-01-01,29,permanently_inactive_outside_recent_window
TNB,15.L1.3060.2804,011,Vô hiệu hóa,2024-08-01,2024-08-01,2024-08-01,22,permanently_inactive_outside_recent_window
MT-TNG,15.L1.3060.2804,049,Vô hiệu hóa,2024-01-01,2024-01-01,2024-01-01,29,permanently_inactive_outside_recent_window
TNB,15.L1.3060.2804,069,Vô hiệu hóa,2024-09-01,2024-09-01,2024-09-01,21,permanently_inactive_outside_recent_window
MT-TNG,15.L1.3060.2804,078,Vô hiệu hóa,2024-01-01,2024-01-01,2024-01-01,29,permanently_inactive_outside_recent_window
TNB,15.L1.3060.2806,011,Vô hiệu hóa,2024-08-01,2024-08-01,2024-08-01,22,permanently_inactive_outside_recent_window
TNB,15.L1.3060.2806,069,Vô hiệu hóa,2024-09-01,2024-09-01,2024-09-01,21,permanently_inactive_outside_recent_window
TNB,15.L1.3060.2807,011,Vô hiệu hóa,2024-08-01,2024-08-01,2024-08-01,22,permanently_inactive_outside_recent_window
MT-TNG,15.L1.3060.2807,049,Vô hiệu hóa,2024-01-01,2024-09-01,2024-09-01,21,permanently_inactive_outside_recent_window
MT-TNG,15.L1.3060.2807,099,Vô hiệu hóa,2024-08-01,2024-08-01,2024-08-01,22,permanently_inactive_outside_recent_window
Chưa xác định,15.L1.3060.2807,222,Vô hiệu hóa,2024-03-01,2024-03-01,2024-03-01,27,permanently_inactive_outside_recent_window
TNB,15.L1.3060.2808,011,Vô hiệu hóa,2024-08-01,2024-08-01,2024-08-01,22,permanently_inactive_outside_recent_window
MT-TNG,15.L1.3060.2808,049,Vô hiệu hóa,2024-01-01,2024-07-01,2024-07-01,23,permanently_inactive_outside_recent_window
MT-TNG,15.L1.3060.2809,049,Vô hiệu hóa,2024-05-01,2024-09-01,2024-09-01,21,permanently_inactive_outside_recent_window
MT-TNG,15.L1.3060.2809,099,Vô hiệu hóa,2024-08-01,2024-08-01,2024-08-01,22,permanently_inactive_outside_recent_window
Chưa xác định,15.L1.3060.2809,222,Vô hiệu hóa,2024-03-01,2024-03-01,2024-03-01,27,permanently_inactive_outside_recent_window
MT-TNG,15.L1.3060.2811,079,Vô hiệu hóa,2024-03-01,2024-03-01,2024-03-01,27,permanently_inactive_outside_recent_window
MT-TNG,15.L1.3060.2812,049,Vô hiệu hóa,2024-04-01,2024-04-01,2024-04-01,26,permanently_inactive_outside_recent_window
MT-TNG,15.L1.3060.2812,079,Vô hiệu hóa,2024-03-01,2024-03-01,2024-03-01,27,permanently_inactive_outside_recent_window
MT-TNG,15.L1.3060.2813,049,Vô hiệu hóa,2024-04-01,2024-04-01,2024-04-01,26,permanently_inactive_outside_recent_window
MT-TNG,15.L1.3060.2813,079,Vô hiệu hóa,2024-03-01,2024-03-01,2024-03-01,27,permanently_inactive_outside_recent_window
Chưa xác định,15.L1.3060.2901,000,Vô hiệu hóa,2024-01-01,2024-01-01,2024-01-01,29,permanently_inactive_outside_recent_window
TNB,15.L1.3060.2901,011,Vô hiệu hóa,2024-01-01,2024-09-01,2024-09-01,21,permanently_inactive_outside_recent_window
MT-TNG,15.L1.3060.2901,014,Vô hiệu hóa,2024-01-01,2024-10-01,2024-10-01,20,permanently_inactive_outside_recent_window
TNB,15.L1.3060.2901,017,Vô hiệu hóa,2024-01-01,2024-03-01,2024-03-01,27,permanently_inactive_outside_recent_window
TNB,15.L1.3060.2901,018,Vô hiệu hóa,2024-02-01,2024-09-01,2024-09-01,21,permanently_inactive_outside_recent_window
DNB,15.L1.3060.2901,022,Vô hiệu hóa,2024-01-01,2024-01-01,2024-01-01,29,permanently_inactive_outside_recent_window
MT-TNG,15.L1.3060.2901,049,Vô hiệu hóa,2024-04-01,2025-02-01,2025-02-01,16,permanently_inactive_outside_recent_window
MT-TNG,15.L1.3060.2901,059,Vô hiệu hóa,2024-01-01,2024-08-01,2024-08-01,22,permanently_inactive_outside_recent_window
TNB,15.L1.3060.2901,069,Vô hiệu hóa,2024-06-01,2025-02-01,2025-02-01,16,permanently_inactive_outside_recent_window
MT-TNG,15.L1.3060.2901,072,Vô hiệu hóa,2025-03-01,2025-03-01,2025-03-01,15,permanently_inactive_outside_recent_window
MT-TNG,15.L1.3060.2901,078,Vô hiệu hóa,2024-01-01,2024-01-01,2024-01-01,29,permanently_inactive_outside_recent_window
MT-TNG,15.L1.3060.2901,079,Vô hiệu hóa,2024-01-01,2024-06-01,2024-06-01,24,permanently_inactive_outside_recent_window
Chưa xác định,15.L1.3060.2901,222,Vô hiệu hóa,2024-03-01,2024-03-01,2024-03-01,27,permanently_inactive_outside_recent_window
TNB,15.L1.3060.2902,011,Vô hiệu hóa,2024-01-01,2024-09-01,2024-09-01,21,permanently_inactive_outside_recent_window
TNB,15.L1.3060.2902,017,Vô hiệu hóa,2024-01-01,2024-03-01,2024-03-01,27,permanently_inactive_outside_recent_window
TNB,15.L1.3060.2902,018,Vô hiệu hóa,2024-02-01,2024-09-01,2024-09-01,21,permanently_inactive_outside_recent_window
MT-TNG,15.L1.3060.2902,049,Vô hiệu hóa,2025-02-01,2025-02-01,2025-02-01,16,permanently_inactive_outside_recent_window
MT-TNG,15.L1.3060.2902,059,Vô hiệu hóa,2024-07-01,2024-07-01,2024-07-01,23,permanently_inactive_outside_recent_window
MT-TNG,15.L1.3060.2902,064,Vô hiệu hóa,2024-09-01,2024-10-01,2024-10-01,20,permanently_inactive_outside_recent_window
TNB,15.L1.3060.2902,069,Vô hiệu hóa,2025-02-01,2025-02-01,2025-02-01,16,permanently_inactive_outside_recent_window
MT-TNG,15.L1.3060.2902,079,Vô hiệu hóa,2024-04-01,2024-08-01,2024-08-01,22,permanently_inactive_outside_recent_window
Chưa xác định,15.L1.3060.2902,222,Vô hiệu hóa,2024-03-01,2024-03-01,2024-03-01,27,permanently_inactive_outside_recent_window
TNB,15.L1.3060.2903,011,Vô hiệu hóa,2024-01-01,2024-09-01,2024-09-01,21,permanently_inactive_outside_recent_window
TNB,15.L1.3060.2903,017,Vô hiệu hóa,2024-01-01,2024-03-01,2024-03-01,27,permanently_inactive_outside_recent_window
TNB,15.L1.3060.2903,018,Vô hiệu hóa,2024-02-01,2024-09-01,2024-09-01,21,permanently_inactive_outside_recent_window
DNB,15.L1.3060.2903,022,Vô hiệu hóa,2024-01-01,2024-01-01,2024-01-01,29,permanently_inactive_outside_recent_window
MT-TNG,15.L1.3060.2903,049,Vô hiệu hóa,2024-01-01,2025-02-01,2025-02-01,16,permanently_inactive_outside_recent_window
MT-TNG,15.L1.3060.2903,059,Vô hiệu hóa,2024-07-01,2024-08-01,2024-08-01,22,permanently_inactive_outside_recent_window
DNB,15.L1.3060.2903,061,Vô hiệu hóa,2024-01-01,2024-04-01,2024-04-01,26,permanently_inactive_outside_recent_window
MT-TNG,15.L1.3060.2903,064,Vô hiệu hóa,2024-04-01,2024-09-01,2024-09-01,21,permanently_inactive_outside_recent_window
MT-TNG,15.L1.3060.2903,072,Vô hiệu hóa,2025-03-01,2025-03-01,2025-03-01,15,permanently_inactive_outside_recent_window
MT-TNG,15.L1.3060.2903,079,Vô hiệu hóa,2024-01-01,2024-08-01,2024-08-01,22,permanently_inactive_outside_recent_window
Chưa xác định,15.L1.3060.2903,222,Vô hiệu hóa,2024-03-01,2024-03-01,2024-03-01,27,permanently_inactive_outside_recent_window
Chưa xác định,15.L1.3060.2904,000,Vô hiệu hóa,2024-01-01,2024-05-01,2024-05-01,25,permanently_inactive_outside_recent_window
DNB,15.L1.3060.2904,008,Vô hiệu hóa,2024-01-01,2024-09-01,2024-09-01,21,permanently_inactive_outside_recent_window
TNB,15.L1.3060.2904,018,Vô hiệu hóa,2024-01-01,2024-06-01,2024-06-01,24,permanently_inactive_outside_recent_window
MT-TNG,15.L1.3060.2904,049,Vô hiệu hóa,2024-01-01,2024-04-01,2024-04-01,26,permanently_inactive_outside_recent_window
MT-TNG,15.L1.3060.2904,059,Vô hiệu hóa,2024-01-01,2024-05-01,2024-05-01,25,permanently_inactive_outside_recent_window
MT-TNG,15.L1.3060.2904,064,Vô hiệu hóa,2024-05-01,2024-05-01,2024-05-01,25,permanently_inactive_outside_recent_window
MT-TNG,15.L1.3060.2904,072,Vô hiệu hóa,2025-04-01,2025-04-01,2025-04-01,14,permanently_inactive_outside_recent_window
MT-TNG,15.L1.3060.2904,079,Vô hiệu hóa,2024-01-01,2024-08-01,2024-08-01,22,permanently_inactive_outside_recent_window
MT-TNG,15.L1.3060.2904,095,Vô hiệu hóa,2024-01-01,2024-01-01,2024-01-01,29,permanently_inactive_outside_recent_window
Chưa xác định,15.L1.3060.2904,222,Vô hiệu hóa,2024-05-01,2024-05-01,2024-05-01,25,permanently_inactive_outside_recent_window
MT-TNG,15.L1.3060.2905,001,Vô hiệu hóa,2024-01-01,2024-01-01,2024-01-01,29,permanently_inactive_outside_recent_window
DNB,15.L1.3060.2905,008,Vô hiệu hóa,2024-01-01,2024-09-01,2024-09-01,21,permanently_inactive_outside_recent_window
TNB,15.L1.3060.2905,018,Vô hiệu hóa,2024-06-01,2024-06-01,2024-06-01,24,permanently_inactive_outside_recent_window
MT-TNG,15.L1.3060.2905,049,Vô hiệu hóa,2024-04-01,2024-06-01,2024-06-01,24,permanently_inactive_outside_recent_window
MT-TNG,15.L1.3060.2905,059,Vô hiệu hóa,2024-01-01,2025-03-01,2025-03-01,15,permanently_inactive_outside_recent_window
MT-TNG,15.L1.3060.2905,079,Vô hiệu hóa,2024-08-01,2024-08-01,2024-08-01,22,permanently_inactive_outside_recent_window
MT-TNG,15.L1.3060.2905,095,Vô hiệu hóa,2024-01-01,2024-01-01,2024-01-01,29,permanently_inactive_outside_recent_window
Chưa xác định,15.L1.3060.2906,000,Vô hiệu hóa,2024-01-01,2024-01-01,2024-01-01,29,permanently_inactive_outside_recent_window
DNB,15.L1.3060.2906,008,Vô hiệu hóa,2024-01-01,2024-06-01,2024-06-01,24,permanently_inactive_outside_recent_window
TNB,15.L1.3060.2906,018,Vô hiệu hóa,2024-01-01,2024-06-01,2024-06-01,24,permanently_inactive_outside_recent_window
MT-TNG,15.L1.3060.2906,049,Vô hiệu hóa,2024-01-01,2024-07-01,2024-07-01,23,permanently_inactive_outside_recent_window
MT-TNG,15.L1.3060.2906,059,Vô hiệu hóa,2024-01-01,2025-03-01,2025-03-01,15,permanently_inactive_outside_recent_window
MT-TNG,15.L1.3060.2906,079,Vô hiệu hóa,2024-01-01,2024-08-01,2024-08-01,22,permanently_inactive_outside_recent_window
MT-TNG,15.L1.3060.2906,095,Vô hiệu hóa,2024-01-01,2024-01-01,2024-01-01,29,permanently_inactive_outside_recent_window
MT-TNG,15.L1.3060.2907,001,Vô hiệu hóa,2024-03-01,2024-03-01,2024-03-01,27,permanently_inactive_outside_recent_window
TNB,15.L1.3060.2907,017,Vô hiệu hóa,2024-01-01,2024-01-01,2024-01-01,29,permanently_inactive_outside_recent_window
TNB,15.L1.3060.2907,018,Vô hiệu hóa,2024-09-01,2024-09-01,2024-09-01,21,permanently_inactive_outside_recent_window
MT-TNG,15.L1.3060.2907,049,Vô hiệu hóa,2024-01-01,2025-04-01,2025-04-01,14,permanently_inactive_outside_recent_window
MT-TNG,15.L1.3060.2907,064,Vô hiệu hóa,2024-01-01,2024-09-01,2024-09-01,21,permanently_inactive_outside_recent_window
TNB,15.L1.3060.2907,069,Vô hiệu hóa,2024-10-01,2024-10-01,2024-10-01,20,permanently_inactive_outside_recent_window
MT-TNG,15.L1.3060.2907,079,Vô hiệu hóa,2024-01-01,2024-06-01,2024-06-01,24,permanently_inactive_outside_recent_window
MT-TNG,15.L1.3060.2907,095,Vô hiệu hóa,2024-01-01,2024-01-01,2024-01-01,29,permanently_inactive_outside_recent_window
MT-TNG,15.L1.3060.2908,001,Vô hiệu hóa,2024-03-01,2024-03-01,2024-03-01,27,permanently_inactive_outside_recent_window
TNB,15.L1.3060.2908,018,Vô hiệu hóa,2024-09-01,2024-09-01,2024-09-01,21,permanently_inactive_outside_recent_window
MT-TNG,15.L1.3060.2908,064,Vô hiệu hóa,2024-09-01,2024-09-01,2024-09-01,21,permanently_inactive_outside_recent_window
TNB,15.L1.3060.2908,069,Vô hiệu hóa,2024-10-01,2024-10-01,2024-10-01,20,permanently_inactive_outside_recent_window
MT-TNG,15.L1.3060.2908,079,Vô hiệu hóa,2024-02-01,2024-06-01,2024-06-01,24,permanently_inactive_outside_recent_window
Chưa xác định,15.L1.3060.2908,222,Vô hiệu hóa,2024-03-01,2024-03-01,2024-03-01,27,permanently_inactive_outside_recent_window
Chưa xác định,15.L1.3060.2909,000,Vô hiệu hóa,2024-03-01,2024-03-01,2024-03-01,27,permanently_inactive_outside_recent_window
MT-TNG,15.L1.3060.2909,001,Vô hiệu hóa,2024-03-01,2024-03-01,2024-03-01,27,permanently_inactive_outside_recent_window
TNB,15.L1.3060.2909,017,Vô hiệu hóa,2024-01-01,2024-01-01,2024-01-01,29,permanently_inactive_outside_recent_window
TNB,15.L1.3060.2909,018,Vô hiệu hóa,2024-09-01,2024-09-01,2024-09-01,21,permanently_inactive_outside_recent_window
MT-TNG,15.L1.3060.2909,059,Vô hiệu hóa,2024-07-01,2024-09-01,2024-09-01,21,permanently_inactive_outside_recent_window
MT-TNG,15.L1.3060.2909,064,Vô hiệu hóa,2024-01-01,2024-09-01,2024-09-01,21,permanently_inactive_outside_recent_window
TNB,15.L1.3060.2909,069,Vô hiệu hóa,2024-10-01,2024-10-01,2024-10-01,20,permanently_inactive_outside_recent_window
MT-TNG,15.L1.3060.2909,079,Vô hiệu hóa,2024-01-01,2024-06-01,2024-06-01,24,permanently_inactive_outside_recent_window
MT-TNG,15.L1.3060.2909,095,Vô hiệu hóa,2024-01-01,2024-01-01,2024-01-01,29,permanently_inactive_outside_recent_window
Chưa xác định,15.L1.3060.2909,222,Vô hiệu hóa,2024-03-01,2024-03-01,2024-03-01,27,permanently_inactive_outside_recent_window
Chưa xác định,15.L1.3060.2911,000,Vô hiệu hóa,2024-03-01,2024-03-01,2024-03-01,27,permanently_inactive_outside_recent_window
MT-TNG,15.L1.3060.2911,001,Vô hiệu hóa,2024-01-01,2025-01-01,2025-01-01,17,permanently_inactive_outside_recent_window
TNB,15.L1.3060.2911,011,Vô hiệu hóa,2024-01-01,2024-11-01,2024-11-01,19,permanently_inactive_outside_recent_window
DNB,15.L1.3060.2911,013,Vô hiệu hóa,2024-02-01,2025-04-01,2025-04-01,14,permanently_inactive_outside_recent_window
TNB,15.L1.3060.2911,017,Vô hiệu hóa,2024-01-01,2024-12-01,2024-12-01,18,permanently_inactive_outside_recent_window
TNB,15.L1.3060.2911,018,Vô hiệu hóa,2024-01-01,2024-06-01,2024-06-01,24,permanently_inactive_outside_recent_window
DNB,15.L1.3060.2911,019,Vô hiệu hóa,2024-02-01,2024-02-01,2024-02-01,28,permanently_inactive_outside_recent_window
MT-TNG,15.L1.3060.2911,023,Vô hiệu hóa,2024-01-01,2024-06-01,2024-06-01,24,permanently_inactive_outside_recent_window
TNB,15.L1.3060.2911,024,Vô hiệu hóa,2024-02-01,2025-02-01,2025-02-01,16,permanently_inactive_outside_recent_window
MT-TNG,15.L1.3060.2911,049,Vô hiệu hóa,2024-01-01,2025-03-01,2025-03-01,15,permanently_inactive_outside_recent_window
MT-TNG,15.L1.3060.2911,059,Vô hiệu hóa,2024-11-01,2024-11-01,2024-11-01,19,permanently_inactive_outside_recent_window
DNB,15.L1.3060.2911,060,Vô hiệu hóa,2024-01-01,2025-03-01,2025-03-01,15,permanently_inactive_outside_recent_window
MT-TNG,15.L1.3060.2911,064,Vô hiệu hóa,2024-01-01,2024-03-01,2024-03-01,27,permanently_inactive_outside_recent_window
MT-TNG,15.L1.3060.2911,067,Vô hiệu hóa,2024-05-01,2024-05-01,2024-05-01,25,permanently_inactive_outside_recent_window
TNB,15.L1.3060.2911,069,Vô hiệu hóa,2024-01-01,2025-04-01,2025-04-01,14,permanently_inactive_outside_recent_window
MT-TNG,15.L1.3060.2911,070,Vô hiệu hóa,2024-01-01,2024-02-01,2024-02-01,28,permanently_inactive_outside_recent_window
DNB,15.L1.3060.2911,094,Vô hiệu hóa,2024-01-01,2024-07-01,2024-07-01,23,permanently_inactive_outside_recent_window
TNB,15.L1.3060.2911,098,Vô hiệu hóa,2024-03-01,2024-03-01,2024-03-01,27,permanently_inactive_outside_recent_window
TNB,15.L1.3060.2912,011,Vô hiệu hóa,2024-01-01,2024-11-01,2024-11-01,19,permanently_inactive_outside_recent_window
DNB,15.L1.3060.2912,013,Vô hiệu hóa,2025-04-01,2025-04-01,2025-04-01,14,permanently_inactive_outside_recent_window
TNB,15.L1.3060.2912,017,Vô hiệu hóa,2024-11-01,2024-11-01,2024-11-01,19,permanently_inactive_outside_recent_window
TNB,15.L1.3060.2912,018,Vô hiệu hóa,2024-04-01,2024-06-01,2024-06-01,24,permanently_inactive_outside_recent_window
MT-TNG,15.L1.3060.2912,023,Vô hiệu hóa,2024-06-01,2024-10-01,2024-10-01,20,permanently_inactive_outside_recent_window
TNB,15.L1.3060.2912,024,Vô hiệu hóa,2024-02-01,2025-02-01,2025-02-01,16,permanently_inactive_outside_recent_window
DNB,15.L1.3060.2912,060,Vô hiệu hóa,2024-01-01,2025-03-01,2025-03-01,15,permanently_inactive_outside_recent_window
MT-TNG,15.L1.3060.2912,064,Vô hiệu hóa,2024-09-01,2024-09-01,2024-09-01,21,permanently_inactive_outside_recent_window
TNB,15.L1.3060.2912,069,Vô hiệu hóa,2024-07-01,2025-04-01,2025-04-01,14,permanently_inactive_outside_recent_window
DNB,15.L1.3060.2912,094,Vô hiệu hóa,2024-01-01,2024-07-01,2024-07-01,23,permanently_inactive_outside_recent_window
DNB,15.L1.3060.2913,013,Vô hiệu hóa,2024-04-01,2025-04-01,2025-04-01,14,permanently_inactive_outside_recent_window
TNB,15.L1.3060.2913,017,Vô hiệu hóa,2024-01-01,2024-11-01,2024-11-01,19,permanently_inactive_outside_recent_window
TNB,15.L1.3060.2913,018,Vô hiệu hóa,2024-04-01,2024-06-01,2024-06-01,24,permanently_inactive_outside_recent_window
DNB,15.L1.3060.2913,019,Vô hiệu hóa,2024-02-01,2024-02-01,2024-02-01,28,permanently_inactive_outside_recent_window
MT-TNG,15.L1.3060.2913,023,Vô hiệu hóa,2024-06-01,2024-10-01,2024-10-01,20,permanently_inactive_outside_recent_window
TNB,15.L1.3060.2913,024,Vô hiệu hóa,2024-02-01,2025-02-01,2025-02-01,16,permanently_inactive_outside_recent_window
DNB,15.L1.3060.2913,060,Vô hiệu hóa,2024-01-01,2025-03-01,2025-03-01,15,permanently_inactive_outside_recent_window
MT-TNG,15.L1.3060.2913,064,Vô hiệu hóa,2024-03-01,2024-09-01,2024-09-01,21,permanently_inactive_outside_recent_window
MT-TNG,15.L1.3060.2913,067,Vô hiệu hóa,2024-05-01,2024-05-01,2024-05-01,25,permanently_inactive_outside_recent_window
TNB,15.L1.3060.2913,069,Vô hiệu hóa,2024-01-01,2025-04-01,2025-04-01,14,permanently_inactive_outside_recent_window
MT-TNG,15.L1.3060.2913,070,Vô hiệu hóa,2024-01-01,2024-02-01,2024-02-01,28,permanently_inactive_outside_recent_window
DNB,15.L1.3060.2913,094,Vô hiệu hóa,2024-01-01,2024-07-01,2024-07-01,23,permanently_inactive_outside_recent_window
Chưa xác định,15.L1.6060.6601,000,Vô hiệu hóa,2024-03-01,2025-02-01,2025-02-01,16,permanently_inactive_outside_recent_window
MT-TNG,15.L1.6060.6601,001,Vô hiệu hóa,2024-01-01,2025-03-01,2025-03-01,15,permanently_inactive_outside_recent_window
DNB,15.L1.6060.6601,010,Vô hiệu hóa,2024-01-01,2025-04-01,2025-04-01,14,permanently_inactive_outside_recent_window
TNB,15.L1.6060.6601,011,Vô hiệu hóa,2024-01-01,2025-05-01,2025-05-01,13,permanently_inactive_outside_recent_window
MT-TNG,15.L1.6060.6601,012,Vô hiệu hóa,2024-01-01,2025-04-01,2025-04-01,14,permanently_inactive_outside_recent_window
MT-TNG,15.L1.6060.6601,014,Vô hiệu hóa,2024-01-01,2025-05-01,2025-05-01,13,permanently_inactive_outside_recent_window
TNB,15.L1.6060.6601,015,Vô hiệu hóa,2024-01-01,2024-03-01,2024-03-01,27,permanently_inactive_outside_recent_window
DNB,15.L1.6060.6601,019,Vô hiệu hóa,2024-12-01,2025-03-01,2025-03-01,15,permanently_inactive_outside_recent_window
MT-TNG,15.L1.6060.6601,023,Vô hiệu hóa,2024-01-01,2025-02-01,2025-02-01,16,permanently_inactive_outside_recent_window
MT-TNG,15.L1.6060.6601,049,Vô hiệu hóa,2024-01-01,2025-05-01,2025-05-01,13,permanently_inactive_outside_recent_window
MT-TNG,15.L1.6060.6601,059,Vô hiệu hóa,2024-04-01,2025-01-01,2025-01-01,17,permanently_inactive_outside_recent_window
MT-TNG,15.L1.6060.6601,067,Vô hiệu hóa,2024-01-01,2024-05-01,2024-05-01,25,permanently_inactive_outside_recent_window
MT-TNG,15.L1.6060.6601,078,Vô hiệu hóa,2024-01-01,2024-02-01,2024-02-01,28,permanently_inactive_outside_recent_window
Chưa xác định,15.L1.6060.6601,093,Vô hiệu hóa,2024-07-01,2024-07-01,2024-07-01,23,permanently_inactive_outside_recent_window
MT-TNG,15.L1.6060.6601,095,Vô hiệu hóa,2024-01-01,2024-01-01,2024-01-01,29,permanently_inactive_outside_recent_window
DNB,15.L1.6060.6601,097,Vô hiệu hóa,2024-01-01,2025-03-01,2025-03-01,15,permanently_inactive_outside_recent_window
Chưa xác định,15.L1.6060.6601,222,Vô hiệu hóa,2024-03-01,2024-03-01,2024-03-01,27,permanently_inactive_outside_recent_window
TNB,15.L1.6060.6602,011,Vô hiệu hóa,2024-02-01,2025-03-01,2025-03-01,15,permanently_inactive_outside_recent_window
MT-TNG,15.L1.6060.6602,012,Vô hiệu hóa,2024-01-01,2025-05-01,2025-05-01,13,permanently_inactive_outside_recent_window
MT-TNG,15.L1.6060.6602,014,Vô hiệu hóa,2024-01-01,2025-05-01,2025-05-01,13,permanently_inactive_outside_recent_window
TNB,15.L1.6060.6602,015,Vô hiệu hóa,2024-01-01,2024-02-01,2024-02-01,28,permanently_inactive_outside_recent_window
MT-TNG,15.L1.6060.6602,059,Vô hiệu hóa,2024-08-01,2025-02-01,2025-02-01,16,permanently_inactive_outside_recent_window
TNB,15.L1.6060.6602,069,Vô hiệu hóa,2024-01-01,2025-01-01,2025-01-01,17,permanently_inactive_outside_recent_window
MT-TNG,15.L1.6060.6602,095,Vô hiệu hóa,2024-01-01,2024-02-01,2024-02-01,28,permanently_inactive_outside_recent_window
DNB,15.L1.6060.6602,097,Vô hiệu hóa,2024-04-01,2025-03-01,2025-03-01,15,permanently_inactive_outside_recent_window
Chưa xác định,15.L1.6060.6602,222,Vô hiệu hóa,2024-03-01,2024-03-01,2024-03-01,27,permanently_inactive_outside_recent_window
Chưa xác định,15.L1.6060.6604,000,Vô hiệu hóa,2024-02-01,2024-12-01,2024-12-01,18,permanently_inactive_outside_recent_window
MT-TNG,15.L1.6060.6604,014,Vô hiệu hóa,2024-03-01,2025-04-01,2025-04-01,14,permanently_inactive_outside_recent_window
MT-TNG,15.L1.6060.6604,023,Vô hiệu hóa,2025-03-01,2025-03-01,2025-03-01,15,permanently_inactive_outside_recent_window
MT-TNG,15.L1.6060.6604,059,Vô hiệu hóa,2024-01-01,2024-10-01,2024-10-01,20,permanently_inactive_outside_recent_window
MT-TNG,15.L1.6060.6604,067,Vô hiệu hóa,2024-01-01,2024-01-01,2024-01-01,29,permanently_inactive_outside_recent_window
MT-TNG,15.L1.6060.6604,079,Vô hiệu hóa,2024-01-01,2025-04-01,2025-04-01,14,permanently_inactive_outside_recent_window
DNB,15.L1.6060.6604,081,Vô hiệu hóa,2024-02-01,2024-09-01,2024-09-01,21,permanently_inactive_outside_recent_window
MT-TNG,15.L1.6060.6604,095,Vô hiệu hóa,2024-01-01,2024-01-01,2024-01-01,29,permanently_inactive_outside_recent_window
TNB,15.L1.6060.6604,098,Vô hiệu hóa,2024-04-01,2025-04-01,2025-04-01,14,permanently_inactive_outside_recent_window
MT-TNG,15.L1.6060.6604,099,Vô hiệu hóa,2024-03-01,2024-03-01,2024-03-01,27,permanently_inactive_outside_recent_window
Chưa xác định,15.L1.6060.6604,222,Vô hiệu hóa,2024-01-01,2025-03-01,2025-03-01,15,permanently_inactive_outside_recent_window
Chưa xác định,15.L1.6060.6605,000,Vô hiệu hóa,2024-03-01,2025-03-01,2025-03-01,15,permanently_inactive_outside_recent_window
MT-TNG,15.L1.6060.6605,014,Vô hiệu hóa,2024-01-01,2025-04-01,2025-04-01,14,permanently_inactive_outside_recent_window
TNB,15.L1.6060.6605,017,Vô hiệu hóa,2024-01-01,2024-08-01,2024-08-01,22,permanently_inactive_outside_recent_window
MT-TNG,15.L1.6060.6605,059,Vô hiệu hóa,2024-01-01,2025-02-01,2025-02-01,16,permanently_inactive_outside_recent_window
MT-TNG,15.L1.6060.6605,064,Vô hiệu hóa,2024-01-01,2025-05-01,2025-05-01,13,permanently_inactive_outside_recent_window
TNB,15.L1.6060.6605,065,Vô hiệu hóa,2024-02-01,2024-10-01,2024-10-01,20,permanently_inactive_outside_recent_window
MT-TNG,15.L1.6060.6605,066,Vô hiệu hóa,2024-06-01,2025-03-01,2025-03-01,15,permanently_inactive_outside_recent_window
MT-TNG,15.L1.6060.6605,067,Vô hiệu hóa,2024-01-01,2024-05-01,2024-05-01,25,permanently_inactive_outside_recent_window
MT-TNG,15.L1.6060.6605,072,Vô hiệu hóa,2024-01-01,2025-04-01,2025-04-01,14,permanently_inactive_outside_recent_window
MT-TNG,15.L1.6060.6605,078,Vô hiệu hóa,2024-01-01,2024-02-01,2024-02-01,28,permanently_inactive_outside_recent_window
Chưa xác định,15.L1.6060.6605,093,Vô hiệu hóa,2024-07-01,2024-07-01,2024-07-01,23,permanently_inactive_outside_recent_window
MT-TNG,15.L1.6060.6605,095,Vô hiệu hóa,2024-01-01,2024-01-01,2024-01-01,29,permanently_inactive_outside_recent_window
DNB,15.L1.6060.6605,097,Vô hiệu hóa,2024-01-01,2025-03-01,2025-03-01,15,permanently_inactive_outside_recent_window
MT-TNG,15.L1.6060.6605,099,Vô hiệu hóa,2024-03-01,2024-03-01,2024-03-01,27,permanently_inactive_outside_recent_window
Chưa xác định,15.L1.6060.6605,222,Vô hiệu hóa,2024-01-01,2024-03-01,2024-03-01,27,permanently_inactive_outside_recent_window
Chưa xác định,15.L1.6060.6606,000,Vô hiệu hóa,2024-01-01,2024-05-01,2024-05-01,25,permanently_inactive_outside_recent_window
MT-TNG,15.L1.6060.6606,014,Vô hiệu hóa,2024-01-01,2025-05-01,2025-05-01,13,permanently_inactive_outside_recent_window
MT-TNG,15.L1.6060.6606,049,Vô hiệu hóa,2024-01-01,2025-05-01,2025-05-01,13,permanently_inactive_outside_recent_window
MT-TNG,15.L1.6060.6606,059,Vô hiệu hóa,2024-01-01,2025-02-01,2025-02-01,16,permanently_inactive_outside_recent_window
MT-TNG,15.L1.6060.6606,064,Vô hiệu hóa,2024-01-01,2025-03-01,2025-03-01,15,permanently_inactive_outside_recent_window
MT-TNG,15.L1.6060.6606,067,Vô hiệu hóa,2024-01-01,2024-01-01,2024-01-01,29,permanently_inactive_outside_recent_window
MT-TNG,15.L1.6060.6606,078,Vô hiệu hóa,2024-01-01,2024-01-01,2024-01-01,29,permanently_inactive_outside_recent_window
DNB,15.L1.6060.6606,081,Vô hiệu hóa,2024-01-01,2024-06-01,2024-06-01,24,permanently_inactive_outside_recent_window
Chưa xác định,15.L1.6060.6606,093,Vô hiệu hóa,2024-07-01,2024-07-01,2024-07-01,23,permanently_inactive_outside_recent_window
DNB,15.L1.6060.6606,094,Vô hiệu hóa,2024-04-01,2025-05-01,2025-05-01,13,permanently_inactive_outside_recent_window
MT-TNG,15.L1.6060.6606,095,Vô hiệu hóa,2024-02-01,2024-02-01,2024-02-01,28,permanently_inactive_outside_recent_window
Chưa xác định,15.L1.6060.6606,222,Vô hiệu hóa,2024-03-01,2024-06-01,2024-06-01,24,permanently_inactive_outside_recent_window
MT-TNG,15.L1.6060.6682,072,Vô hiệu hóa,2024-03-01,2024-09-01,2024-09-01,21,permanently_inactive_outside_recent_window
DNB,15.L1.6060.6801,013,Vô hiệu hóa,2025-05-01,2025-05-01,2025-05-01,13,permanently_inactive_outside_recent_window
MT-TNG,15.L1.6060.6801,064,Vô hiệu hóa,2024-01-01,2024-01-01,2024-01-01,29,permanently_inactive_outside_recent_window
TNB,15.L1.6060.6801,069,Vô hiệu hóa,2025-01-01,2025-01-01,2025-01-01,17,permanently_inactive_outside_recent_window
MT-TNG,15.L1.6060.6802,049,Vô hiệu hóa,2024-01-01,2024-07-01,2024-07-01,23,permanently_inactive_outside_recent_window
MT-TNG,15.L1.6060.6802,059,Vô hiệu hóa,2024-11-01,2025-03-01,2025-03-01,15,permanently_inactive_outside_recent_window
TNB,15.L1.6060.6803,011,Vô hiệu hóa,2024-08-01,2024-08-01,2024-08-01,22,permanently_inactive_outside_recent_window
TNB,15.L1.6060.6804,011,Vô hiệu hóa,2024-08-01,2024-08-01,2024-08-01,22,permanently_inactive_outside_recent_window
MT-TNG,15.L1.6060.6804,049,Vô hiệu hóa,2024-03-01,2024-09-01,2024-09-01,21,permanently_inactive_outside_recent_window
MT-TNG,15.L1.6060.6804,099,Vô hiệu hóa,2024-07-01,2024-07-01,2024-07-01,23,permanently_inactive_outside_recent_window
TNB,15.L1.6060.6805,011,Vô hiệu hóa,2024-08-01,2024-08-01,2024-08-01,22,permanently_inactive_outside_recent_window
MT-TNG,15.L1.6060.6805,064,Vô hiệu hóa,2024-01-01,2024-01-01,2024-01-01,29,permanently_inactive_outside_recent_window
TNB,15.L1.6060.6807,011,Vô hiệu hóa,2024-09-01,2024-10-01,2024-10-01,20,permanently_inactive_outside_recent_window
TNB,15.L1.6060.6807,069,Vô hiệu hóa,2024-03-01,2024-05-01,2024-05-01,25,permanently_inactive_outside_recent_window
MT-TNG,15.L1.6060.6807,078,Vô hiệu hóa,2024-01-01,2024-01-01,2024-01-01,29,permanently_inactive_outside_recent_window
DNB,15.L1.6060.6807,097,Vô hiệu hóa,2024-01-01,2025-03-01,2025-03-01,15,permanently_inactive_outside_recent_window
MT-TNG,15.L1.6060.6807,099,Vô hiệu hóa,2024-04-01,2024-04-01,2024-04-01,26,permanently_inactive_outside_recent_window
Chưa xác định,15.L1.6060.6807,222,Vô hiệu hóa,2024-03-01,2024-03-01,2024-03-01,27,permanently_inactive_outside_recent_window
MT-TNG,15.L1.6060.6808,049,Vô hiệu hóa,2024-06-01,2024-06-01,2024-06-01,24,permanently_inactive_outside_recent_window
DNB,15.L1.6060.6808,061,Vô hiệu hóa,2024-08-01,2024-08-01,2024-08-01,22,permanently_inactive_outside_recent_window
MT-TNG,15.L1.6060.6809,049,Vô hiệu hóa,2024-05-01,2024-05-01,2024-05-01,25,permanently_inactive_outside_recent_window
MT-TNG,15.L1.6060.6809,064,Vô hiệu hóa,2024-04-01,2024-12-01,2024-12-01,18,permanently_inactive_outside_recent_window
TNB,15.L1.6060.6811,011,Vô hiệu hóa,2024-03-01,2024-07-01,2024-07-01,23,permanently_inactive_outside_recent_window
TNB,15.L1.6060.6812,011,Vô hiệu hóa,2024-07-01,2024-07-01,2024-07-01,23,permanently_inactive_outside_recent_window
MT-TNG,15.L1.6060.6812,049,Vô hiệu hóa,2024-04-01,2024-06-01,2024-06-01,24,permanently_inactive_outside_recent_window
DNB,15.L1.6060.6812,094,Vô hiệu hóa,2024-01-01,2024-07-01,2024-07-01,23,permanently_inactive_outside_recent_window
TNB,15.L1.6060.6813,011,Vô hiệu hóa,2024-08-01,2024-08-01,2024-08-01,22,permanently_inactive_outside_recent_window
DNB,15.L1.6060.6813,061,Vô hiệu hóa,2024-08-01,2024-09-01,2024-09-01,21,permanently_inactive_outside_recent_window
MT-TNG,15.L1.6060.6813,099,Vô hiệu hóa,2024-04-01,2024-04-01,2024-04-01,26,permanently_inactive_outside_recent_window
Chưa xác định,15.L1.6060.6813,222,Vô hiệu hóa,2024-03-01,2024-03-01,2024-03-01,27,permanently_inactive_outside_recent_window
TNB,15.L1.6060.6814,011,Vô hiệu hóa,2024-07-01,2024-07-01,2024-07-01,23,permanently_inactive_outside_recent_window
MT-TNG,15.L1.6060.6814,099,Vô hiệu hóa,2024-03-01,2025-03-01,2025-03-01,15,permanently_inactive_outside_recent_window
Chưa xác định,15.L1.6060.6814,222,Vô hiệu hóa,2024-03-01,2024-03-01,2024-03-01,27,permanently_inactive_outside_recent_window
TNB,15.L1.6060.6872,011,Vô hiệu hóa,2024-07-01,2024-07-01,2024-07-01,23,permanently_inactive_outside_recent_window
TNB,15.L1.6060.6872,017,Vô hiệu hóa,2024-07-01,2024-07-01,2024-07-01,23,permanently_inactive_outside_recent_window
TNB,15.L1.6060.6873,011,Vô hiệu hóa,2024-04-01,2024-09-01,2024-09-01,21,permanently_inactive_outside_recent_window
TNB,15.L1.6060.6874,011,Vô hiệu hóa,2024-08-01,2024-08-01,2024-08-01,22,permanently_inactive_outside_recent_window
TNB,15.L1.6060.6875,011,Vô hiệu hóa,2024-03-01,2024-08-01,2024-08-01,22,permanently_inactive_outside_recent_window
MT-TNG,15.L1.6060.6875,079,Vô hiệu hóa,2024-03-01,2024-03-01,2024-03-01,27,permanently_inactive_outside_recent_window
DNB,16.L1.6060.6209,013,Vô hiệu hóa,2024-05-01,2024-05-01,2024-05-01,25,permanently_inactive_outside_recent_window
DNB,16.L1.8080.8201,002,Vô hiệu hóa,2024-07-01,2024-07-01,2024-07-01,23,permanently_inactive_outside_recent_window
DNB,16.L1.8080.8201,008,Vô hiệu hóa,2024-01-01,2025-04-01,2025-04-01,14,permanently_inactive_outside_recent_window
DNB,16.L1.8080.8201,013,Vô hiệu hóa,2025-04-01,2025-04-01,2025-04-01,14,permanently_inactive_outside_recent_window
MT-TNG,16.L1.8080.8201,023,Vô hiệu hóa,2024-06-01,2024-06-01,2024-06-01,24,permanently_inactive_outside_recent_window
MT-TNG,16.L1.8080.8201,049,Vô hiệu hóa,2024-05-01,2024-12-01,2024-12-01,18,permanently_inactive_outside_recent_window
DNB,16.L1.8080.8202,002,Vô hiệu hóa,2024-01-01,2024-11-01,2024-11-01,19,permanently_inactive_outside_recent_window
DNB,16.L1.8080.8202,008,Vô hiệu hóa,2024-04-01,2024-04-01,2024-04-01,26,permanently_inactive_outside_recent_window
TNB,16.L1.8080.8202,011,Vô hiệu hóa,2024-01-01,2024-11-01,2024-11-01,19,permanently_inactive_outside_recent_window
DNB,16.L1.8080.8202,013,Vô hiệu hóa,2024-03-01,2025-04-01,2025-04-01,14,permanently_inactive_outside_recent_window
TNB,16.L1.8080.8202,017,Vô hiệu hóa,2024-01-01,2024-04-01,2024-04-01,26,permanently_inactive_outside_recent_window
MT-TNG,16.L1.8080.8202,023,Vô hiệu hóa,2024-06-01,2024-10-01,2024-10-01,20,permanently_inactive_outside_recent_window
MT-TNG,16.L1.8080.8202,049,Vô hiệu hóa,2024-01-01,2024-07-01,2024-07-01,23,permanently_inactive_outside_recent_window
MT-TNG,16.L1.8080.8202,072,Vô hiệu hóa,2024-03-01,2024-03-01,2024-03-01,27,permanently_inactive_outside_recent_window
MT-TNG,16.L1.8080.8202,078,Vô hiệu hóa,2024-01-01,2024-01-01,2024-01-01,29,permanently_inactive_outside_recent_window
Chưa xác định,16.L1.8080.8202,222,Vô hiệu hóa,2024-03-01,2024-03-01,2024-03-01,27,permanently_inactive_outside_recent_window
DNB,16.L1.8080.8203,013,Vô hiệu hóa,2025-04-01,2025-04-01,2025-04-01,14,permanently_inactive_outside_recent_window
MT-TNG,16.L1.8080.8203,059,Vô hiệu hóa,2024-06-01,2025-03-01,2025-03-01,15,permanently_inactive_outside_recent_window
MT-TNG,16.L1.8080.8203,071,Vô hiệu hóa,2024-06-01,2024-06-01,2024-06-01,24,permanently_inactive_outside_recent_window
TNB,16.L1.8080.8204,011,Vô hiệu hóa,2024-11-01,2024-11-01,2024-11-01,19,permanently_inactive_outside_recent_window
DNB,16.L1.8080.8204,013,Vô hiệu hóa,2024-07-01,2025-04-01,2025-04-01,14,permanently_inactive_outside_recent_window
MT-TNG,16.L1.8080.8204,095,Vô hiệu hóa,2024-01-01,2024-02-01,2024-02-01,28,permanently_inactive_outside_recent_window
MT-TNG,16.L1.8080.8205,049,Vô hiệu hóa,2024-04-01,2024-04-01,2024-04-01,26,permanently_inactive_outside_recent_window
MT-TNG,16.L1.8080.8205,059,Vô hiệu hóa,2024-06-01,2024-12-01,2024-12-01,18,permanently_inactive_outside_recent_window
DNB,16.L1.8080.8205,061,Vô hiệu hóa,2024-11-01,2024-11-01,2024-11-01,19,permanently_inactive_outside_recent_window
TNB,16.L1.8080.8205,063,Vô hiệu hóa,2024-01-01,2024-09-01,2024-09-01,21,permanently_inactive_outside_recent_window
MT-TNG,16.L1.8080.8205,067,Vô hiệu hóa,2024-01-01,2024-01-01,2024-01-01,29,permanently_inactive_outside_recent_window
MT-TNG,16.L1.8080.8205,070,Vô hiệu hóa,2024-01-01,2024-02-01,2024-02-01,28,permanently_inactive_outside_recent_window
MT-TNG,16.L1.8080.8205,071,Vô hiệu hóa,2024-01-01,2025-03-01,2025-03-01,15,permanently_inactive_outside_recent_window
MT-TNG,16.L1.8080.8205,079,Vô hiệu hóa,2024-06-01,2024-06-01,2024-06-01,24,permanently_inactive_outside_recent_window
DNB,16.L1.8080.8205,081,Vô hiệu hóa,2024-01-01,2025-01-01,2025-01-01,17,permanently_inactive_outside_recent_window
MT-TNG,16.L1.8080.8205,095,Vô hiệu hóa,2024-01-01,2024-01-01,2024-01-01,29,permanently_inactive_outside_recent_window
MT-TNG,16.L1.8080.8205,099,Vô hiệu hóa,2024-03-01,2024-10-01,2024-10-01,20,permanently_inactive_outside_recent_window
MT-TNG,16.L1.8080.8206,067,Vô hiệu hóa,2024-01-01,2024-01-01,2024-01-01,29,permanently_inactive_outside_recent_window
MT-TNG,16.L1.8080.8206,070,Vô hiệu hóa,2024-01-01,2024-02-01,2024-02-01,28,permanently_inactive_outside_recent_window
MT-TNG,16.L1.8080.8206,071,Vô hiệu hóa,2024-01-01,2024-09-01,2024-09-01,21,permanently_inactive_outside_recent_window
DNB,16.L1.8080.8206,081,Vô hiệu hóa,2024-03-01,2024-03-01,2024-03-01,27,permanently_inactive_outside_recent_window
MT-TNG,16.L1.8080.8206,095,Vô hiệu hóa,2024-01-01,2024-01-01,2024-01-01,29,permanently_inactive_outside_recent_window
MT-TNG,16.L1.8080.8206,099,Vô hiệu hóa,2024-03-01,2024-10-01,2024-10-01,20,permanently_inactive_outside_recent_window
MT-TNG,16.L1.8080.8207,071,Vô hiệu hóa,2025-05-01,2025-05-01,2025-05-01,13,permanently_inactive_outside_recent_window
MT-TNG,16.L1.8080.8208,059,Vô hiệu hóa,2024-02-01,2024-02-01,2024-02-01,28,permanently_inactive_outside_recent_window
TNB,16.L1.8080.8208,063,Vô hiệu hóa,2024-05-01,2024-05-01,2024-05-01,25,permanently_inactive_outside_recent_window
MT-TNG,16.L1.8080.8208,071,Vô hiệu hóa,2024-01-01,2025-05-01,2025-05-01,13,permanently_inactive_outside_recent_window
MT-TNG,16.L1.8080.8208,079,Vô hiệu hóa,2024-03-01,2024-03-01,2024-03-01,27,permanently_inactive_outside_recent_window
MT-TNG,16.L1.8080.8208,095,Vô hiệu hóa,2024-01-01,2024-01-01,2024-01-01,29,permanently_inactive_outside_recent_window
MT-TNG,16.L1.8080.8209,071,Vô hiệu hóa,2024-01-01,2025-03-01,2025-03-01,15,permanently_inactive_outside_recent_window
DNB,16.L1.8080.8209,094,Vô hiệu hóa,2024-03-01,2024-03-01,2024-03-01,27,permanently_inactive_outside_recent_window
TNB,17.L1.3060.3601D,050,Vô hiệu hóa,2024-07-01,2024-07-01,2024-07-01,23,permanently_inactive_outside_recent_window
TNB,17.L1.3060.3601T,063,Vô hiệu hóa,2024-06-01,2024-06-01,2024-06-01,24,permanently_inactive_outside_recent_window
TNB,17.L1.3060.3602T,050,Vô hiệu hóa,2024-07-01,2024-07-01,2024-07-01,23,permanently_inactive_outside_recent_window
MT-TNG,17.L1.3060.3605D,012,Vô hiệu hóa,2024-04-01,2024-04-01,2024-04-01,26,permanently_inactive_outside_recent_window
TNB,17.L1.3060.3605D,069,Vô hiệu hóa,2024-01-01,2024-01-01,2024-01-01,29,permanently_inactive_outside_recent_window
MT-TNG,17.L1.3060.3605V,012,Vô hiệu hóa,2024-07-01,2024-07-01,2024-07-01,23,permanently_inactive_outside_recent_window
TNB,17.L1.3060.3611TD,069,Vô hiệu hóa,2024-10-01,2024-10-01,2024-10-01,20,permanently_inactive_outside_recent_window
TNB,17.L1.3060.3611TN,069,Vô hiệu hóa,2024-10-01,2024-10-01,2024-10-01,20,permanently_inactive_outside_recent_window
DNB,20.L1.100100.31101,008,Vô hiệu hóa,2024-01-01,2024-06-01,2024-06-01,24,permanently_inactive_outside_recent_window
DNB,20.L1.100100.31101,010,Vô hiệu hóa,2024-01-01,2024-12-01,2024-12-01,18,permanently_inactive_outside_recent_window
TNB,20.L1.100100.31101,011,Vô hiệu hóa,2024-05-01,2024-05-01,2024-05-01,25,permanently_inactive_outside_recent_window
TNB,20.L1.100100.31101,015,Vô hiệu hóa,2024-01-01,2024-06-01,2024-06-01,24,permanently_inactive_outside_recent_window
TNB,20.L1.100100.31101,016,Vô hiệu hóa,2024-01-01,2024-04-01,2024-04-01,26,permanently_inactive_outside_recent_window
TNB,20.L1.100100.31101,017,Vô hiệu hóa,2024-01-01,2024-07-01,2024-07-01,23,permanently_inactive_outside_recent_window
DNB,20.L1.100100.31101,019,Vô hiệu hóa,2024-08-01,2024-10-01,2024-10-01,20,permanently_inactive_outside_recent_window
TNB,20.L1.100100.31101,024,Vô hiệu hóa,2024-02-01,2024-02-01,2024-02-01,28,permanently_inactive_outside_recent_window
MT-TNG,20.L1.100100.31101,099,Vô hiệu hóa,2024-08-01,2024-08-01,2024-08-01,22,permanently_inactive_outside_recent_window
DNB,20.L1.100100.31102,002,Vô hiệu hóa,2024-02-01,2024-04-01,2024-04-01,26,permanently_inactive_outside_recent_window
DNB,20.L1.100100.31102,008,Vô hiệu hóa,2024-04-01,2024-07-01,2024-07-01,23,permanently_inactive_outside_recent_window
TNB,20.L1.100100.31102,011,Vô hiệu hóa,2024-08-01,2024-08-01,2024-08-01,22,permanently_inactive_outside_recent_window
TNB,20.L1.100100.31102,015,Vô hiệu hóa,2024-01-01,2024-06-01,2024-06-01,24,permanently_inactive_outside_recent_window
TNB,20.L1.100100.31102,016,Vô hiệu hóa,2024-01-01,2025-01-01,2025-01-01,17,permanently_inactive_outside_recent_window
TNB,20.L1.100100.31102,017,Vô hiệu hóa,2024-01-01,2024-12-01,2024-12-01,18,permanently_inactive_outside_recent_window
TNB,20.L1.100100.31102,018,Vô hiệu hóa,2024-01-01,2024-01-01,2024-01-01,29,permanently_inactive_outside_recent_window
DNB,20.L1.100100.31103,008,Vô hiệu hóa,2024-09-01,2024-09-01,2024-09-01,21,permanently_inactive_outside_recent_window
TNB,20.L1.100100.31103,011,Vô hiệu hóa,2024-01-01,2024-06-01,2024-06-01,24,permanently_inactive_outside_recent_window
DNB,20.L1.100100.31103,013,Vô hiệu hóa,2024-07-01,2024-07-01,2024-07-01,23,permanently_inactive_outside_recent_window
TNB,20.L1.100100.31103,015,Vô hiệu hóa,2024-01-01,2024-01-01,2024-01-01,29,permanently_inactive_outside_recent_window
TNB,20.L1.100100.31103,016,Vô hiệu hóa,2024-12-01,2024-12-01,2024-12-01,18,permanently_inactive_outside_recent_window
DNB,20.L1.100100.31103,081,Vô hiệu hóa,2024-11-01,2024-11-01,2024-11-01,19,permanently_inactive_outside_recent_window
Chưa xác định,20.L1.100100.31105,000,Vô hiệu hóa,2024-12-01,2024-12-01,2024-12-01,18,permanently_inactive_outside_recent_window
DNB,20.L1.100100.31105,008,Vô hiệu hóa,2024-01-01,2024-11-01,2024-11-01,19,permanently_inactive_outside_recent_window
DNB,20.L1.100100.31105,010,Vô hiệu hóa,2024-10-01,2025-01-01,2025-01-01,17,permanently_inactive_outside_recent_window
TNB,20.L1.100100.31105,011,Vô hiệu hóa,2024-06-01,2024-06-01,2024-06-01,24,permanently_inactive_outside_recent_window
TNB,20.L1.100100.31105,016,Vô hiệu hóa,2024-06-01,2025-03-01,2025-03-01,15,permanently_inactive_outside_recent_window
TNB,20.L1.100100.31105,017,Vô hiệu hóa,2024-01-01,2025-05-01,2025-05-01,13,permanently_inactive_outside_recent_window
TNB,20.L1.100100.31105,018,Vô hiệu hóa,2024-10-01,2024-10-01,2024-10-01,20,permanently_inactive_outside_recent_window
DNB,20.L1.100100.31105,019,Vô hiệu hóa,2024-01-01,2024-03-01,2024-03-01,27,permanently_inactive_outside_recent_window
MT-TNG,20.L1.100100.31105,023,Vô hiệu hóa,2024-06-01,2024-06-01,2024-06-01,24,permanently_inactive_outside_recent_window
TNB,20.L1.100100.31105,024,Vô hiệu hóa,2024-04-01,2024-11-01,2024-11-01,19,permanently_inactive_outside_recent_window
TNB,20.L1.100100.31105,098,Vô hiệu hóa,2024-04-01,2024-09-01,2024-09-01,21,permanently_inactive_outside_recent_window
DNB,20.L1.100100.31107,008,Vô hiệu hóa,2024-01-01,2024-12-01,2024-12-01,18,permanently_inactive_outside_recent_window
DNB,20.L1.100100.31107,010,Vô hiệu hóa,2024-01-01,2024-09-01,2024-09-01,21,permanently_inactive_outside_recent_window
TNB,20.L1.100100.31107,011,Vô hiệu hóa,2024-03-01,2024-12-01,2024-12-01,18,permanently_inactive_outside_recent_window
DNB,20.L1.100100.31107,013,Vô hiệu hóa,2025-01-01,2025-01-01,2025-01-01,17,permanently_inactive_outside_recent_window
TNB,20.L1.100100.31107,016,Vô hiệu hóa,2024-01-01,2024-06-01,2024-06-01,24,permanently_inactive_outside_recent_window
TNB,20.L1.100100.31107,018,Vô hiệu hóa,2024-09-01,2024-09-01,2024-09-01,21,permanently_inactive_outside_recent_window
MT-TNG,20.L1.100100.31107,023,Vô hiệu hóa,2024-07-01,2024-09-01,2024-09-01,21,permanently_inactive_outside_recent_window
TNB,20.L1.100100.31107,024,Vô hiệu hóa,2024-03-01,2024-03-01,2024-03-01,27,permanently_inactive_outside_recent_window
TNB,20.L1.100100.31107,073,Vô hiệu hóa,2024-11-01,2024-12-01,2024-12-01,18,permanently_inactive_outside_recent_window
DNB,20.L1.100100.31108,010,Vô hiệu hóa,2024-08-01,2024-10-01,2024-10-01,20,permanently_inactive_outside_recent_window
TNB,20.L1.100100.31108,011,Vô hiệu hóa,2024-11-01,2025-01-01,2025-01-01,17,permanently_inactive_outside_recent_window
TNB,20.L1.100100.31108,015,Vô hiệu hóa,2024-09-01,2024-09-01,2024-09-01,21,permanently_inactive_outside_recent_window
TNB,20.L1.100100.31108,017,Vô hiệu hóa,2024-08-01,2024-08-01,2024-08-01,22,permanently_inactive_outside_recent_window
DNB,20.L1.100100.31108,022,Vô hiệu hóa,2024-11-01,2025-02-01,2025-02-01,16,permanently_inactive_outside_recent_window
MT-TNG,20.L1.100100.31108,023,Vô hiệu hóa,2024-07-01,2024-09-01,2024-09-01,21,permanently_inactive_outside_recent_window
TNB,20.L1.100100.31109,063,Vô hiệu hóa,2024-05-01,2024-09-01,2024-09-01,21,permanently_inactive_outside_recent_window
TNB,20.L1.100100.31109,065,Vô hiệu hóa,2024-12-01,2025-04-01,2025-04-01,14,permanently_inactive_outside_recent_window
TNB,20.L1.100100.31109,069,Vô hiệu hóa,2024-07-01,2024-07-01,2024-07-01,23,permanently_inactive_outside_recent_window
TNB,20.L1.100100.31110,050,Vô hiệu hóa,2024-08-01,2024-08-01,2024-08-01,22,permanently_inactive_outside_recent_window
DNB,20.L1.100100.31110,061,Vô hiệu hóa,2024-07-01,2025-03-01,2025-03-01,15,permanently_inactive_outside_recent_window
TNB,20.L1.100100.31110,063,Vô hiệu hóa,2024-05-01,2024-12-01,2024-12-01,18,permanently_inactive_outside_recent_window
TNB,20.L1.100100.31110,065,Vô hiệu hóa,2025-04-01,2025-04-01,2025-04-01,14,permanently_inactive_outside_recent_window
TNB,20.L1.100100.31110,069,Vô hiệu hóa,2024-12-01,2025-05-01,2025-05-01,13,permanently_inactive_outside_recent_window
DNB,20.L1.100100.31110,081,Vô hiệu hóa,2024-07-01,2024-12-01,2024-12-01,18,permanently_inactive_outside_recent_window
TNB,20.L1.100100.31110,098,Vô hiệu hóa,2024-08-01,2024-10-01,2024-10-01,20,permanently_inactive_outside_recent_window
Chưa xác định,20.L1.100100.31110,222,Vô hiệu hóa,2025-03-01,2025-03-01,2025-03-01,15,permanently_inactive_outside_recent_window
TNB,20.L1.100100.31111,050,Vô hiệu hóa,2024-01-01,2024-05-01,2024-05-01,25,permanently_inactive_outside_recent_window
DNB,20.L1.100100.31111,060,Vô hiệu hóa,2024-09-01,2025-02-01,2025-02-01,16,permanently_inactive_outside_recent_window
DNB,20.L1.100100.31111,061,Vô hiệu hóa,2024-06-01,2025-05-01,2025-05-01,13,permanently_inactive_outside_recent_window
TNB,20.L1.100100.31111,065,Vô hiệu hóa,2024-01-01,2025-02-01,2025-02-01,16,permanently_inactive_outside_recent_window
TNB,20.L1.100100.31111,069,Vô hiệu hóa,2024-04-01,2024-04-01,2024-04-01,26,permanently_inactive_outside_recent_window
DNB,20.L1.100100.31111,081,Vô hiệu hóa,2024-01-01,2025-04-01,2025-04-01,14,permanently_inactive_outside_recent_window
TNB,20.L1.100100.31111,098,Vô hiệu hóa,2024-04-01,2024-06-01,2024-06-01,24,permanently_inactive_outside_recent_window
Chưa xác định,20.L1.100100.31111,222,Vô hiệu hóa,2024-03-01,2024-06-01,2024-06-01,24,permanently_inactive_outside_recent_window
Chưa xác định,20.L1.100100.31112,000,Vô hiệu hóa,2024-07-01,2024-12-01,2024-12-01,18,permanently_inactive_outside_recent_window
TNB,20.L1.100100.31112,024,Vô hiệu hóa,2024-01-01,2024-07-01,2024-07-01,23,permanently_inactive_outside_recent_window
TNB,20.L1.100100.31112,050,Vô hiệu hóa,2024-07-01,2024-09-01,2024-09-01,21,permanently_inactive_outside_recent_window
DNB,20.L1.100100.31112,061,Vô hiệu hóa,2024-08-01,2025-05-01,2025-05-01,13,permanently_inactive_outside_recent_window
TNB,20.L1.100100.31112,063,Vô hiệu hóa,2024-03-01,2025-01-01,2025-01-01,17,permanently_inactive_outside_recent_window
MT-TNG,20.L1.100100.31112,064,Vô hiệu hóa,2024-05-01,2024-05-01,2024-05-01,25,permanently_inactive_outside_recent_window
TNB,20.L1.100100.31112,065,Vô hiệu hóa,2024-01-01,2024-09-01,2024-09-01,21,permanently_inactive_outside_recent_window
TNB,20.L1.100100.31112,069,Vô hiệu hóa,2024-08-01,2024-08-01,2024-08-01,22,permanently_inactive_outside_recent_window
TNB,20.L1.100100.31112,073,Vô hiệu hóa,2024-01-01,2024-05-01,2024-05-01,25,permanently_inactive_outside_recent_window
DNB,20.L1.100100.31112,076,Vô hiệu hóa,2024-03-01,2024-07-01,2024-07-01,23,permanently_inactive_outside_recent_window
DNB,20.L1.100100.31112,081,Vô hiệu hóa,2024-01-01,2024-12-01,2024-12-01,18,permanently_inactive_outside_recent_window
Chưa xác định,20.L1.100100.31112,222,Vô hiệu hóa,2024-01-01,2024-01-01,2024-01-01,29,permanently_inactive_outside_recent_window
Chưa xác định,20.L1.100100.31113,000,Vô hiệu hóa,2024-09-01,2024-12-01,2024-12-01,18,permanently_inactive_outside_recent_window
TNB,20.L1.100100.31113,024,Vô hiệu hóa,2024-01-01,2025-05-01,2025-05-01,13,permanently_inactive_outside_recent_window
TNB,20.L1.100100.31113,050,Vô hiệu hóa,2024-04-01,2024-10-01,2024-10-01,20,permanently_inactive_outside_recent_window
DNB,20.L1.100100.31113,060,Vô hiệu hóa,2024-08-01,2024-09-01,2024-09-01,21,permanently_inactive_outside_recent_window
TNB,20.L1.100100.31113,063,Vô hiệu hóa,2024-03-01,2024-12-01,2024-12-01,18,permanently_inactive_outside_recent_window
TNB,20.L1.100100.31113,065,Vô hiệu hóa,2024-12-01,2024-12-01,2024-12-01,18,permanently_inactive_outside_recent_window
TNB,20.L1.100100.31113,073,Vô hiệu hóa,2024-04-01,2024-07-01,2024-07-01,23,permanently_inactive_outside_recent_window
DNB,20.L1.100100.31113,076,Vô hiệu hóa,2024-03-01,2024-06-01,2024-06-01,24,permanently_inactive_outside_recent_window
DNB,20.L1.100100.31113,081,Vô hiệu hóa,2024-08-01,2024-12-01,2024-12-01,18,permanently_inactive_outside_recent_window
TNB,20.L1.3060.13101,050,Vô hiệu hóa,2024-02-01,2024-02-01,2024-02-01,28,permanently_inactive_outside_recent_window
DNB,20.L1.3060.13101,061,Vô hiệu hóa,2025-01-01,2025-01-01,2025-01-01,17,permanently_inactive_outside_recent_window
TNB,20.L1.3060.13101,069,Vô hiệu hóa,2024-01-01,2024-05-01,2024-05-01,25,permanently_inactive_outside_recent_window
DNB,20.L1.3060.13101,081,Vô hiệu hóa,2024-05-01,2024-05-01,2024-05-01,25,permanently_inactive_outside_recent_window
DNB,20.L1.3060.13106,010,Vô hiệu hóa,2024-07-01,2024-07-01,2024-07-01,23,permanently_inactive_outside_recent_window
TNB,20.L1.3060.13106,015,Vô hiệu hóa,2024-01-01,2025-05-01,2025-05-01,13,permanently_inactive_outside_recent_window
TNB,20.L1.3060.13106,018,Vô hiệu hóa,2024-02-01,2024-11-01,2024-11-01,19,permanently_inactive_outside_recent_window
DNB,20.L1.3060.13106,019,Vô hiệu hóa,2025-03-01,2025-03-01,2025-03-01,15,permanently_inactive_outside_recent_window
DNB,20.L1.3060.13106,022,Vô hiệu hóa,2024-03-01,2024-03-01,2024-03-01,27,permanently_inactive_outside_recent_window
TNB,20.L1.3060.13106,024,Vô hiệu hóa,2024-03-01,2024-03-01,2024-03-01,27,permanently_inactive_outside_recent_window
DNB,20.L1.3060.13191,081,Vô hiệu hóa,2024-05-01,2024-07-01,2024-07-01,23,permanently_inactive_outside_recent_window
DNB,20.L1.3060.13196,010,Vô hiệu hóa,2024-07-01,2024-07-01,2024-07-01,23,permanently_inactive_outside_recent_window
TNB,20.L1.3060.13196,015,Vô hiệu hóa,2024-01-01,2025-05-01,2025-05-01,13,permanently_inactive_outside_recent_window
TNB,20.L1.3060.13196,018,Vô hiệu hóa,2024-04-01,2024-11-01,2024-11-01,19,permanently_inactive_outside_recent_window
DNB,20.L1.3060.13196,019,Vô hiệu hóa,2025-03-01,2025-03-01,2025-03-01,15,permanently_inactive_outside_recent_window
DNB,20.L1.3060.13196,022,Vô hiệu hóa,2024-03-01,2024-03-01,2024-03-01,27,permanently_inactive_outside_recent_window
DNB,20.L1.3060.13201,081,Vô hiệu hóa,2024-07-01,2024-07-01,2024-07-01,23,permanently_inactive_outside_recent_window
DNB,20.L1.3060.13206,010,Vô hiệu hóa,2024-07-01,2024-07-01,2024-07-01,23,permanently_inactive_outside_recent_window
TNB,20.L1.3060.13206,015,Vô hiệu hóa,2024-01-01,2025-05-01,2025-05-01,13,permanently_inactive_outside_recent_window
TNB,20.L1.3060.13206,018,Vô hiệu hóa,2024-02-01,2024-11-01,2024-11-01,19,permanently_inactive_outside_recent_window
DNB,20.L1.3060.13206,019,Vô hiệu hóa,2025-03-01,2025-03-01,2025-03-01,15,permanently_inactive_outside_recent_window
Chưa xác định,20.L1.4080.34101,000,Vô hiệu hóa,2024-06-01,2024-06-01,2024-06-01,24,permanently_inactive_outside_recent_window
TNB,20.L1.4080.34101,050,Vô hiệu hóa,2024-01-01,2024-06-01,2024-06-01,24,permanently_inactive_outside_recent_window
TNB,20.L1.4080.34101,063,Vô hiệu hóa,2024-05-01,2024-06-01,2024-06-01,24,permanently_inactive_outside_recent_window
TNB,20.L1.4080.34101,065,Vô hiệu hóa,2024-03-01,2024-07-01,2024-07-01,23,permanently_inactive_outside_recent_window
TNB,20.L1.4080.34101,069,Vô hiệu hóa,2024-04-01,2024-05-01,2024-05-01,25,permanently_inactive_outside_recent_window
TNB,20.L1.4080.34101,073,Vô hiệu hóa,2024-03-01,2024-04-01,2024-04-01,26,permanently_inactive_outside_recent_window
DNB,20.L1.4080.34101,076,Vô hiệu hóa,2024-06-01,2024-07-01,2024-07-01,23,permanently_inactive_outside_recent_window
TNB,20.L1.4080.34102,015,Vô hiệu hóa,2024-01-01,2024-01-01,2024-01-01,29,permanently_inactive_outside_recent_window
TNB,20.L1.4080.34102,016,Vô hiệu hóa,2024-03-01,2024-03-01,2024-03-01,27,permanently_inactive_outside_recent_window
TNB,20.L1.4080.34102,017,Vô hiệu hóa,2024-01-01,2024-12-01,2024-12-01,18,permanently_inactive_outside_recent_window
TNB,20.L1.4080.34102,018,Vô hiệu hóa,2024-01-01,2024-01-01,2024-01-01,29,permanently_inactive_outside_recent_window
DNB,20.L1.4080.34102,019,Vô hiệu hóa,2024-01-01,2024-01-01,2024-01-01,29,permanently_inactive_outside_recent_window
MT-TNG,20.L1.4080.34102,023,Vô hiệu hóa,2024-01-01,2024-10-01,2024-10-01,20,permanently_inactive_outside_recent_window
TNB,20.L1.4080.34191,063,Vô hiệu hóa,2024-05-01,2024-06-01,2024-06-01,24,permanently_inactive_outside_recent_window
TNB,20.L1.4080.34191,065,Vô hiệu hóa,2024-03-01,2024-07-01,2024-07-01,23,permanently_inactive_outside_recent_window
DNB,20.L1.4080.34191,076,Vô hiệu hóa,2024-09-01,2024-09-01,2024-09-01,21,permanently_inactive_outside_recent_window
MT-TNG,20.L1.4080.34192,023,Vô hiệu hóa,2024-05-01,2024-10-01,2024-10-01,20,permanently_inactive_outside_recent_window
Chưa xác định,20.L1.4080.34201,000,Vô hiệu hóa,2024-06-01,2024-07-01,2024-07-01,23,permanently_inactive_outside_recent_window
TNB,20.L1.4080.34201,063,Vô hiệu hóa,2024-05-01,2024-06-01,2024-06-01,24,permanently_inactive_outside_recent_window
TNB,20.L1.4080.34201,069,Vô hiệu hóa,2024-04-01,2024-04-01,2024-04-01,26,permanently_inactive_outside_recent_window
DNB,20.L1.4080.34201,076,Vô hiệu hóa,2024-07-01,2024-07-01,2024-07-01,23,permanently_inactive_outside_recent_window
TNB,20.L1.4080.34202,016,Vô hiệu hóa,2024-10-01,2024-10-01,2024-10-01,20,permanently_inactive_outside_recent_window
TNB,20.L1.4080.34202,018,Vô hiệu hóa,2024-01-01,2024-07-01,2024-07-01,23,permanently_inactive_outside_recent_window
MT-TNG,20.L1.4080.34202,023,Vô hiệu hóa,2024-10-01,2024-10-01,2024-10-01,20,permanently_inactive_outside_recent_window
TNB,20.L1.5050.1502,017,Vô hiệu hóa,2024-04-01,2024-04-01,2024-04-01,26,permanently_inactive_outside_recent_window
TNB,20.L1.5050.1503,017,Vô hiệu hóa,2024-03-01,2024-04-01,2024-04-01,26,permanently_inactive_outside_recent_window
MT-TNG,20.L1.5050.1505,012,Vô hiệu hóa,2024-01-01,2024-01-01,2024-01-01,29,permanently_inactive_outside_recent_window
TNB,20.L1.5050.1508,069,Vô hiệu hóa,2024-06-01,2025-01-01,2025-01-01,17,permanently_inactive_outside_recent_window
DNB,20.L1.5050.1601,061,Vô hiệu hóa,2024-01-01,2024-01-01,2024-01-01,29,permanently_inactive_outside_recent_window
DNB,20.L1.5050.1601,081,Vô hiệu hóa,2025-01-01,2025-01-01,2025-01-01,17,permanently_inactive_outside_recent_window
TNB,20.L1.5050.1603,073,Vô hiệu hóa,2024-10-01,2024-10-01,2024-10-01,20,permanently_inactive_outside_recent_window
TNB,20.L1.5050.1608,073,Vô hiệu hóa,2024-10-01,2024-10-01,2024-10-01,20,permanently_inactive_outside_recent_window
TNB,20.L1.5050.35103,017,Vô hiệu hóa,2024-01-01,2024-04-01,2024-04-01,26,permanently_inactive_outside_recent_window
TNB,20.L1.5050.35105,017,Vô hiệu hóa,2024-01-01,2024-08-01,2024-08-01,22,permanently_inactive_outside_recent_window
TNB,20.L1.5050.35106,017,Vô hiệu hóa,2024-01-01,2024-04-01,2024-04-01,26,permanently_inactive_outside_recent_window
TNB,20.L1.5050.35106,073,Vô hiệu hóa,2024-01-01,2024-10-01,2024-10-01,20,permanently_inactive_outside_recent_window
TNB,20.L1.5050.35107,017,Vô hiệu hóa,2024-01-01,2024-08-01,2024-08-01,22,permanently_inactive_outside_recent_window
MT-TNG,20.L1.5050.35107,023,Vô hiệu hóa,2024-07-01,2024-07-01,2024-07-01,23,permanently_inactive_outside_recent_window
TNB,20.L1.5050.35107,073,Vô hiệu hóa,2024-02-01,2024-10-01,2024-10-01,20,permanently_inactive_outside_recent_window
TNB,20.L1.5050.35108,017,Vô hiệu hóa,2024-01-01,2024-08-01,2024-08-01,22,permanently_inactive_outside_recent_window
MT-TNG,20.L1.5050.35108,023,Vô hiệu hóa,2024-01-01,2024-02-01,2024-02-01,28,permanently_inactive_outside_recent_window
TNB,20.L1.5050.35110,017,Vô hiệu hóa,2024-01-01,2024-08-01,2024-08-01,22,permanently_inactive_outside_recent_window
TNB,20.L1.5050.35110,024,Vô hiệu hóa,2024-01-01,2024-01-01,2024-01-01,29,permanently_inactive_outside_recent_window
TNB,20.L1.5050.35110,073,Vô hiệu hóa,2024-01-01,2024-02-01,2024-02-01,28,permanently_inactive_outside_recent_window
DNB,20.L1.5050.35202,019,Vô hiệu hóa,2024-05-01,2024-09-01,2024-09-01,21,permanently_inactive_outside_recent_window
Chưa xác định,20.L1.5050.35205,000,Vô hiệu hóa,2024-03-01,2024-07-01,2024-07-01,23,permanently_inactive_outside_recent_window
MT-TNG,20.L1.5050.35205,023,Vô hiệu hóa,2024-01-01,2025-03-01,2025-03-01,15,permanently_inactive_outside_recent_window
MT-TNG,20.L1.5050.35205,064,Vô hiệu hóa,2024-01-01,2024-03-01,2024-03-01,27,permanently_inactive_outside_recent_window
DNB,20.L1.5050.35205,097,Vô hiệu hóa,2024-06-01,2024-11-01,2024-11-01,19,permanently_inactive_outside_recent_window
MT-TNG,20.L1.5050.35207,012,Vô hiệu hóa,2024-01-01,2024-03-01,2024-03-01,27,permanently_inactive_outside_recent_window
Chưa xác định,20.L1.5050.35208,000,Vô hiệu hóa,2024-02-01,2024-02-01,2024-02-01,28,permanently_inactive_outside_recent_window
MT-TNG,20.L1.5050.35208,012,Vô hiệu hóa,2024-09-01,2024-09-01,2024-09-01,21,permanently_inactive_outside_recent_window
MT-TNG,20.L1.5050.35208,023,Vô hiệu hóa,2024-04-01,2024-04-01,2024-04-01,26,permanently_inactive_outside_recent_window
DNB,20.L1.5050.35208,097,Vô hiệu hóa,2024-02-01,2024-10-01,2024-10-01,20,permanently_inactive_outside_recent_window
Chưa xác định,20.L1.5050.35209,000,Vô hiệu hóa,2024-02-01,2024-02-01,2024-02-01,28,permanently_inactive_outside_recent_window
MT-TNG,20.L1.5050.35209,012,Vô hiệu hóa,2024-01-01,2024-01-01,2024-01-01,29,permanently_inactive_outside_recent_window
DNB,20.L1.5050.35209,019,Vô hiệu hóa,2024-02-01,2024-02-01,2024-02-01,28,permanently_inactive_outside_recent_window
MT-TNG,20.L1.5050.35209,023,Vô hiệu hóa,2024-11-01,2024-11-01,2024-11-01,19,permanently_inactive_outside_recent_window
DNB,20.L1.5050.35209,097,Vô hiệu hóa,2024-03-01,2024-10-01,2024-10-01,20,permanently_inactive_outside_recent_window
Chưa xác định,20.L1.5050.35210,000,Vô hiệu hóa,2024-02-01,2024-02-01,2024-02-01,28,permanently_inactive_outside_recent_window
MT-TNG,20.L1.5050.35210,012,Vô hiệu hóa,2024-01-01,2024-12-01,2024-12-01,18,permanently_inactive_outside_recent_window
DNB,20.L1.5050.35210,019,Vô hiệu hóa,2024-02-01,2024-02-01,2024-02-01,28,permanently_inactive_outside_recent_window
MT-TNG,20.L1.5050.35210,023,Vô hiệu hóa,2025-03-01,2025-03-01,2025-03-01,15,permanently_inactive_outside_recent_window
DNB,20.L1.5050.35210,097,Vô hiệu hóa,2024-03-01,2024-12-01,2024-12-01,18,permanently_inactive_outside_recent_window
MT-TNG,20.L1.5050.35211,012,Vô hiệu hóa,2024-01-01,2024-05-01,2024-05-01,25,permanently_inactive_outside_recent_window
DNB,20.L1.5050.35211,019,Vô hiệu hóa,2024-01-01,2024-01-01,2024-01-01,29,permanently_inactive_outside_recent_window
MT-TNG,20.L1.5050.35211,023,Vô hiệu hóa,2024-10-01,2024-10-01,2024-10-01,20,permanently_inactive_outside_recent_window
DNB,20.L1.5050.U1501,002,Vô hiệu hóa,2024-01-01,2024-09-01,2024-09-01,21,permanently_inactive_outside_recent_window
DNB,20.L1.5050.U1501,008,Vô hiệu hóa,2024-01-01,2024-11-01,2024-11-01,19,permanently_inactive_outside_recent_window
DNB,20.L1.5050.U1501,010,Vô hiệu hóa,2024-01-01,2024-11-01,2024-11-01,19,permanently_inactive_outside_recent_window
TNB,20.L1.5050.U1501,011,Vô hiệu hóa,2024-01-01,2024-08-01,2024-08-01,22,permanently_inactive_outside_recent_window
TNB,20.L1.5050.U1501,015,Vô hiệu hóa,2024-01-01,2024-04-01,2024-04-01,26,permanently_inactive_outside_recent_window
TNB,20.L1.5050.U1501,016,Vô hiệu hóa,2024-01-01,2024-11-01,2024-11-01,19,permanently_inactive_outside_recent_window
TNB,20.L1.5050.U1501,017,Vô hiệu hóa,2024-01-01,2024-09-01,2024-09-01,21,permanently_inactive_outside_recent_window
TNB,20.L1.5050.U1501,018,Vô hiệu hóa,2024-01-01,2025-02-01,2025-02-01,16,permanently_inactive_outside_recent_window
DNB,20.L1.5050.U1501,019,Vô hiệu hóa,2024-01-01,2024-07-01,2024-07-01,23,permanently_inactive_outside_recent_window
DNB,20.L1.5050.U1501,022,Vô hiệu hóa,2024-01-01,2024-07-01,2024-07-01,23,permanently_inactive_outside_recent_window
TNB,20.L1.5050.U1501,024,Vô hiệu hóa,2024-01-01,2024-09-01,2024-09-01,21,permanently_inactive_outside_recent_window
TNB,20.L1.5050.U1502,017,Vô hiệu hóa,2024-02-01,2024-03-01,2024-03-01,27,permanently_inactive_outside_recent_window
DNB,20.L1.5050.U1502,060,Vô hiệu hóa,2025-03-01,2025-03-01,2025-03-01,15,permanently_inactive_outside_recent_window
DNB,20.L1.5050.U1503,008,Vô hiệu hóa,2024-03-01,2024-03-01,2024-03-01,27,permanently_inactive_outside_recent_window
DNB,20.L1.5050.U1503,010,Vô hiệu hóa,2024-02-01,2024-10-01,2024-10-01,20,permanently_inactive_outside_recent_window
TNB,20.L1.5050.U1503,015,Vô hiệu hóa,2024-01-01,2024-01-01,2024-01-01,29,permanently_inactive_outside_recent_window
TNB,20.L1.5050.U1503,016,Vô hiệu hóa,2024-03-01,2025-04-01,2025-04-01,14,permanently_inactive_outside_recent_window
TNB,20.L1.5050.U1503,017,Vô hiệu hóa,2024-01-01,2024-03-01,2024-03-01,27,permanently_inactive_outside_recent_window
TNB,20.L1.5050.U1503,018,Vô hiệu hóa,2024-01-01,2024-07-01,2024-07-01,23,permanently_inactive_outside_recent_window
DNB,20.L1.5050.U1503,022,Vô hiệu hóa,2024-07-01,2024-07-01,2024-07-01,23,permanently_inactive_outside_recent_window
TNB,20.L1.5050.U1504,017,Vô hiệu hóa,2024-01-01,2024-03-01,2024-03-01,27,permanently_inactive_outside_recent_window
MT-TNG,20.L1.5050.U1505,012,Vô hiệu hóa,2024-01-01,2024-01-01,2024-01-01,29,permanently_inactive_outside_recent_window
TNB,20.L1.5050.U1505,017,Vô hiệu hóa,2024-01-01,2024-03-01,2024-03-01,27,permanently_inactive_outside_recent_window
TNB,20.L1.5050.U1506,011,Vô hiệu hóa,2024-08-01,2024-08-01,2024-08-01,22,permanently_inactive_outside_recent_window
TNB,20.L1.5050.U1506,018,Vô hiệu hóa,2024-01-01,2025-02-01,2025-02-01,16,permanently_inactive_outside_recent_window
DNB,20.L1.5050.U1509,010,Vô hiệu hóa,2024-04-01,2024-04-01,2024-04-01,26,permanently_inactive_outside_recent_window
TNB,20.L1.5050.U1509,015,Vô hiệu hóa,2024-01-01,2024-01-01,2024-01-01,29,permanently_inactive_outside_recent_window
TNB,20.L1.5050.U1509,017,Vô hiệu hóa,2024-03-01,2024-05-01,2024-05-01,25,permanently_inactive_outside_recent_window
Chưa xác định,20.L1.5050.U1510,000,Vô hiệu hóa,2024-01-01,2024-01-01,2024-01-01,29,permanently_inactive_outside_recent_window
DNB,20.L1.5050.U1510,008,Vô hiệu hóa,2024-01-01,2025-05-01,2025-05-01,13,permanently_inactive_outside_recent_window
TNB,20.L1.5050.U1510,015,Vô hiệu hóa,2024-01-01,2025-05-01,2025-05-01,13,permanently_inactive_outside_recent_window
TNB,20.L1.5050.U1510,018,Vô hiệu hóa,2024-01-01,2025-02-01,2025-02-01,16,permanently_inactive_outside_recent_window
DNB,20.L1.5050.U1510,019,Vô hiệu hóa,2024-01-01,2024-07-01,2024-07-01,23,permanently_inactive_outside_recent_window
DNB,20.L1.5050.U1510,022,Vô hiệu hóa,2024-01-01,2025-02-01,2025-02-01,16,permanently_inactive_outside_recent_window
DNB,20.L1.5050.U1510,097,Vô hiệu hóa,2024-01-01,2025-03-01,2025-03-01,15,permanently_inactive_outside_recent_window
TNB,20.L1.5050.U1600,050,Vô hiệu hóa,2024-01-01,2024-04-01,2024-04-01,26,permanently_inactive_outside_recent_window
DNB,20.L1.5050.U1600,060,Vô hiệu hóa,2024-05-01,2024-05-01,2024-05-01,25,permanently_inactive_outside_recent_window
DNB,20.L1.5050.U1600,061,Vô hiệu hóa,2024-07-01,2024-07-01,2024-07-01,23,permanently_inactive_outside_recent_window
TNB,20.L1.5050.U1600,063,Vô hiệu hóa,2024-01-01,2024-08-01,2024-08-01,22,permanently_inactive_outside_recent_window
TNB,20.L1.5050.U1600,069,Vô hiệu hóa,2025-01-01,2025-01-01,2025-01-01,17,permanently_inactive_outside_recent_window
TNB,20.L1.5050.U1600,073,Vô hiệu hóa,2024-10-01,2024-10-01,2024-10-01,20,permanently_inactive_outside_recent_window
TNB,20.L1.5050.U1601,050,Vô hiệu hóa,2024-04-01,2024-04-01,2024-04-01,26,permanently_inactive_outside_recent_window
DNB,20.L1.5050.U1601,060,Vô hiệu hóa,2025-03-01,2025-03-01,2025-03-01,15,permanently_inactive_outside_recent_window
DNB,20.L1.5050.U1601,061,Vô hiệu hóa,2024-01-01,2024-01-01,2024-01-01,29,permanently_inactive_outside_recent_window
TNB,20.L1.5050.U1601,063,Vô hiệu hóa,2024-01-01,2024-04-01,2024-04-01,26,permanently_inactive_outside_recent_window
DNB,20.L1.5050.U1601,076,Vô hiệu hóa,2024-03-01,2024-09-01,2024-09-01,21,permanently_inactive_outside_recent_window
TNB,20.L1.5050.U1602,050,Vô hiệu hóa,2024-03-01,2024-05-01,2024-05-01,25,permanently_inactive_outside_recent_window
DNB,20.L1.5050.U1602,060,Vô hiệu hóa,2025-03-01,2025-03-01,2025-03-01,15,permanently_inactive_outside_recent_window
TNB,20.L1.5050.U1602,063,Vô hiệu hóa,2024-01-01,2024-01-01,2024-01-01,29,permanently_inactive_outside_recent_window
TNB,20.L1.5050.U1602,065,Vô hiệu hóa,2024-05-01,2024-06-01,2024-06-01,24,permanently_inactive_outside_recent_window
DNB,20.L1.5050.U1602,081,Vô hiệu hóa,2024-06-01,2024-12-01,2024-12-01,18,permanently_inactive_outside_recent_window
Chưa xác định,20.L1.5050.U1603,000,Vô hiệu hóa,2024-04-01,2024-04-01,2024-04-01,26,permanently_inactive_outside_recent_window
TNB,20.L1.5050.U1603,050,Vô hiệu hóa,2024-01-01,2025-02-01,2025-02-01,16,permanently_inactive_outside_recent_window
DNB,20.L1.5050.U1603,060,Vô hiệu hóa,2024-02-01,2025-03-01,2025-03-01,15,permanently_inactive_outside_recent_window
DNB,20.L1.5050.U1603,061,Vô hiệu hóa,2024-01-01,2025-05-01,2025-05-01,13,permanently_inactive_outside_recent_window
TNB,20.L1.5050.U1603,063,Vô hiệu hóa,2024-01-01,2024-11-01,2024-11-01,19,permanently_inactive_outside_recent_window
TNB,20.L1.5050.U1603,065,Vô hiệu hóa,2024-01-01,2025-03-01,2025-03-01,15,permanently_inactive_outside_recent_window
TNB,20.L1.5050.U1603,073,Vô hiệu hóa,2024-02-01,2024-10-01,2024-10-01,20,permanently_inactive_outside_recent_window
DNB,20.L1.5050.U1603,076,Vô hiệu hóa,2024-04-01,2024-11-01,2024-11-01,19,permanently_inactive_outside_recent_window
TNB,20.L1.5050.U1604,011,Vô hiệu hóa,2024-08-01,2024-08-01,2024-08-01,22,permanently_inactive_outside_recent_window
TNB,20.L1.5050.U1604,018,Vô hiệu hóa,2024-01-01,2025-02-01,2025-02-01,16,permanently_inactive_outside_recent_window
DNB,20.L1.5050.U1604,060,Vô hiệu hóa,2024-05-01,2025-03-01,2025-03-01,15,permanently_inactive_outside_recent_window
TNB,20.L1.5050.U1604,063,Vô hiệu hóa,2024-03-01,2024-10-01,2024-10-01,20,permanently_inactive_outside_recent_window
TNB,20.L1.5050.U1604,065,Vô hiệu hóa,2024-01-01,2024-06-01,2024-06-01,24,permanently_inactive_outside_recent_window
DNB,20.L1.5050.U1605,010,Vô hiệu hóa,2024-01-01,2024-11-01,2024-11-01,19,permanently_inactive_outside_recent_window
TNB,20.L1.5050.U1605,018,Vô hiệu hóa,2024-04-01,2025-02-01,2025-02-01,16,permanently_inactive_outside_recent_window
DNB,20.L1.5050.U1605,060,Vô hiệu hóa,2024-01-01,2025-03-01,2025-03-01,15,permanently_inactive_outside_recent_window
TNB,20.L1.5050.U1605,063,Vô hiệu hóa,2024-01-01,2024-03-01,2024-03-01,27,permanently_inactive_outside_recent_window
TNB,20.L1.5050.U1605,065,Vô hiệu hóa,2024-01-01,2024-09-01,2024-09-01,21,permanently_inactive_outside_recent_window
DNB,20.L1.5050.U1607,076,Vô hiệu hóa,2024-01-01,2024-10-01,2024-10-01,20,permanently_inactive_outside_recent_window
TNB,20.L1.6060.16002,011,Vô hiệu hóa,2024-01-01,2024-03-01,2024-03-01,27,permanently_inactive_outside_recent_window
TNB,20.L1.6060.16002,063,Vô hiệu hóa,2024-03-01,2024-09-01,2024-09-01,21,permanently_inactive_outside_recent_window
TNB,20.L1.6060.16002,069,Vô hiệu hóa,2024-01-01,2024-04-01,2024-04-01,26,permanently_inactive_outside_recent_window
DNB,20.L1.6060.16002,097,Vô hiệu hóa,2024-01-01,2024-11-01,2024-11-01,19,permanently_inactive_outside_recent_window
Chưa xác định,20.L1.6060.16003,000,Vô hiệu hóa,2024-01-01,2024-01-01,2024-01-01,29,permanently_inactive_outside_recent_window
TNB,20.L1.6060.16003,015,Vô hiệu hóa,2024-01-01,2024-01-01,2024-01-01,29,permanently_inactive_outside_recent_window
TNB,20.L1.6060.16003,018,Vô hiệu hóa,2024-01-01,2025-05-01,2025-05-01,13,permanently_inactive_outside_recent_window
DNB,20.L1.6060.16003,022,Vô hiệu hóa,2024-04-01,2024-12-01,2024-12-01,18,permanently_inactive_outside_recent_window
DNB,20.L1.6060.16003,060,Vô hiệu hóa,2024-01-01,2025-02-01,2025-02-01,16,permanently_inactive_outside_recent_window
DNB,20.L1.6060.16003,097,Vô hiệu hóa,2024-01-01,2025-01-01,2025-01-01,17,permanently_inactive_outside_recent_window
TNB,20.L1.6060.16005,063,Vô hiệu hóa,2024-01-01,2024-01-01,2024-01-01,29,permanently_inactive_outside_recent_window
Chưa xác định,20.L1.6060.16101,000,Vô hiệu hóa,2024-04-01,2024-04-01,2024-04-01,26,permanently_inactive_outside_recent_window
DNB,20.L1.6060.16103,019,Vô hiệu hóa,2024-01-01,2024-07-01,2024-07-01,23,permanently_inactive_outside_recent_window
MT-TNG,20.L1.6060.16103,064,Vô hiệu hóa,2024-01-01,2024-01-01,2024-01-01,29,permanently_inactive_outside_recent_window
DNB,20.L1.6060.16103,076,Vô hiệu hóa,2024-02-01,2024-09-01,2024-09-01,21,permanently_inactive_outside_recent_window
DNB,20.L1.6060.16103,094,Vô hiệu hóa,2024-01-01,2024-01-01,2024-01-01,29,permanently_inactive_outside_recent_window
Chưa xác định,20.L1.6060.16103,222,Vô hiệu hóa,2024-01-01,2024-01-01,2024-01-01,29,permanently_inactive_outside_recent_window
TNB,20.L1.6060.16104,016,Vô hiệu hóa,2024-01-01,2024-06-01,2024-06-01,24,permanently_inactive_outside_recent_window
DNB,20.L1.6060.16105,002,Vô hiệu hóa,2024-01-01,2024-11-01,2024-11-01,19,permanently_inactive_outside_recent_window
DNB,20.L1.6060.16105,010,Vô hiệu hóa,2024-01-01,2024-08-01,2024-08-01,22,permanently_inactive_outside_recent_window
TNB,20.L1.6060.16105,011,Vô hiệu hóa,2024-01-01,2024-05-01,2024-05-01,25,permanently_inactive_outside_recent_window
TNB,20.L1.6060.16105,016,Vô hiệu hóa,2024-01-01,2024-11-01,2024-11-01,19,permanently_inactive_outside_recent_window
DNB,20.L1.6060.16105,019,Vô hiệu hóa,2024-05-01,2024-11-01,2024-11-01,19,permanently_inactive_outside_recent_window
DNB,20.L1.6060.16106,010,Vô hiệu hóa,2024-01-01,2024-07-01,2024-07-01,23,permanently_inactive_outside_recent_window
TNB,20.L1.6060.16106,011,Vô hiệu hóa,2024-01-01,2024-01-01,2024-01-01,29,permanently_inactive_outside_recent_window
MT-TNG,20.L1.6060.16106,064,Vô hiệu hóa,2024-01-01,2024-03-01,2024-03-01,27,permanently_inactive_outside_recent_window
TNB,20.L1.6060.16107,011,Vô hiệu hóa,2024-01-01,2024-08-01,2024-08-01,22,permanently_inactive_outside_recent_window
TNB,20.L1.6060.16107,063,Vô hiệu hóa,2024-02-01,2024-08-01,2024-08-01,22,permanently_inactive_outside_recent_window
TNB,20.L1.6060.16107,069,Vô hiệu hóa,2024-01-01,2025-01-01,2025-01-01,17,permanently_inactive_outside_recent_window
DNB,20.L1.6060.16107,094,Vô hiệu hóa,2024-03-01,2024-03-01,2024-03-01,27,permanently_inactive_outside_recent_window
DNB,20.L1.6060.16109,060,Vô hiệu hóa,2024-02-01,2024-02-01,2024-02-01,28,permanently_inactive_outside_recent_window
TNB,20.L1.6060.16109,063,Vô hiệu hóa,2024-01-01,2024-07-01,2024-07-01,23,permanently_inactive_outside_recent_window
DNB,20.L1.6060.16109,076,Vô hiệu hóa,2024-01-01,2024-03-01,2024-03-01,27,permanently_inactive_outside_recent_window
DNB,20.L1.6060.16110,010,Vô hiệu hóa,2024-04-01,2024-04-01,2024-04-01,26,permanently_inactive_outside_recent_window
TNB,20.L1.6060.16110,011,Vô hiệu hóa,2024-01-01,2024-01-01,2024-01-01,29,permanently_inactive_outside_recent_window
TNB,20.L1.6060.16110,063,Vô hiệu hóa,2024-09-01,2024-09-01,2024-09-01,21,permanently_inactive_outside_recent_window
MT-TNG,20.L1.6060.16110,064,Vô hiệu hóa,2024-01-01,2024-12-01,2024-12-01,18,permanently_inactive_outside_recent_window
TNB,20.L1.6060.16116,011,Vô hiệu hóa,2024-01-01,2024-01-01,2024-01-01,29,permanently_inactive_outside_recent_window
Chưa xác định,20.L1.6060.16117,000,Vô hiệu hóa,2024-02-01,2024-12-01,2024-12-01,18,permanently_inactive_outside_recent_window
DNB,20.L1.6060.16117,010,Vô hiệu hóa,2024-01-01,2025-03-01,2025-03-01,15,permanently_inactive_outside_recent_window
TNB,20.L1.6060.16117,011,Vô hiệu hóa,2024-01-01,2025-02-01,2025-02-01,16,permanently_inactive_outside_recent_window
DNB,20.L1.6060.16117,060,Vô hiệu hóa,2024-01-01,2024-09-01,2024-09-01,21,permanently_inactive_outside_recent_window
MT-TNG,20.L1.6060.16117,064,Vô hiệu hóa,2024-01-01,2024-05-01,2024-05-01,25,permanently_inactive_outside_recent_window
TNB,20.L1.6060.16117,069,Vô hiệu hóa,2024-01-01,2025-02-01,2025-02-01,16,permanently_inactive_outside_recent_window
DNB,20.L1.6060.16117,076,Vô hiệu hóa,2024-01-01,2025-02-01,2025-02-01,16,permanently_inactive_outside_recent_window
DNB,20.L1.6060.16117,094,Vô hiệu hóa,2024-04-01,2025-05-01,2025-05-01,13,permanently_inactive_outside_recent_window
Chưa xác định,20.L1.6060.16117,222,Vô hiệu hóa,2024-01-01,2025-03-01,2025-03-01,15,permanently_inactive_outside_recent_window
DNB,20.L1.6060.16903,013,Vô hiệu hóa,2024-03-01,2025-04-01,2025-04-01,14,permanently_inactive_outside_recent_window
TNB,20.L1.6060.16903,017,Vô hiệu hóa,2024-04-01,2025-05-01,2025-05-01,13,permanently_inactive_outside_recent_window
MT-TNG,20.L1.6060.16903,023,Vô hiệu hóa,2024-03-01,2025-05-01,2025-05-01,13,permanently_inactive_outside_recent_window
DNB,20.L1.6060.16904,010,Vô hiệu hóa,2024-03-01,2025-05-01,2025-05-01,13,permanently_inactive_outside_recent_window
TNB,20.L1.6060.16904,011,Vô hiệu hóa,2024-05-01,2025-04-01,2025-04-01,14,permanently_inactive_outside_recent_window
MT-TNG,20.L1.6060.16904,012,Vô hiệu hóa,2024-04-01,2025-04-01,2025-04-01,14,permanently_inactive_outside_recent_window
DNB,20.L1.6060.16904,013,Vô hiệu hóa,2024-03-01,2024-12-01,2024-12-01,18,permanently_inactive_outside_recent_window
MT-TNG,20.L1.6060.16904,023,Vô hiệu hóa,2024-03-01,2025-04-01,2025-04-01,14,permanently_inactive_outside_recent_window
DNB,20.L1.6060.26001,008,Vô hiệu hóa,2024-01-01,2024-07-01,2024-07-01,23,permanently_inactive_outside_recent_window
TNB,20.L1.6060.26001,011,Vô hiệu hóa,2024-03-01,2024-06-01,2024-06-01,24,permanently_inactive_outside_recent_window
MT-TNG,20.L1.6060.26001,012,Vô hiệu hóa,2024-05-01,2024-12-01,2024-12-01,18,permanently_inactive_outside_recent_window
DNB,20.L1.6060.26001,013,Vô hiệu hóa,2024-03-01,2024-04-01,2024-04-01,26,permanently_inactive_outside_recent_window
TNB,20.L1.6060.26001,017,Vô hiệu hóa,2024-01-01,2024-05-01,2024-05-01,25,permanently_inactive_outside_recent_window
TNB,20.L1.6060.26001,018,Vô hiệu hóa,2024-01-01,2024-10-01,2024-10-01,20,permanently_inactive_outside_recent_window
DNB,20.L1.6060.26001,019,Vô hiệu hóa,2024-03-01,2024-07-01,2024-07-01,23,permanently_inactive_outside_recent_window
TNB,20.L1.6060.26001,065,Vô hiệu hóa,2024-01-01,2024-06-01,2024-06-01,24,permanently_inactive_outside_recent_window
DNB,20.L1.6060.26001,081,Vô hiệu hóa,2024-01-01,2024-06-01,2024-06-01,24,permanently_inactive_outside_recent_window
DNB,20.L1.6060.26001,094,Vô hiệu hóa,2024-03-01,2025-05-01,2025-05-01,13,permanently_inactive_outside_recent_window
Chưa xác định,20.L1.6060.26001,222,Vô hiệu hóa,2024-04-01,2024-04-01,2024-04-01,26,permanently_inactive_outside_recent_window
MT-TNG,20.L1.6060.26002,012,Vô hiệu hóa,2024-01-01,2024-01-01,2024-01-01,29,permanently_inactive_outside_recent_window
DNB,20.L1.6060.26002,019,Vô hiệu hóa,2024-03-01,2024-07-01,2024-07-01,23,permanently_inactive_outside_recent_window
TNB,20.L1.6060.26002,065,Vô hiệu hóa,2024-02-01,2024-05-01,2024-05-01,25,permanently_inactive_outside_recent_window
DNB,20.L1.6060.26002,081,Vô hiệu hóa,2024-06-01,2024-06-01,2024-06-01,24,permanently_inactive_outside_recent_window
DNB,20.L1.6060.26003,008,Vô hiệu hóa,2024-01-01,2024-07-01,2024-07-01,23,permanently_inactive_outside_recent_window
TNB,20.L1.6060.26003,011,Vô hiệu hóa,2024-01-01,2024-03-01,2024-03-01,27,permanently_inactive_outside_recent_window
TNB,20.L1.6060.26003,015,Vô hiệu hóa,2024-04-01,2024-07-01,2024-07-01,23,permanently_inactive_outside_recent_window
TNB,20.L1.6060.26003,017,Vô hiệu hóa,2024-02-01,2024-08-01,2024-08-01,22,permanently_inactive_outside_recent_window
TNB,20.L1.6060.26003,024,Vô hiệu hóa,2024-01-01,2024-07-01,2024-07-01,23,permanently_inactive_outside_recent_window
TNB,20.L1.6060.26003,065,Vô hiệu hóa,2024-01-01,2024-07-01,2024-07-01,23,permanently_inactive_outside_recent_window
DNB,20.L1.6060.26003,081,Vô hiệu hóa,2024-01-01,2024-12-01,2024-12-01,18,permanently_inactive_outside_recent_window
Chưa xác định,20.L1.6060.26004,000,Vô hiệu hóa,2024-01-01,2024-04-01,2024-04-01,26,permanently_inactive_outside_recent_window
DNB,20.L1.6060.26004,002,Vô hiệu hóa,2024-01-01,2024-04-01,2024-04-01,26,permanently_inactive_outside_recent_window
MT-TNG,20.L1.6060.26004,012,Vô hiệu hóa,2024-02-01,2025-05-01,2025-05-01,13,permanently_inactive_outside_recent_window
DNB,20.L1.6060.26004,019,Vô hiệu hóa,2024-01-01,2024-07-01,2024-07-01,23,permanently_inactive_outside_recent_window
DNB,20.L1.6060.26004,081,Vô hiệu hóa,2024-01-01,2024-07-01,2024-07-01,23,permanently_inactive_outside_recent_window
Chưa xác định,20.L1.6060.26004,222,Vô hiệu hóa,2024-04-01,2024-07-01,2024-07-01,23,permanently_inactive_outside_recent_window
DNB,20.L1.6060.26007,008,Vô hiệu hóa,2024-09-01,2024-09-01,2024-09-01,21,permanently_inactive_outside_recent_window
MT-TNG,20.L1.6060.26007,012,Vô hiệu hóa,2024-01-01,2024-01-01,2024-01-01,29,permanently_inactive_outside_recent_window
MT-TNG,20.L1.6060.26007,023,Vô hiệu hóa,2024-02-01,2024-07-01,2024-07-01,23,permanently_inactive_outside_recent_window
DNB,20.L1.6060.26007,081,Vô hiệu hóa,2024-03-01,2024-06-01,2024-06-01,24,permanently_inactive_outside_recent_window
DNB,20.L1.6060.26007,094,Vô hiệu hóa,2024-01-01,2024-07-01,2024-07-01,23,permanently_inactive_outside_recent_window
Chưa xác định,20.L1.6060.26101,000,Vô hiệu hóa,2024-01-01,2024-08-01,2024-08-01,22,permanently_inactive_outside_recent_window
TNB,20.L1.6060.26101,050,Vô hiệu hóa,2024-01-01,2025-04-01,2025-04-01,14,permanently_inactive_outside_recent_window
DNB,20.L1.6060.26101,060,Vô hiệu hóa,2024-01-01,2025-02-01,2025-02-01,16,permanently_inactive_outside_recent_window
DNB,20.L1.6060.26101,061,Vô hiệu hóa,2024-01-01,2024-12-01,2024-12-01,18,permanently_inactive_outside_recent_window
TNB,20.L1.6060.26101,063,Vô hiệu hóa,2024-01-01,2025-04-01,2025-04-01,14,permanently_inactive_outside_recent_window
DNB,20.L1.6060.26101,076,Vô hiệu hóa,2024-01-01,2025-03-01,2025-03-01,15,permanently_inactive_outside_recent_window
MT-TNG,20.L1.6060.26101,079,Vô hiệu hóa,2024-01-01,2025-01-01,2025-01-01,17,permanently_inactive_outside_recent_window
DNB,20.L1.6060.26101,081,Vô hiệu hóa,2024-01-01,2024-11-01,2024-11-01,19,permanently_inactive_outside_recent_window
DNB,20.L1.6060.26101,094,Vô hiệu hóa,2024-08-01,2024-08-01,2024-08-01,22,permanently_inactive_outside_recent_window
Chưa xác định,20.L1.6060.26101,222,Vô hiệu hóa,2024-01-01,2025-04-01,2025-04-01,14,permanently_inactive_outside_recent_window
Chưa xác định,20.L1.6060.26102,000,Vô hiệu hóa,2024-01-01,2024-02-01,2024-02-01,28,permanently_inactive_outside_recent_window
MT-TNG,20.L1.6060.26102,012,Vô hiệu hóa,2024-01-01,2024-01-01,2024-01-01,29,permanently_inactive_outside_recent_window
TNB,20.L1.6060.26102,065,Vô hiệu hóa,2024-01-01,2024-12-01,2024-12-01,18,permanently_inactive_outside_recent_window
TNB,20.L1.6060.26102,073,Vô hiệu hóa,2024-01-01,2024-07-01,2024-07-01,23,permanently_inactive_outside_recent_window
DNB,20.L1.6060.26102,081,Vô hiệu hóa,2024-01-01,2024-06-01,2024-06-01,24,permanently_inactive_outside_recent_window
DNB,20.L1.6060.26102,094,Vô hiệu hóa,2024-03-01,2024-03-01,2024-03-01,27,permanently_inactive_outside_recent_window
Chưa xác định,20.L1.6060.26103,000,Vô hiệu hóa,2024-04-01,2024-08-01,2024-08-01,22,permanently_inactive_outside_recent_window
MT-TNG,20.L1.6060.26103,012,Vô hiệu hóa,2024-01-01,2024-05-01,2024-05-01,25,permanently_inactive_outside_recent_window
TNB,20.L1.6060.26103,065,Vô hiệu hóa,2024-03-01,2025-02-01,2025-02-01,16,permanently_inactive_outside_recent_window
TNB,20.L1.6060.26103,069,Vô hiệu hóa,2024-01-01,2024-12-01,2024-12-01,18,permanently_inactive_outside_recent_window
DNB,20.L1.6060.26103,076,Vô hiệu hóa,2024-03-01,2024-08-01,2024-08-01,22,permanently_inactive_outside_recent_window
MT-TNG,20.L1.6060.26103,079,Vô hiệu hóa,2024-04-01,2024-11-01,2024-11-01,19,permanently_inactive_outside_recent_window
DNB,20.L1.6060.26103,081,Vô hiệu hóa,2024-01-01,2024-08-01,2024-08-01,22,permanently_inactive_outside_recent_window
Chưa xác định,20.L1.6060.26103,222,Vô hiệu hóa,2024-06-01,2025-02-01,2025-02-01,16,permanently_inactive_outside_recent_window
Chưa xác định,20.L1.6060.26104,000,Vô hiệu hóa,2024-08-01,2024-11-01,2024-11-01,19,permanently_inactive_outside_recent_window
MT-TNG,20.L1.6060.26104,079,Vô hiệu hóa,2024-03-01,2025-04-01,2025-04-01,14,permanently_inactive_outside_recent_window
DNB,20.L1.6060.26104,081,Vô hiệu hóa,2024-01-01,2024-12-01,2024-12-01,18,permanently_inactive_outside_recent_window
MT-TNG,20.L1.6060.26105,012,Vô hiệu hóa,2024-02-01,2025-04-01,2025-04-01,14,permanently_inactive_outside_recent_window
DNB,20.L1.6060.26105,061,Vô hiệu hóa,2024-02-01,2025-05-01,2025-05-01,13,permanently_inactive_outside_recent_window
TNB,20.L1.6060.26105,065,Vô hiệu hóa,2024-01-01,2024-11-01,2024-11-01,19,permanently_inactive_outside_recent_window
DNB,20.L1.6060.26105,094,Vô hiệu hóa,2024-01-01,2024-05-01,2024-05-01,25,permanently_inactive_outside_recent_window
DNB,20.L1.6060.26106,061,Vô hiệu hóa,2024-01-01,2024-03-01,2024-03-01,27,permanently_inactive_outside_recent_window
TNB,20.L1.6060.26109,065,Vô hiệu hóa,2024-05-01,2024-05-01,2024-05-01,25,permanently_inactive_outside_recent_window
DNB,20.L1.6060.26109,081,Vô hiệu hóa,2024-06-01,2024-06-01,2024-06-01,24,permanently_inactive_outside_recent_window
DNB,20.L1.6060.26111,094,Vô hiệu hóa,2024-07-01,2024-07-01,2024-07-01,23,permanently_inactive_outside_recent_window
TNB,20.L1.6060.26171,050,Vô hiệu hóa,2024-07-01,2024-07-01,2024-07-01,23,permanently_inactive_outside_recent_window
DNB,20.L1.6060.26171,081,Vô hiệu hóa,2024-01-01,2024-01-01,2024-01-01,29,permanently_inactive_outside_recent_window
TNB,20.L1.6060.26400,119,Vô hiệu hóa,2025-03-01,2025-04-01,2025-04-01,14,permanently_inactive_outside_recent_window
TNB,20.L1.6060.26500,015,Vô hiệu hóa,2024-07-01,2025-04-01,2025-04-01,14,permanently_inactive_outside_recent_window
TNB,20.L1.6060.26500,050,Vô hiệu hóa,2024-07-01,2025-05-01,2025-05-01,13,permanently_inactive_outside_recent_window
TNB,20.L1.6060.26500,098,Vô hiệu hóa,2024-08-01,2024-08-01,2024-08-01,22,permanently_inactive_outside_recent_window
Chưa xác định,20.L1.6060.26902,000,Vô hiệu hóa,2024-01-01,2025-01-01,2025-01-01,17,permanently_inactive_outside_recent_window
MT-TNG,20.L1.6060.26902,079,Vô hiệu hóa,2024-04-01,2025-01-01,2025-01-01,17,permanently_inactive_outside_recent_window
DNB,20.L1.6060.26902,081,Vô hiệu hóa,2024-03-01,2025-04-01,2025-04-01,14,permanently_inactive_outside_recent_window
Chưa xác định,20.L1.6060.26903,000,Vô hiệu hóa,2024-02-01,2024-11-01,2024-11-01,19,permanently_inactive_outside_recent_window
DNB,20.L1.6060.26903,060,Vô hiệu hóa,2024-03-01,2025-05-01,2025-05-01,13,permanently_inactive_outside_recent_window
TNB,20.L1.6060.26903,065,Vô hiệu hóa,2024-04-01,2025-03-01,2025-03-01,15,permanently_inactive_outside_recent_window
MT-TNG,20.L1.6060.26903,079,Vô hiệu hóa,2024-03-01,2025-04-01,2025-04-01,14,permanently_inactive_outside_recent_window
DNB,20.L1.6060.26903,081,Vô hiệu hóa,2024-03-01,2025-03-01,2025-03-01,15,permanently_inactive_outside_recent_window
Chưa xác định,20.L1.6060.26903,222,Vô hiệu hóa,2024-05-01,2024-05-01,2024-05-01,25,permanently_inactive_outside_recent_window
Chưa xác định,20.L1.6060.36001,000,Vô hiệu hóa,2024-07-01,2024-07-01,2024-07-01,23,permanently_inactive_outside_recent_window
DNB,20.L1.6060.36001,022,Vô hiệu hóa,2024-01-01,2025-02-01,2025-02-01,16,permanently_inactive_outside_recent_window
Chưa xác định,20.L1.6060.36002,000,Vô hiệu hóa,2024-07-01,2024-07-01,2024-07-01,23,permanently_inactive_outside_recent_window
Chưa xác định,20.L1.6060.36004,000,Vô hiệu hóa,2024-07-01,2024-07-01,2024-07-01,23,permanently_inactive_outside_recent_window
TNB,20.L1.6060.36004,073,Vô hiệu hóa,2024-01-01,2024-12-01,2024-12-01,18,permanently_inactive_outside_recent_window
DNB,20.L1.6060.36006,002,Vô hiệu hóa,2024-04-01,2025-03-01,2025-03-01,15,permanently_inactive_outside_recent_window
Chưa xác định,20.L1.6060.36903,000,Vô hiệu hóa,2024-01-01,2024-05-01,2024-05-01,25,permanently_inactive_outside_recent_window
DNB,20.L1.6060.36903,097,Vô hiệu hóa,2024-03-01,2025-04-01,2025-04-01,14,permanently_inactive_outside_recent_window
Chưa xác định,20.L1.6060.36904,000,Vô hiệu hóa,2024-01-01,2024-06-01,2024-06-01,24,permanently_inactive_outside_recent_window
DNB,20.L1.6060.36904,097,Vô hiệu hóa,2024-03-01,2025-02-01,2025-02-01,16,permanently_inactive_outside_recent_window
Chưa xác định,20.L1.6060.36905,000,Vô hiệu hóa,2024-01-01,2024-11-01,2024-11-01,19,permanently_inactive_outside_recent_window
DNB,20.L1.6060.36905,097,Vô hiệu hóa,2024-03-01,2025-04-01,2025-04-01,14,permanently_inactive_outside_recent_window
Chưa xác định,20.L1.6060.36906,000,Vô hiệu hóa,2024-01-01,2024-11-01,2024-11-01,19,permanently_inactive_outside_recent_window
Chưa xác định,20.L1.6060.36906,085,Vô hiệu hóa,2024-08-01,2024-08-01,2024-08-01,22,permanently_inactive_outside_recent_window
DNB,20.L1.6060.36906,097,Vô hiệu hóa,2024-03-01,2025-03-01,2025-03-01,15,permanently_inactive_outside_recent_window
Chưa xác định,20.L1.6060.A16003,000,Vô hiệu hóa,2024-11-01,2024-11-01,2024-11-01,19,permanently_inactive_outside_recent_window
TNB,20.L1.6060.A16003,011,Vô hiệu hóa,2025-05-01,2025-05-01,2025-05-01,13,permanently_inactive_outside_recent_window
DNB,20.L1.6060.A16003,097,Vô hiệu hóa,2024-12-01,2025-04-01,2025-04-01,14,permanently_inactive_outside_recent_window
Chưa xác định,20.L1.6060.A16003,222,Vô hiệu hóa,2025-02-01,2025-02-01,2025-02-01,16,permanently_inactive_outside_recent_window
DNB,20.L1.6060.A26903,081,Vô hiệu hóa,2025-03-01,2025-04-01,2025-04-01,14,permanently_inactive_outside_recent_window
TNB,20.L1.6060.A36004,041,Vô hiệu hóa,2025-03-01,2025-04-01,2025-04-01,14,permanently_inactive_outside_recent_window
Chưa xác định,20.L1.6060.A36903,000,Vô hiệu hóa,2025-01-01,2025-01-01,2025-01-01,17,permanently_inactive_outside_recent_window
TNB,20.L1.6060.A36903,040,Vô hiệu hóa,2025-05-01,2025-05-01,2025-05-01,13,permanently_inactive_outside_recent_window
TNB,20.L1.6060.A36903,041,Vô hiệu hóa,2025-03-01,2025-04-01,2025-04-01,14,permanently_inactive_outside_recent_window
Chưa xác định,20.L1.6060.A36904,000,Vô hiệu hóa,2025-02-01,2025-03-01,2025-03-01,15,permanently_inactive_outside_recent_window
TNB,20.L1.6060.A36904,042,Vô hiệu hóa,2025-03-01,2025-05-01,2025-05-01,13,permanently_inactive_outside_recent_window
DNB,20.L1.6060.A36904,097,Vô hiệu hóa,2025-02-01,2025-04-01,2025-04-01,14,permanently_inactive_outside_recent_window
Chưa xác định,20.L1.8080.18101,000,Vô hiệu hóa,2024-04-01,2024-04-01,2024-04-01,26,permanently_inactive_outside_recent_window
TNB,20.L1.8080.18101,018,Vô hiệu hóa,2024-05-01,2024-05-01,2024-05-01,25,permanently_inactive_outside_recent_window
DNB,20.L1.8080.18101,022,Vô hiệu hóa,2024-12-01,2024-12-01,2024-12-01,18,permanently_inactive_outside_recent_window
TNB,20.L1.8080.18101,063,Vô hiệu hóa,2024-01-01,2024-07-01,2024-07-01,23,permanently_inactive_outside_recent_window
DNB,20.L1.8080.18102,002,Vô hiệu hóa,2024-04-01,2024-05-01,2024-05-01,25,permanently_inactive_outside_recent_window
DNB,20.L1.8080.18102,010,Vô hiệu hóa,2024-04-01,2024-05-01,2024-05-01,25,permanently_inactive_outside_recent_window
TNB,20.L1.8080.18102,011,Vô hiệu hóa,2024-01-01,2024-12-01,2024-12-01,18,permanently_inactive_outside_recent_window
DNB,20.L1.8080.18102,013,Vô hiệu hóa,2025-05-01,2025-05-01,2025-05-01,13,permanently_inactive_outside_recent_window
TNB,20.L1.8080.18102,018,Vô hiệu hóa,2025-02-01,2025-02-01,2025-02-01,16,permanently_inactive_outside_recent_window
DNB,20.L1.8080.18102,019,Vô hiệu hóa,2024-01-01,2024-01-01,2024-01-01,29,permanently_inactive_outside_recent_window
DNB,20.L1.8080.18110,010,Vô hiệu hóa,2024-04-01,2024-04-01,2024-04-01,26,permanently_inactive_outside_recent_window
TNB,20.L1.8080.18110,063,Vô hiệu hóa,2024-01-01,2024-12-01,2024-12-01,18,permanently_inactive_outside_recent_window
DNB,20.L1.8080.18114,010,Vô hiệu hóa,2024-01-01,2024-06-01,2024-06-01,24,permanently_inactive_outside_recent_window
TNB,20.L1.8080.18114,011,Vô hiệu hóa,2024-01-01,2024-12-01,2024-12-01,18,permanently_inactive_outside_recent_window
TNB,20.L1.8080.18114,015,Vô hiệu hóa,2024-01-01,2024-01-01,2024-01-01,29,permanently_inactive_outside_recent_window
DNB,20.L1.8080.18114,019,Vô hiệu hóa,2024-04-01,2024-08-01,2024-08-01,22,permanently_inactive_outside_recent_window
TNB,20.L1.8080.18114,063,Vô hiệu hóa,2024-01-01,2024-03-01,2024-03-01,27,permanently_inactive_outside_recent_window
DNB,20.L1.8080.18114,076,Vô hiệu hóa,2024-04-01,2024-05-01,2024-05-01,25,permanently_inactive_outside_recent_window
Chưa xác định,20.L1.8080.18114,222,Vô hiệu hóa,2024-08-01,2024-08-01,2024-08-01,22,permanently_inactive_outside_recent_window
DNB,20.L1.8080.18116,010,Vô hiệu hóa,2024-03-01,2024-03-01,2024-03-01,27,permanently_inactive_outside_recent_window
TNB,20.L1.8080.18116,015,Vô hiệu hóa,2024-01-01,2024-08-01,2024-08-01,22,permanently_inactive_outside_recent_window
TNB,20.L1.8080.18116,063,Vô hiệu hóa,2024-01-01,2024-11-01,2024-11-01,19,permanently_inactive_outside_recent_window
MT-TNG,20.L1.8080.18116,064,Vô hiệu hóa,2024-01-01,2024-09-01,2024-09-01,21,permanently_inactive_outside_recent_window
DNB,20.L1.8080.18117,002,Vô hiệu hóa,2024-01-01,2024-12-01,2024-12-01,18,permanently_inactive_outside_recent_window
TNB,20.L1.8080.18117,011,Vô hiệu hóa,2024-01-01,2024-01-01,2024-01-01,29,permanently_inactive_outside_recent_window
DNB,20.L1.8080.18117,013,Vô hiệu hóa,2024-01-01,2025-01-01,2025-01-01,17,permanently_inactive_outside_recent_window
TNB,20.L1.8080.18117,016,Vô hiệu hóa,2024-01-01,2024-01-01,2024-01-01,29,permanently_inactive_outside_recent_window
DNB,20.L1.8080.18117,022,Vô hiệu hóa,2024-01-01,2025-01-01,2025-01-01,17,permanently_inactive_outside_recent_window
MT-TNG,20.L1.8080.18117,064,Vô hiệu hóa,2024-08-01,2025-01-01,2025-01-01,17,permanently_inactive_outside_recent_window
TNB,20.L1.8080.18118,018,Vô hiệu hóa,2024-01-01,2024-12-01,2024-12-01,18,permanently_inactive_outside_recent_window
TNB,20.L1.8080.18118,063,Vô hiệu hóa,2024-01-01,2024-06-01,2024-06-01,24,permanently_inactive_outside_recent_window
DNB,20.L1.8080.18120,002,Vô hiệu hóa,2024-11-01,2024-11-01,2024-11-01,19,permanently_inactive_outside_recent_window
TNB,20.L1.8080.18120,011,Vô hiệu hóa,2024-02-01,2024-09-01,2024-09-01,21,permanently_inactive_outside_recent_window
DNB,20.L1.8080.18120,022,Vô hiệu hóa,2024-05-01,2024-10-01,2024-10-01,20,permanently_inactive_outside_recent_window
Chưa xác định,20.L1.8080.18125,000,Vô hiệu hóa,2024-02-01,2024-02-01,2024-02-01,28,permanently_inactive_outside_recent_window
DNB,20.L1.8080.18125,097,Vô hiệu hóa,2024-01-01,2025-01-01,2025-01-01,17,permanently_inactive_outside_recent_window
Chưa xác định,20.L1.8080.18126,000,Vô hiệu hóa,2024-05-01,2025-03-01,2025-03-01,15,permanently_inactive_outside_recent_window
DNB,20.L1.8080.18126,097,Vô hiệu hóa,2024-01-01,2025-03-01,2025-03-01,15,permanently_inactive_outside_recent_window
Chưa xác định,20.L1.8080.18127,000,Vô hiệu hóa,2024-04-01,2024-07-01,2024-07-01,23,permanently_inactive_outside_recent_window
DNB,20.L1.8080.18127,097,Vô hiệu hóa,2024-01-01,2024-12-01,2024-12-01,18,permanently_inactive_outside_recent_window
Chưa xác định,20.L1.8080.18128,000,Vô hiệu hóa,2024-06-01,2024-06-01,2024-06-01,24,permanently_inactive_outside_recent_window
TNB,20.L1.8080.18128,017,Vô hiệu hóa,2024-01-01,2025-03-01,2025-03-01,15,permanently_inactive_outside_recent_window
DNB,20.L1.8080.18128,097,Vô hiệu hóa,2024-04-01,2025-03-01,2025-03-01,15,permanently_inactive_outside_recent_window
Chưa xác định,20.L1.8080.18129,000,Vô hiệu hóa,2024-03-01,2024-07-01,2024-07-01,23,permanently_inactive_outside_recent_window
TNB,20.L1.8080.18129,017,Vô hiệu hóa,2024-01-01,2024-12-01,2024-12-01,18,permanently_inactive_outside_recent_window
TNB,20.L1.8080.18129,024,Vô hiệu hóa,2024-04-01,2025-01-01,2025-01-01,17,permanently_inactive_outside_recent_window
DNB,20.L1.8080.18129,097,Vô hiệu hóa,2024-01-01,2025-03-01,2025-03-01,15,permanently_inactive_outside_recent_window
Chưa xác định,20.L1.8080.18129,222,Vô hiệu hóa,2024-08-01,2024-08-01,2024-08-01,22,permanently_inactive_outside_recent_window
TNB,20.L1.8080.18905,024,Vô hiệu hóa,2024-10-01,2025-01-01,2025-01-01,17,permanently_inactive_outside_recent_window
Chưa xác định,20.L1.8080.28101,000,Vô hiệu hóa,2024-01-01,2025-04-01,2025-04-01,14,permanently_inactive_outside_recent_window
DNB,20.L1.8080.28101,019,Vô hiệu hóa,2024-04-01,2024-06-01,2024-06-01,24,permanently_inactive_outside_recent_window
DNB,20.L1.8080.28101,076,Vô hiệu hóa,2024-08-01,2024-08-01,2024-08-01,22,permanently_inactive_outside_recent_window
MT-TNG,20.L1.8080.28101,079,Vô hiệu hóa,2024-01-01,2025-02-01,2025-02-01,16,permanently_inactive_outside_recent_window
DNB,20.L1.8080.28101,081,Vô hiệu hóa,2024-01-01,2025-04-01,2025-04-01,14,permanently_inactive_outside_recent_window
Chưa xác định,20.L1.8080.28102,000,Vô hiệu hóa,2024-03-01,2024-04-01,2024-04-01,26,permanently_inactive_outside_recent_window
TNB,20.L1.8080.28102,050,Vô hiệu hóa,2024-01-01,2024-01-01,2024-01-01,29,permanently_inactive_outside_recent_window
DNB,20.L1.8080.28102,061,Vô hiệu hóa,2024-01-01,2024-01-01,2024-01-01,29,permanently_inactive_outside_recent_window
TNB,20.L1.8080.28102,065,Vô hiệu hóa,2024-01-01,2024-05-01,2024-05-01,25,permanently_inactive_outside_recent_window
TNB,20.L1.8080.28102,069,Vô hiệu hóa,2024-01-01,2024-06-01,2024-06-01,24,permanently_inactive_outside_recent_window
DNB,20.L1.8080.28102,081,Vô hiệu hóa,2024-03-01,2024-04-01,2024-04-01,26,permanently_inactive_outside_recent_window
DNB,20.L1.8080.28102,094,Vô hiệu hóa,2024-01-01,2024-03-01,2024-03-01,27,permanently_inactive_outside_recent_window
Chưa xác định,20.L1.8080.28103,000,Vô hiệu hóa,2024-07-01,2024-07-01,2024-07-01,23,permanently_inactive_outside_recent_window
MT-TNG,20.L1.8080.28103,012,Vô hiệu hóa,2024-07-01,2025-04-01,2025-04-01,14,permanently_inactive_outside_recent_window
DNB,20.L1.8080.28103,061,Vô hiệu hóa,2025-01-01,2025-01-01,2025-01-01,17,permanently_inactive_outside_recent_window
TNB,20.L1.8080.28103,069,Vô hiệu hóa,2024-11-01,2025-04-01,2025-04-01,14,permanently_inactive_outside_recent_window
MT-TNG,20.L1.8080.28103,079,Vô hiệu hóa,2024-01-01,2024-06-01,2024-06-01,24,permanently_inactive_outside_recent_window
DNB,20.L1.8080.28103,081,Vô hiệu hóa,2024-01-01,2024-07-01,2024-07-01,23,permanently_inactive_outside_recent_window
DNB,20.L1.8080.28104,081,Vô hiệu hóa,2024-01-01,2024-01-01,2024-01-01,29,permanently_inactive_outside_recent_window
DNB,20.L1.8080.28105,061,Vô hiệu hóa,2024-01-01,2024-02-01,2024-02-01,28,permanently_inactive_outside_recent_window
Chưa xác định,20.L1.8080.28106,000,Vô hiệu hóa,2024-01-01,2024-09-01,2024-09-01,21,permanently_inactive_outside_recent_window
DNB,20.L1.8080.28106,061,Vô hiệu hóa,2024-01-01,2024-09-01,2024-09-01,21,permanently_inactive_outside_recent_window
TNB,20.L1.8080.28106,065,Vô hiệu hóa,2024-01-01,2024-07-01,2024-07-01,23,permanently_inactive_outside_recent_window
TNB,20.L1.8080.28106,069,Vô hiệu hóa,2024-02-01,2025-04-01,2025-04-01,14,permanently_inactive_outside_recent_window
DNB,20.L1.8080.28106,081,Vô hiệu hóa,2024-01-01,2024-09-01,2024-09-01,21,permanently_inactive_outside_recent_window
Chưa xác định,20.L1.8080.28107,000,Vô hiệu hóa,2024-01-01,2025-04-01,2025-04-01,14,permanently_inactive_outside_recent_window
DNB,20.L1.8080.28107,002,Vô hiệu hóa,2024-01-01,2025-02-01,2025-02-01,16,permanently_inactive_outside_recent_window
MT-TNG,20.L1.8080.28107,012,Vô hiệu hóa,2024-01-01,2024-05-01,2024-05-01,25,permanently_inactive_outside_recent_window
DNB,20.L1.8080.28107,019,Vô hiệu hóa,2024-01-01,2024-12-01,2024-12-01,18,permanently_inactive_outside_recent_window
DNB,20.L1.8080.28107,061,Vô hiệu hóa,2024-01-01,2025-02-01,2025-02-01,16,permanently_inactive_outside_recent_window
TNB,20.L1.8080.28107,065,Vô hiệu hóa,2024-01-01,2025-05-01,2025-05-01,13,permanently_inactive_outside_recent_window
TNB,20.L1.8080.28107,069,Vô hiệu hóa,2024-03-01,2024-06-01,2024-06-01,24,permanently_inactive_outside_recent_window
MT-TNG,20.L1.8080.28107,079,Vô hiệu hóa,2024-01-01,2024-10-01,2024-10-01,20,permanently_inactive_outside_recent_window
DNB,20.L1.8080.28107,081,Vô hiệu hóa,2024-01-01,2024-07-01,2024-07-01,23,permanently_inactive_outside_recent_window
DNB,20.L1.8080.28107,094,Vô hiệu hóa,2025-02-01,2025-02-01,2025-02-01,16,permanently_inactive_outside_recent_window
Chưa xác định,20.L1.8080.28107,222,Vô hiệu hóa,2024-01-01,2024-12-01,2024-12-01,18,permanently_inactive_outside_recent_window
TNB,20.L1.8080.28109,065,Vô hiệu hóa,2024-01-01,2024-08-01,2024-08-01,22,permanently_inactive_outside_recent_window
DNB,20.L1.8080.28109,081,Vô hiệu hóa,2024-01-01,2024-01-01,2024-01-01,29,permanently_inactive_outside_recent_window
Chưa xác định,20.L1.8080.28110,000,Vô hiệu hóa,2024-06-01,2024-06-01,2024-06-01,24,permanently_inactive_outside_recent_window
DNB,20.L1.8080.28110,076,Vô hiệu hóa,2024-06-01,2024-06-01,2024-06-01,24,permanently_inactive_outside_recent_window
Chưa xác định,20.L1.8080.28111,000,Vô hiệu hóa,2024-01-01,2024-11-01,2024-11-01,19,permanently_inactive_outside_recent_window
DNB,20.L1.8080.28111,061,Vô hiệu hóa,2024-02-01,2024-06-01,2024-06-01,24,permanently_inactive_outside_recent_window
MT-TNG,20.L1.8080.28111,079,Vô hiệu hóa,2024-05-01,2024-11-01,2024-11-01,19,permanently_inactive_outside_recent_window
DNB,20.L1.8080.28111,081,Vô hiệu hóa,2024-01-01,2024-05-01,2024-05-01,25,permanently_inactive_outside_recent_window
Chưa xác định,20.L1.8080.28111,222,Vô hiệu hóa,2024-01-01,2024-01-01,2024-01-01,29,permanently_inactive_outside_recent_window
MT-TNG,20.L1.8080.28112,012,Vô hiệu hóa,2024-01-01,2025-03-01,2025-03-01,15,permanently_inactive_outside_recent_window
TNB,20.L1.8080.28112,050,Vô hiệu hóa,2024-01-01,2024-06-01,2024-06-01,24,permanently_inactive_outside_recent_window
TNB,20.L1.8080.28112,063,Vô hiệu hóa,2024-01-01,2024-01-01,2024-01-01,29,permanently_inactive_outside_recent_window
TNB,20.L1.8080.28112,065,Vô hiệu hóa,2024-04-01,2024-04-01,2024-04-01,26,permanently_inactive_outside_recent_window
TNB,20.L1.8080.28112,069,Vô hiệu hóa,2024-03-01,2024-03-01,2024-03-01,27,permanently_inactive_outside_recent_window
DNB,20.L1.8080.28112,081,Vô hiệu hóa,2024-01-01,2024-05-01,2024-05-01,25,permanently_inactive_outside_recent_window
Chưa xác định,20.L1.8080.28902,000,Vô hiệu hóa,2024-03-01,2025-03-01,2025-03-01,15,permanently_inactive_outside_recent_window
TNB,20.L1.8080.28902,065,Vô hiệu hóa,2025-05-01,2025-05-01,2025-05-01,13,permanently_inactive_outside_recent_window
DNB,20.L1.8080.28902,074,Vô hiệu hóa,2024-04-01,2025-04-01,2025-04-01,14,permanently_inactive_outside_recent_window
DNB,20.L1.8080.28902,081,Vô hiệu hóa,2024-06-01,2025-04-01,2025-04-01,14,permanently_inactive_outside_recent_window
TNB,20.L1.8080.28902,098,Vô hiệu hóa,2024-05-01,2024-12-01,2024-12-01,18,permanently_inactive_outside_recent_window
Chưa xác định,20.L1.8080.28902,222,Vô hiệu hóa,2025-03-01,2025-03-01,2025-03-01,15,permanently_inactive_outside_recent_window
Chưa xác định,20.L1.8080.28906,000,Vô hiệu hóa,2024-02-01,2024-06-01,2024-06-01,24,permanently_inactive_outside_recent_window
TNB,20.L1.8080.28906,063,Vô hiệu hóa,2024-01-01,2024-12-01,2024-12-01,18,permanently_inactive_outside_recent_window
TNB,20.L1.8080.28906,073,Vô hiệu hóa,2024-03-01,2024-04-01,2024-04-01,26,permanently_inactive_outside_recent_window
DNB,20.L1.8080.28906,076,Vô hiệu hóa,2024-01-01,2024-10-01,2024-10-01,20,permanently_inactive_outside_recent_window
Chưa xác định,20.L1.8080.38902,085,Vô hiệu hóa,2024-09-01,2024-09-01,2024-09-01,21,permanently_inactive_outside_recent_window
Chưa xác định,20.L1.8080.38903,085,Vô hiệu hóa,2024-09-01,2024-09-01,2024-09-01,21,permanently_inactive_outside_recent_window
Chưa xác định,20.L1.8080.38906,000,Vô hiệu hóa,2024-04-01,2024-07-01,2024-07-01,23,permanently_inactive_outside_recent_window
Chưa xác định,20.L1.8080.38906,085,Vô hiệu hóa,2024-08-01,2024-09-01,2024-09-01,21,permanently_inactive_outside_recent_window
DNB,20.L1.8080.38906,097,Vô hiệu hóa,2024-08-01,2025-03-01,2025-03-01,15,permanently_inactive_outside_recent_window
Chưa xác định,20.L1.8080.38907,000,Vô hiệu hóa,2024-07-01,2024-07-01,2024-07-01,23,permanently_inactive_outside_recent_window
Chưa xác định,23.L1.5050.6530,000,Vô hiệu hóa,2024-09-01,2025-02-01,2025-02-01,16,permanently_inactive_outside_recent_window
TNB,23.L1.5050.6530,050,Vô hiệu hóa,2024-01-01,2024-10-01,2024-10-01,20,permanently_inactive_outside_recent_window
MT-TNG,23.L1.5050.6530,059,Vô hiệu hóa,2024-11-01,2024-12-01,2024-12-01,18,permanently_inactive_outside_recent_window
TNB,23.L1.5050.6530,063,Vô hiệu hóa,2024-01-01,2024-09-01,2024-09-01,21,permanently_inactive_outside_recent_window
MT-TNG,23.L1.5050.6530,071,Vô hiệu hóa,2024-01-01,2024-10-01,2024-10-01,20,permanently_inactive_outside_recent_window
DNB,23.L1.5050.6530,076,Vô hiệu hóa,2024-04-01,2025-04-01,2025-04-01,14,permanently_inactive_outside_recent_window
MT-TNG,23.L1.5050.6530,079,Vô hiệu hóa,2024-05-01,2025-01-01,2025-01-01,17,permanently_inactive_outside_recent_window
DNB,23.L1.5050.6530,081,Vô hiệu hóa,2024-02-01,2024-12-01,2024-12-01,18,permanently_inactive_outside_recent_window
DNB,23.L1.5050.6530,094,Vô hiệu hóa,2024-03-01,2025-05-01,2025-05-01,13,permanently_inactive_outside_recent_window
Chưa xác định,23.L1.5050.6530,222,Vô hiệu hóa,2024-01-01,2024-04-01,2024-04-01,26,permanently_inactive_outside_recent_window
DNB,23.L1.5050.6531,019,Vô hiệu hóa,2024-01-01,2024-09-01,2024-09-01,21,permanently_inactive_outside_recent_window
DNB,23.L1.5050.6531,060,Vô hiệu hóa,2024-01-01,2025-05-01,2025-05-01,13,permanently_inactive_outside_recent_window
MT-TNG,23.L1.5050.6531,064,Vô hiệu hóa,2024-04-01,2025-04-01,2025-04-01,14,permanently_inactive_outside_recent_window
TNB,23.L1.5050.6531,065,Vô hiệu hóa,2024-04-01,2024-04-01,2024-04-01,26,permanently_inactive_outside_recent_window
MT-TNG,23.L1.5050.6531,070,Vô hiệu hóa,2024-01-01,2024-02-01,2024-02-01,28,permanently_inactive_outside_recent_window
MT-TNG,23.L1.5050.6531,071,Vô hiệu hóa,2024-03-01,2024-10-01,2024-10-01,20,permanently_inactive_outside_recent_window
MT-TNG,23.L1.5050.6531,072,Vô hiệu hóa,2024-04-01,2024-11-01,2024-11-01,19,permanently_inactive_outside_recent_window
TNB,23.L1.5050.6531,073,Vô hiệu hóa,2024-01-01,2024-10-01,2024-10-01,20,permanently_inactive_outside_recent_window
DNB,23.L1.5050.6531,081,Vô hiệu hóa,2024-03-01,2025-03-01,2025-03-01,15,permanently_inactive_outside_recent_window
DNB,23.L1.5050.6531,094,Vô hiệu hóa,2024-04-01,2025-01-01,2025-01-01,17,permanently_inactive_outside_recent_window
DNB,23.L1.5050.6532,010,Vô hiệu hóa,2024-01-01,2024-04-01,2024-04-01,26,permanently_inactive_outside_recent_window
TNB,23.L1.5050.6532,011,Vô hiệu hóa,2024-01-01,2024-01-01,2024-01-01,29,permanently_inactive_outside_recent_window
MT-TNG,23.L1.5050.6532,012,Vô hiệu hóa,2024-01-01,2024-04-01,2024-04-01,26,permanently_inactive_outside_recent_window
MT-TNG,23.L1.5050.6532,014,Vô hiệu hóa,2024-01-01,2024-09-01,2024-09-01,21,permanently_inactive_outside_recent_window
TNB,23.L1.5050.6532,017,Vô hiệu hóa,2024-01-01,2024-08-01,2024-08-01,22,permanently_inactive_outside_recent_window
DNB,23.L1.5050.6532,019,Vô hiệu hóa,2024-04-01,2024-09-01,2024-09-01,21,permanently_inactive_outside_recent_window
MT-TNG,23.L1.5050.6532,023,Vô hiệu hóa,2024-07-01,2025-03-01,2025-03-01,15,permanently_inactive_outside_recent_window
TNB,23.L1.5050.6532,024,Vô hiệu hóa,2024-03-01,2025-05-01,2025-05-01,13,permanently_inactive_outside_recent_window
MT-TNG,23.L1.5050.6532,049,Vô hiệu hóa,2024-01-01,2024-09-01,2024-09-01,21,permanently_inactive_outside_recent_window
MT-TNG,23.L1.5050.6532,095,Vô hiệu hóa,2024-01-01,2024-01-01,2024-01-01,29,permanently_inactive_outside_recent_window
Chưa xác định,23.L1.5050.6533,000,Vô hiệu hóa,2024-01-01,2024-03-01,2024-03-01,27,permanently_inactive_outside_recent_window
MT-TNG,23.L1.5050.6533,001,Vô hiệu hóa,2024-01-01,2024-11-01,2024-11-01,19,permanently_inactive_outside_recent_window
TNB,23.L1.5050.6533,050,Vô hiệu hóa,2024-01-01,2024-07-01,2024-07-01,23,permanently_inactive_outside_recent_window
MT-TNG,23.L1.5050.6533,059,Vô hiệu hóa,2024-02-01,2024-10-01,2024-10-01,20,permanently_inactive_outside_recent_window
DNB,23.L1.5050.6533,061,Vô hiệu hóa,2024-01-01,2024-03-01,2024-03-01,27,permanently_inactive_outside_recent_window
TNB,23.L1.5050.6533,063,Vô hiệu hóa,2024-01-01,2024-11-01,2024-11-01,19,permanently_inactive_outside_recent_window
MT-TNG,23.L1.5050.6533,064,Vô hiệu hóa,2024-01-01,2024-11-01,2024-11-01,19,permanently_inactive_outside_recent_window
TNB,23.L1.5050.6533,065,Vô hiệu hóa,2024-01-01,2024-10-01,2024-10-01,20,permanently_inactive_outside_recent_window
TNB,23.L1.5050.6533,069,Vô hiệu hóa,2024-01-01,2025-01-01,2025-01-01,17,permanently_inactive_outside_recent_window
MT-TNG,23.L1.5050.6533,071,Vô hiệu hóa,2024-01-01,2024-06-01,2024-06-01,24,permanently_inactive_outside_recent_window
MT-TNG,23.L1.5050.6533,079,Vô hiệu hóa,2024-03-01,2025-04-01,2025-04-01,14,permanently_inactive_outside_recent_window
DNB,23.L1.5050.6533,081,Vô hiệu hóa,2024-01-01,2025-03-01,2025-03-01,15,permanently_inactive_outside_recent_window
DNB,23.L1.5050.6533,094,Vô hiệu hóa,2024-01-01,2024-04-01,2024-04-01,26,permanently_inactive_outside_recent_window
MT-TNG,23.L1.5050.6533,095,Vô hiệu hóa,2024-01-01,2024-02-01,2024-02-01,28,permanently_inactive_outside_recent_window
Chưa xác định,23.L1.5050.6533,222,Vô hiệu hóa,2024-03-01,2024-04-01,2024-04-01,26,permanently_inactive_outside_recent_window
DNB,23.L1.5050.6535,008,Vô hiệu hóa,2024-01-01,2024-11-01,2024-11-01,19,permanently_inactive_outside_recent_window
DNB,23.L1.5050.6535,010,Vô hiệu hóa,2025-02-01,2025-02-01,2025-02-01,16,permanently_inactive_outside_recent_window
TNB,23.L1.5050.6535,011,Vô hiệu hóa,2024-08-01,2024-08-01,2024-08-01,22,permanently_inactive_outside_recent_window
MT-TNG,23.L1.5050.6535,014,Vô hiệu hóa,2024-03-01,2024-03-01,2024-03-01,27,permanently_inactive_outside_recent_window
DNB,23.L1.5050.6535,022,Vô hiệu hóa,2024-11-01,2025-05-01,2025-05-01,13,permanently_inactive_outside_recent_window
MT-TNG,23.L1.5050.6535,023,Vô hiệu hóa,2024-02-01,2024-07-01,2024-07-01,23,permanently_inactive_outside_recent_window
DNB,23.L1.5050.6536,019,Vô hiệu hóa,2024-09-01,2024-10-01,2024-10-01,20,permanently_inactive_outside_recent_window
DNB,23.L1.5050.6537,002,Vô hiệu hóa,2024-03-01,2024-12-01,2024-12-01,18,permanently_inactive_outside_recent_window
DNB,23.L1.5050.6537,010,Vô hiệu hóa,2024-01-01,2024-10-01,2024-10-01,20,permanently_inactive_outside_recent_window
MT-TNG,23.L1.5050.6537,012,Vô hiệu hóa,2024-05-01,2024-05-01,2024-05-01,25,permanently_inactive_outside_recent_window
DNB,23.L1.5050.6537,013,Vô hiệu hóa,2024-12-01,2025-02-01,2025-02-01,16,permanently_inactive_outside_recent_window
MT-TNG,23.L1.5050.6537,014,Vô hiệu hóa,2024-01-01,2024-07-01,2024-07-01,23,permanently_inactive_outside_recent_window
TNB,23.L1.5050.6537,017,Vô hiệu hóa,2024-01-01,2024-01-01,2024-01-01,29,permanently_inactive_outside_recent_window
DNB,23.L1.5050.6537,019,Vô hiệu hóa,2024-01-01,2024-08-01,2024-08-01,22,permanently_inactive_outside_recent_window
MT-TNG,23.L1.5050.6537,023,Vô hiệu hóa,2024-01-01,2024-01-01,2024-01-01,29,permanently_inactive_outside_recent_window
TNB,23.L1.5050.6537,024,Vô hiệu hóa,2024-03-01,2024-03-01,2024-03-01,27,permanently_inactive_outside_recent_window
MT-TNG,23.L1.5050.6537,049,Vô hiệu hóa,2024-01-01,2024-06-01,2024-06-01,24,permanently_inactive_outside_recent_window
MT-TNG,23.L1.5050.6537,072,Vô hiệu hóa,2024-11-01,2024-11-01,2024-11-01,19,permanently_inactive_outside_recent_window
MT-TNG,23.L1.5050.6537,078,Vô hiệu hóa,2024-01-01,2024-01-01,2024-01-01,29,permanently_inactive_outside_recent_window
Chưa xác định,23.L1.5050.6537,222,Vô hiệu hóa,2024-03-01,2024-03-01,2024-03-01,27,permanently_inactive_outside_recent_window
Chưa xác định,23.L1.5050.6539,000,Vô hiệu hóa,2024-01-01,2024-05-01,2024-05-01,25,permanently_inactive_outside_recent_window
DNB,23.L1.5050.6539,019,Vô hiệu hóa,2024-01-01,2025-05-01,2025-05-01,13,permanently_inactive_outside_recent_window
DNB,23.L1.5050.6539,060,Vô hiệu hóa,2024-01-01,2025-05-01,2025-05-01,13,permanently_inactive_outside_recent_window
MT-TNG,23.L1.5050.6539,064,Vô hiệu hóa,2024-05-01,2024-05-01,2024-05-01,25,permanently_inactive_outside_recent_window
MT-TNG,23.L1.5050.6539,071,Vô hiệu hóa,2024-01-01,2024-08-01,2024-08-01,22,permanently_inactive_outside_recent_window
MT-TNG,23.L1.5050.6539,072,Vô hiệu hóa,2024-11-01,2024-11-01,2024-11-01,19,permanently_inactive_outside_recent_window
DNB,23.L1.5050.6539,076,Vô hiệu hóa,2024-09-01,2024-09-01,2024-09-01,21,permanently_inactive_outside_recent_window
MT-TNG,23.L1.5050.6539,079,Vô hiệu hóa,2024-01-01,2025-04-01,2025-04-01,14,permanently_inactive_outside_recent_window
DNB,23.L1.5050.6539,081,Vô hiệu hóa,2024-04-01,2025-03-01,2025-03-01,15,permanently_inactive_outside_recent_window
Chưa xác định,23.L1.5050.6539,222,Vô hiệu hóa,2024-01-01,2024-01-01,2024-01-01,29,permanently_inactive_outside_recent_window
DNB,23.L1.5050.6540,019,Vô hiệu hóa,2024-04-01,2024-07-01,2024-07-01,23,permanently_inactive_outside_recent_window
MT-TNG,23.L1.5050.6540,059,Vô hiệu hóa,2024-01-01,2025-03-01,2025-03-01,15,permanently_inactive_outside_recent_window
MT-TNG,23.L1.5050.6540,064,Vô hiệu hóa,2024-01-01,2024-01-01,2024-01-01,29,permanently_inactive_outside_recent_window
MT-TNG,23.L1.5050.6540,070,Vô hiệu hóa,2024-01-01,2024-01-01,2024-01-01,29,permanently_inactive_outside_recent_window
MT-TNG,23.L1.5050.6540,071,Vô hiệu hóa,2024-01-01,2024-06-01,2024-06-01,24,permanently_inactive_outside_recent_window
DNB,23.L1.5050.6540,081,Vô hiệu hóa,2024-01-01,2025-04-01,2025-04-01,14,permanently_inactive_outside_recent_window
DNB,23.L1.5050.6540,094,Vô hiệu hóa,2024-05-01,2024-11-01,2024-11-01,19,permanently_inactive_outside_recent_window
MT-TNG,23.L1.5050.6542,001,Vô hiệu hóa,2024-01-01,2024-12-01,2024-12-01,18,permanently_inactive_outside_recent_window
DNB,23.L1.5050.6542,008,Vô hiệu hóa,2024-02-01,2025-03-01,2025-03-01,15,permanently_inactive_outside_recent_window
TNB,23.L1.5050.6542,011,Vô hiệu hóa,2024-08-01,2024-08-01,2024-08-01,22,permanently_inactive_outside_recent_window
MT-TNG,23.L1.5050.6542,012,Vô hiệu hóa,2025-04-01,2025-04-01,2025-04-01,14,permanently_inactive_outside_recent_window
DNB,23.L1.5050.6542,013,Vô hiệu hóa,2024-02-01,2024-03-01,2024-03-01,27,permanently_inactive_outside_recent_window
MT-TNG,23.L1.5050.6542,014,Vô hiệu hóa,2024-01-01,2024-10-01,2024-10-01,20,permanently_inactive_outside_recent_window
TNB,23.L1.5050.6542,015,Vô hiệu hóa,2025-05-01,2025-05-01,2025-05-01,13,permanently_inactive_outside_recent_window
DNB,23.L1.5050.6542,019,Vô hiệu hóa,2024-01-01,2024-01-01,2024-01-01,29,permanently_inactive_outside_recent_window
DNB,23.L1.5050.6542,022,Vô hiệu hóa,2024-01-01,2024-07-01,2024-07-01,23,permanently_inactive_outside_recent_window
MT-TNG,23.L1.5050.6542,023,Vô hiệu hóa,2024-12-01,2024-12-01,2024-12-01,18,permanently_inactive_outside_recent_window
MT-TNG,23.L1.5050.6542,049,Vô hiệu hóa,2024-01-01,2024-09-01,2024-09-01,21,permanently_inactive_outside_recent_window
DNB,23.L1.5050.6542,061,Vô hiệu hóa,2024-06-01,2024-06-01,2024-06-01,24,permanently_inactive_outside_recent_window
MT-TNG,23.L1.5050.6542,072,Vô hiệu hóa,2024-11-01,2024-11-01,2024-11-01,19,permanently_inactive_outside_recent_window
Chưa xác định,23.L1.5050.6542,222,Vô hiệu hóa,2024-03-01,2024-03-01,2024-03-01,27,permanently_inactive_outside_recent_window
Chưa xác định,23.L1.5050.6543,000,Vô hiệu hóa,2024-01-01,2024-07-01,2024-07-01,23,permanently_inactive_outside_recent_window
MT-TNG,23.L1.5050.6543,001,Vô hiệu hóa,2024-01-01,2024-11-01,2024-11-01,19,permanently_inactive_outside_recent_window
DNB,23.L1.5050.6543,019,Vô hiệu hóa,2024-01-01,2025-04-01,2025-04-01,14,permanently_inactive_outside_recent_window
TNB,23.L1.5050.6543,050,Vô hiệu hóa,2024-01-01,2024-07-01,2024-07-01,23,permanently_inactive_outside_recent_window
MT-TNG,23.L1.5050.6543,059,Vô hiệu hóa,2025-01-01,2025-01-01,2025-01-01,17,permanently_inactive_outside_recent_window
DNB,23.L1.5050.6543,060,Vô hiệu hóa,2025-05-01,2025-05-01,2025-05-01,13,permanently_inactive_outside_recent_window
TNB,23.L1.5050.6543,063,Vô hiệu hóa,2024-01-01,2024-12-01,2024-12-01,18,permanently_inactive_outside_recent_window
MT-TNG,23.L1.5050.6543,064,Vô hiệu hóa,2024-01-01,2024-06-01,2024-06-01,24,permanently_inactive_outside_recent_window
TNB,23.L1.5050.6543,065,Vô hiệu hóa,2024-02-01,2024-07-01,2024-07-01,23,permanently_inactive_outside_recent_window
TNB,23.L1.5050.6543,069,Vô hiệu hóa,2024-01-01,2025-01-01,2025-01-01,17,permanently_inactive_outside_recent_window
MT-TNG,23.L1.5050.6543,071,Vô hiệu hóa,2024-01-01,2024-06-01,2024-06-01,24,permanently_inactive_outside_recent_window
MT-TNG,23.L1.5050.6543,072,Vô hiệu hóa,2024-01-01,2024-11-01,2024-11-01,19,permanently_inactive_outside_recent_window
MT-TNG,23.L1.5050.6543,079,Vô hiệu hóa,2024-01-01,2024-08-01,2024-08-01,22,permanently_inactive_outside_recent_window
DNB,23.L1.5050.6543,081,Vô hiệu hóa,2024-01-01,2025-03-01,2025-03-01,15,permanently_inactive_outside_recent_window
DNB,23.L1.5050.6543,094,Vô hiệu hóa,2024-01-01,2024-09-01,2024-09-01,21,permanently_inactive_outside_recent_window
Chưa xác định,23.L1.5050.6543,222,Vô hiệu hóa,2024-01-01,2024-09-01,2024-09-01,21,permanently_inactive_outside_recent_window
MT-TNG,23.L1.5050.6550,014,Vô hiệu hóa,2024-01-01,2024-10-01,2024-10-01,20,permanently_inactive_outside_recent_window
TNB,23.L1.5050.6550,024,Vô hiệu hóa,2025-04-01,2025-05-01,2025-05-01,13,permanently_inactive_outside_recent_window
MT-TNG,23.L1.5050.6550,049,Vô hiệu hóa,2024-06-01,2024-06-01,2024-06-01,24,permanently_inactive_outside_recent_window
TNB,23.L1.5050.6550,050,Vô hiệu hóa,2025-03-01,2025-05-01,2025-05-01,13,permanently_inactive_outside_recent_window
TNB,23.L1.5050.6550,065,Vô hiệu hóa,2024-12-01,2025-05-01,2025-05-01,13,permanently_inactive_outside_recent_window
MT-TNG,23.L1.5050.6550,072,Vô hiệu hóa,2024-11-01,2024-11-01,2024-11-01,19,permanently_inactive_outside_recent_window
TNB,23.L1.5050.6550,073,Vô hiệu hóa,2025-01-01,2025-02-01,2025-02-01,16,permanently_inactive_outside_recent_window
MT-TNG,23.L1.5050.6551,014,Vô hiệu hóa,2024-01-01,2024-03-01,2024-03-01,27,permanently_inactive_outside_recent_window
MT-TNG,23.L1.5050.6551,049,Vô hiệu hóa,2024-07-01,2024-07-01,2024-07-01,23,permanently_inactive_outside_recent_window
MT-TNG,23.L1.5050.6551,072,Vô hiệu hóa,2024-11-01,2024-11-01,2024-11-01,19,permanently_inactive_outside_recent_window
MT-TNG,23.L1.5050.6551,095,Vô hiệu hóa,2024-01-01,2024-01-01,2024-01-01,29,permanently_inactive_outside_recent_window
MT-TNG,23.L1.5050.6552,067,Vô hiệu hóa,2024-01-01,2024-01-01,2024-01-01,29,permanently_inactive_outside_recent_window
TNB,23.L1.5050.6552,069,Vô hiệu hóa,2024-03-01,2024-12-01,2024-12-01,18,permanently_inactive_outside_recent_window
MT-TNG,23.L1.5050.6552,071,Vô hiệu hóa,2024-03-01,2024-03-01,2024-03-01,27,permanently_inactive_outside_recent_window
MT-TNG,23.L1.5050.6552,072,Vô hiệu hóa,2024-01-01,2024-11-01,2024-11-01,19,permanently_inactive_outside_recent_window
DNB,23.L1.5050.6552,076,Vô hiệu hóa,2024-01-01,2024-09-01,2024-09-01,21,permanently_inactive_outside_recent_window
DNB,23.L1.5050.6552,081,Vô hiệu hóa,2024-10-01,2024-10-01,2024-10-01,20,permanently_inactive_outside_recent_window
MT-TNG,23.L1.5050.6555,014,Vô hiệu hóa,2024-01-01,2024-10-01,2024-10-01,20,permanently_inactive_outside_recent_window
DNB,23.L1.5050.6555,019,Vô hiệu hóa,2024-05-01,2024-09-01,2024-09-01,21,permanently_inactive_outside_recent_window
MT-TNG,23.L1.5050.6555,072,Vô hiệu hóa,2024-11-01,2024-11-01,2024-11-01,19,permanently_inactive_outside_recent_window
DNB,23.L1.5050.6556,019,Vô hiệu hóa,2024-03-01,2024-09-01,2024-09-01,21,permanently_inactive_outside_recent_window
MT-TNG,23.L1.5050.6556,067,Vô hiệu hóa,2024-01-01,2024-01-01,2024-01-01,29,permanently_inactive_outside_recent_window
MT-TNG,23.L1.5050.6556,071,Vô hiệu hóa,2024-10-01,2024-10-01,2024-10-01,20,permanently_inactive_outside_recent_window
MT-TNG,23.L1.5050.6556,072,Vô hiệu hóa,2024-01-01,2024-11-01,2024-11-01,19,permanently_inactive_outside_recent_window
DNB,23.L1.5050.6556,076,Vô hiệu hóa,2024-01-01,2024-09-01,2024-09-01,21,permanently_inactive_outside_recent_window
Chưa xác định,23.L1.5050.6556,222,Vô hiệu hóa,2024-01-01,2024-09-01,2024-09-01,21,permanently_inactive_outside_recent_window
MT-TNG,23.L1.5050.6557,014,Vô hiệu hóa,2024-01-01,2024-09-01,2024-09-01,21,permanently_inactive_outside_recent_window
DNB,23.L1.5050.6557,019,Vô hiệu hóa,2024-09-01,2024-09-01,2024-09-01,21,permanently_inactive_outside_recent_window
MT-TNG,23.L1.5050.6557,049,Vô hiệu hóa,2024-10-01,2024-10-01,2024-10-01,20,permanently_inactive_outside_recent_window
MT-TNG,23.L1.5050.6557,072,Vô hiệu hóa,2024-11-01,2024-11-01,2024-11-01,19,permanently_inactive_outside_recent_window
TNB,23.L1.5050.6622,024,Vô hiệu hóa,2024-05-01,2024-05-01,2024-05-01,25,permanently_inactive_outside_recent_window
TNB,23.L1.5050.6636,050,Vô hiệu hóa,2024-04-01,2024-05-01,2024-05-01,25,permanently_inactive_outside_recent_window
TNB,23.L1.5050.6636,073,Vô hiệu hóa,2024-01-01,2024-01-01,2024-01-01,29,permanently_inactive_outside_recent_window
MT-TNG,23.L1.5050.6636,079,Vô hiệu hóa,2024-01-01,2024-01-01,2024-01-01,29,permanently_inactive_outside_recent_window
Chưa xác định,23.L1.5050.U6622,000,Vô hiệu hóa,2024-01-01,2024-09-01,2024-09-01,21,permanently_inactive_outside_recent_window
MT-TNG,23.L1.5050.U6622,001,Vô hiệu hóa,2024-03-01,2025-01-01,2025-01-01,17,permanently_inactive_outside_recent_window
DNB,23.L1.5050.U6622,002,Vô hiệu hóa,2024-03-01,2024-03-01,2024-03-01,27,permanently_inactive_outside_recent_window
DNB,23.L1.5050.U6622,008,Vô hiệu hóa,2024-01-01,2025-03-01,2025-03-01,15,permanently_inactive_outside_recent_window
DNB,23.L1.5050.U6622,010,Vô hiệu hóa,2024-04-01,2024-04-01,2024-04-01,26,permanently_inactive_outside_recent_window
TNB,23.L1.5050.U6622,011,Vô hiệu hóa,2024-01-01,2024-08-01,2024-08-01,22,permanently_inactive_outside_recent_window
MT-TNG,23.L1.5050.U6622,012,Vô hiệu hóa,2024-06-01,2024-06-01,2024-06-01,24,permanently_inactive_outside_recent_window
DNB,23.L1.5050.U6622,013,Vô hiệu hóa,2024-01-01,2025-03-01,2025-03-01,15,permanently_inactive_outside_recent_window
MT-TNG,23.L1.5050.U6622,014,Vô hiệu hóa,2024-03-01,2024-09-01,2024-09-01,21,permanently_inactive_outside_recent_window
TNB,23.L1.5050.U6622,015,Vô hiệu hóa,2024-01-01,2024-12-01,2024-12-01,18,permanently_inactive_outside_recent_window
TNB,23.L1.5050.U6622,016,Vô hiệu hóa,2024-01-01,2024-10-01,2024-10-01,20,permanently_inactive_outside_recent_window
DNB,23.L1.5050.U6622,019,Vô hiệu hóa,2024-01-01,2025-04-01,2025-04-01,14,permanently_inactive_outside_recent_window
DNB,23.L1.5050.U6622,022,Vô hiệu hóa,2024-01-01,2024-07-01,2024-07-01,23,permanently_inactive_outside_recent_window
MT-TNG,23.L1.5050.U6622,023,Vô hiệu hóa,2024-01-01,2024-06-01,2024-06-01,24,permanently_inactive_outside_recent_window
TNB,23.L1.5050.U6622,024,Vô hiệu hóa,2024-01-01,2025-01-01,2025-01-01,17,permanently_inactive_outside_recent_window
MT-TNG,23.L1.5050.U6622,049,Vô hiệu hóa,2024-01-01,2024-09-01,2024-09-01,21,permanently_inactive_outside_recent_window
TNB,23.L1.5050.U6622,050,Vô hiệu hóa,2024-01-01,2024-07-01,2024-07-01,23,permanently_inactive_outside_recent_window
DNB,23.L1.5050.U6622,060,Vô hiệu hóa,2024-03-01,2024-07-01,2024-07-01,23,permanently_inactive_outside_recent_window
MT-TNG,23.L1.5050.U6622,064,Vô hiệu hóa,2024-01-01,2024-10-01,2024-10-01,20,permanently_inactive_outside_recent_window
TNB,23.L1.5050.U6622,065,Vô hiệu hóa,2024-07-01,2024-10-01,2024-10-01,20,permanently_inactive_outside_recent_window
MT-TNG,23.L1.5050.U6622,066,Vô hiệu hóa,2024-08-01,2024-08-01,2024-08-01,22,permanently_inactive_outside_recent_window
TNB,23.L1.5050.U6622,069,Vô hiệu hóa,2024-01-01,2024-10-01,2024-10-01,20,permanently_inactive_outside_recent_window
MT-TNG,23.L1.5050.U6622,071,Vô hiệu hóa,2024-01-01,2024-10-01,2024-10-01,20,permanently_inactive_outside_recent_window
MT-TNG,23.L1.5050.U6622,072,Vô hiệu hóa,2024-01-01,2024-11-01,2024-11-01,19,permanently_inactive_outside_recent_window
DNB,23.L1.5050.U6622,074,Vô hiệu hóa,2024-07-01,2024-07-01,2024-07-01,23,permanently_inactive_outside_recent_window
MT-TNG,23.L1.5050.U6622,078,Vô hiệu hóa,2024-01-01,2024-02-01,2024-02-01,28,permanently_inactive_outside_recent_window
MT-TNG,23.L1.5050.U6622,079,Vô hiệu hóa,2024-01-01,2024-06-01,2024-06-01,24,permanently_inactive_outside_recent_window
DNB,23.L1.5050.U6622,081,Vô hiệu hóa,2024-01-01,2025-03-01,2025-03-01,15,permanently_inactive_outside_recent_window
Chưa xác định,23.L1.5050.U6622,093,Vô hiệu hóa,2024-04-01,2024-04-01,2024-04-01,26,permanently_inactive_outside_recent_window
DNB,23.L1.5050.U6622,094,Vô hiệu hóa,2024-02-01,2024-07-01,2024-07-01,23,permanently_inactive_outside_recent_window
MT-TNG,23.L1.5050.U6622,095,Vô hiệu hóa,2024-01-01,2024-02-01,2024-02-01,28,permanently_inactive_outside_recent_window
TNB,23.L1.5050.U6622,098,Vô hiệu hóa,2024-08-01,2024-12-01,2024-12-01,18,permanently_inactive_outside_recent_window
Chưa xác định,23.L1.5050.U6622,222,Vô hiệu hóa,2024-01-01,2025-03-01,2025-03-01,15,permanently_inactive_outside_recent_window
Chưa xác định,23.L1.5050.U6636,000,Vô hiệu hóa,2024-01-01,2024-12-01,2024-12-01,18,permanently_inactive_outside_recent_window
MT-TNG,23.L1.5050.U6636,012,Vô hiệu hóa,2024-01-01,2024-06-01,2024-06-01,24,permanently_inactive_outside_recent_window
DNB,23.L1.5050.U6636,013,Vô hiệu hóa,2024-01-01,2025-03-01,2025-03-01,15,permanently_inactive_outside_recent_window
MT-TNG,23.L1.5050.U6636,014,Vô hiệu hóa,2024-01-01,2024-08-01,2024-08-01,22,permanently_inactive_outside_recent_window
MT-TNG,23.L1.5050.U6636,049,Vô hiệu hóa,2024-05-01,2025-01-01,2025-01-01,17,permanently_inactive_outside_recent_window
TNB,23.L1.5050.U6636,050,Vô hiệu hóa,2024-01-01,2025-01-01,2025-01-01,17,permanently_inactive_outside_recent_window
MT-TNG,23.L1.5050.U6636,059,Vô hiệu hóa,2024-01-01,2024-12-01,2024-12-01,18,permanently_inactive_outside_recent_window
DNB,23.L1.5050.U6636,060,Vô hiệu hóa,2024-01-01,2025-05-01,2025-05-01,13,permanently_inactive_outside_recent_window
MT-TNG,23.L1.5050.U6636,064,Vô hiệu hóa,2024-09-01,2024-09-01,2024-09-01,21,permanently_inactive_outside_recent_window
MT-TNG,23.L1.5050.U6636,071,Vô hiệu hóa,2024-06-01,2024-06-01,2024-06-01,24,permanently_inactive_outside_recent_window
MT-TNG,23.L1.5050.U6636,072,Vô hiệu hóa,2024-01-01,2025-01-01,2025-01-01,17,permanently_inactive_outside_recent_window
DNB,23.L1.5050.U6636,076,Vô hiệu hóa,2024-03-01,2024-12-01,2024-12-01,18,permanently_inactive_outside_recent_window
MT-TNG,23.L1.5050.U6636,078,Vô hiệu hóa,2024-01-01,2024-01-01,2024-01-01,29,permanently_inactive_outside_recent_window
MT-TNG,23.L1.5050.U6636,079,Vô hiệu hóa,2024-01-01,2024-07-01,2024-07-01,23,permanently_inactive_outside_recent_window
DNB,23.L1.5050.U6636,081,Vô hiệu hóa,2024-03-01,2025-03-01,2025-03-01,15,permanently_inactive_outside_recent_window
DNB,23.L1.5050.U6636,094,Vô hiệu hóa,2024-01-01,2024-01-01,2024-01-01,29,permanently_inactive_outside_recent_window
TNB,23.L1.5050.U6636,098,Vô hiệu hóa,2024-06-01,2024-06-01,2024-06-01,24,permanently_inactive_outside_recent_window
Chưa xác định,23.L1.5050.U6636,222,Vô hiệu hóa,2024-01-01,2024-03-01,2024-03-01,27,permanently_inactive_outside_recent_window
MT-TNG,25.L1.3060.GT3601,014,Vô hiệu hóa,2024-03-01,2024-03-01,2024-03-01,27,permanently_inactive_outside_recent_window
MT-TNG,25.L1.3060.GT3601,049,Vô hiệu hóa,2024-04-01,2024-04-01,2024-04-01,26,permanently_inactive_outside_recent_window
MT-TNG,25.L1.3060.GT3601,059,Vô hiệu hóa,2024-08-01,2024-08-01,2024-08-01,22,permanently_inactive_outside_recent_window
MT-TNG,25.L1.3060.GT3601V,001,Vô hiệu hóa,2024-01-01,2024-03-01,2024-03-01,27,permanently_inactive_outside_recent_window
MT-TNG,25.L1.3060.GT3601V,014,Vô hiệu hóa,2024-03-01,2024-03-01,2024-03-01,27,permanently_inactive_outside_recent_window
MT-TNG,25.L1.3060.GT3601V,059,Vô hiệu hóa,2024-08-01,2025-03-01,2025-03-01,15,permanently_inactive_outside_recent_window
MT-TNG,25.L1.3060.GT3602,049,Vô hiệu hóa,2024-02-01,2024-04-01,2024-04-01,26,permanently_inactive_outside_recent_window
MT-TNG,25.L1.3060.GT3602,059,Vô hiệu hóa,2024-03-01,2024-06-01,2024-06-01,24,permanently_inactive_outside_recent_window
MT-TNG,25.L1.3060.GT3603,001,Vô hiệu hóa,2024-01-01,2024-05-01,2024-05-01,25,permanently_inactive_outside_recent_window
MT-TNG,25.L1.3060.GT3603,059,Vô hiệu hóa,2024-03-01,2024-03-01,2024-03-01,27,permanently_inactive_outside_recent_window
MT-TNG,25.L1.3060.GT3608,001,Vô hiệu hóa,2024-05-01,2024-05-01,2024-05-01,25,permanently_inactive_outside_recent_window
MT-TNG,25.L1.3060.GT3608,014,Vô hiệu hóa,2024-03-01,2024-03-01,2024-03-01,27,permanently_inactive_outside_recent_window
MT-TNG,25.L1.3060.GT3608,049,Vô hiệu hóa,2024-01-01,2024-01-01,2024-01-01,29,permanently_inactive_outside_recent_window
MT-TNG,25.L1.3060.GT3608,099,Vô hiệu hóa,2024-07-01,2024-07-01,2024-07-01,23,permanently_inactive_outside_recent_window
Chưa xác định,25.L1.3060.GT3608,222,Vô hiệu hóa,2024-03-01,2024-03-01,2024-03-01,27,permanently_inactive_outside_recent_window
MT-TNG,25.L1.3060.GT3609,001,Vô hiệu hóa,2024-05-01,2024-05-01,2024-05-01,25,permanently_inactive_outside_recent_window
MT-TNG,25.L1.3060.GT3609,014,Vô hiệu hóa,2024-03-01,2024-03-01,2024-03-01,27,permanently_inactive_outside_recent_window
MT-TNG,25.L1.3060.GT3609,049,Vô hiệu hóa,2024-01-01,2024-01-01,2024-01-01,29,permanently_inactive_outside_recent_window
MT-TNG,25.L1.3060.GT3609,099,Vô hiệu hóa,2024-07-01,2024-07-01,2024-07-01,23,permanently_inactive_outside_recent_window
Chưa xác định,25.L1.3060.GT3609,222,Vô hiệu hóa,2024-03-01,2024-03-01,2024-03-01,27,permanently_inactive_outside_recent_window
MT-TNG,25.L1.3060.GT3610,099,Vô hiệu hóa,2024-04-01,2024-06-01,2024-06-01,24,permanently_inactive_outside_recent_window
Chưa xác định,25.L1.3060.GT3610,222,Vô hiệu hóa,2024-03-01,2024-03-01,2024-03-01,27,permanently_inactive_outside_recent_window
MT-TNG,25.L1.3060.GT3611,099,Vô hiệu hóa,2024-04-01,2024-06-01,2024-06-01,24,permanently_inactive_outside_recent_window
Chưa xác định,25.L1.3060.GT3611,222,Vô hiệu hóa,2024-03-01,2024-03-01,2024-03-01,27,permanently_inactive_outside_recent_window
MT-TNG,25.L1.3060.GT3614,014,Vô hiệu hóa,2024-03-01,2024-03-01,2024-03-01,27,permanently_inactive_outside_recent_window
MT-TNG,25.L1.3060.GT3614,049,Vô hiệu hóa,2024-04-01,2024-04-01,2024-04-01,26,permanently_inactive_outside_recent_window
MT-TNG,25.L1.3060.GT3614V,014,Vô hiệu hóa,2024-03-01,2024-03-01,2024-03-01,27,permanently_inactive_outside_recent_window
MT-TNG,25.L1.3060.GT3614V,049,Vô hiệu hóa,2024-04-01,2024-04-01,2024-04-01,26,permanently_inactive_outside_recent_window
MT-TNG,25.L1.3060.GTD3601,001,Vô hiệu hóa,2024-01-01,2024-01-01,2024-01-01,29,permanently_inactive_outside_recent_window
MT-TNG,25.L1.3060.GTD3601,059,Vô hiệu hóa,2025-03-01,2025-03-01,2025-03-01,15,permanently_inactive_outside_recent_window
MT-TNG,25.L1.3060.GTD3602,059,Vô hiệu hóa,2024-03-01,2024-03-01,2024-03-01,27,permanently_inactive_outside_recent_window
MT-TNG,25.L1.3060.GTD3608,001,Vô hiệu hóa,2024-01-01,2024-05-01,2024-05-01,25,permanently_inactive_outside_recent_window
MT-TNG,25.L1.3060.GTD3608,049,Vô hiệu hóa,2024-01-01,2024-01-01,2024-01-01,29,permanently_inactive_outside_recent_window
MT-TNG,25.L1.3060.GTD3608,059,Vô hiệu hóa,2025-03-01,2025-03-01,2025-03-01,15,permanently_inactive_outside_recent_window
MT-TNG,25.L1.3060.GTD3610,001,Vô hiệu hóa,2024-01-01,2024-01-01,2024-01-01,29,permanently_inactive_outside_recent_window
MT-TNG,25.L1.3060.GTD3610,099,Vô hiệu hóa,2024-04-01,2024-06-01,2024-06-01,24,permanently_inactive_outside_recent_window
Chưa xác định,25.L1.3060.GTD3610,222,Vô hiệu hóa,2024-03-01,2024-03-01,2024-03-01,27,permanently_inactive_outside_recent_window
MT-TNG,25.L1.3060.GTD3614,014,Vô hiệu hóa,2024-03-01,2024-03-01,2024-03-01,27,permanently_inactive_outside_recent_window
MT-TNG,25.L1.6060.FPU6001,070,Vô hiệu hóa,2025-03-01,2025-03-01,2025-03-01,15,permanently_inactive_outside_recent_window
MT-TNG,25.L1.6060.FPU6007,070,Vô hiệu hóa,2025-02-01,2025-02-01,2025-02-01,16,permanently_inactive_outside_recent_window
MT-TNG,25.L1.6060.FPU6010,070,Vô hiệu hóa,2025-03-01,2025-03-01,2025-03-01,15,permanently_inactive_outside_recent_window
MT-TNG,25.L1.6060.FPU6016,070,Vô hiệu hóa,2025-03-01,2025-05-01,2025-05-01,13,permanently_inactive_outside_recent_window
MT-TNG,25.L1.6060.GHP6001,049,Vô hiệu hóa,2024-01-01,2024-03-01,2024-03-01,27,permanently_inactive_outside_recent_window
MT-TNG,25.L1.6060.GHP6001,059,Vô hiệu hóa,2024-03-01,2024-10-01,2024-10-01,20,permanently_inactive_outside_recent_window
Chưa xác định,25.L1.6060.GHP6001,222,Vô hiệu hóa,2024-03-01,2024-03-01,2024-03-01,27,permanently_inactive_outside_recent_window
MT-TNG,25.L1.6060.GHP6002,001,Vô hiệu hóa,2024-01-01,2024-01-01,2024-01-01,29,permanently_inactive_outside_recent_window
MT-TNG,25.L1.6060.GHP6002,049,Vô hiệu hóa,2024-03-01,2024-03-01,2024-03-01,27,permanently_inactive_outside_recent_window
MT-TNG,25.L1.6060.GHP6003,049,Vô hiệu hóa,2024-03-01,2024-03-01,2024-03-01,27,permanently_inactive_outside_recent_window
MT-TNG,25.L1.6060.GHP6003,059,Vô hiệu hóa,2024-06-01,2025-03-01,2025-03-01,15,permanently_inactive_outside_recent_window
MT-TNG,25.L1.6060.GHP6003,072,Vô hiệu hóa,2025-03-01,2025-03-01,2025-03-01,15,permanently_inactive_outside_recent_window
MT-TNG,25.L1.6060.GHP6004,001,Vô hiệu hóa,2024-01-01,2024-01-01,2024-01-01,29,permanently_inactive_outside_recent_window
MT-TNG,25.L1.6060.GHP6004,059,Vô hiệu hóa,2024-03-01,2024-03-01,2024-03-01,27,permanently_inactive_outside_recent_window
MT-TNG,25.L1.6060.GHP6004,072,Vô hiệu hóa,2024-03-01,2024-03-01,2024-03-01,27,permanently_inactive_outside_recent_window
MT-TNG,25.L1.6060.GHP6005,070,Vô hiệu hóa,2024-01-01,2024-01-01,2024-01-01,29,permanently_inactive_outside_recent_window
MT-TNG,25.L1.6060.GHP6005,072,Vô hiệu hóa,2024-03-01,2024-03-01,2024-03-01,27,permanently_inactive_outside_recent_window
MT-TNG,25.L1.6060.GHP6005,099,Vô hiệu hóa,2024-07-01,2024-08-01,2024-08-01,22,permanently_inactive_outside_recent_window
MT-TNG,25.L1.6060.GHP6007,001,Vô hiệu hóa,2024-01-01,2024-01-01,2024-01-01,29,permanently_inactive_outside_recent_window
MT-TNG,25.L1.6060.GHP6007,049,Vô hiệu hóa,2024-03-01,2024-03-01,2024-03-01,27,permanently_inactive_outside_recent_window
MT-TNG,25.L1.6060.GHP6007,099,Vô hiệu hóa,2024-07-01,2024-07-01,2024-07-01,23,permanently_inactive_outside_recent_window
Chưa xác định,25.L1.6060.GHP6007,222,Vô hiệu hóa,2024-03-01,2024-03-01,2024-03-01,27,permanently_inactive_outside_recent_window
Chưa xác định,25.L1.6060.GHP6009,000,Vô hiệu hóa,2024-01-01,2024-01-01,2024-01-01,29,permanently_inactive_outside_recent_window
MT-TNG,25.L1.6060.GHP6009,049,Vô hiệu hóa,2024-03-01,2024-03-01,2024-03-01,27,permanently_inactive_outside_recent_window
MT-TNG,25.L1.6060.GHP6009,059,Vô hiệu hóa,2024-03-01,2024-03-01,2024-03-01,27,permanently_inactive_outside_recent_window
MT-TNG,25.L1.6060.GHP6009,072,Vô hiệu hóa,2025-03-01,2025-03-01,2025-03-01,15,permanently_inactive_outside_recent_window
MT-TNG,25.L1.6060.GHP6009,078,Vô hiệu hóa,2024-01-01,2024-01-01,2024-01-01,29,permanently_inactive_outside_recent_window
Chưa xác định,25.L1.6060.GHP6009,222,Vô hiệu hóa,2024-03-01,2024-03-01,2024-03-01,27,permanently_inactive_outside_recent_window
MT-TNG,25.L1.6060.GHP6010,049,Vô hiệu hóa,2024-01-01,2024-03-01,2024-03-01,27,permanently_inactive_outside_recent_window
MT-TNG,25.L1.6060.GHP6010,059,Vô hiệu hóa,2024-03-01,2024-03-01,2024-03-01,27,permanently_inactive_outside_recent_window
MT-TNG,25.L1.6060.GHP6010,078,Vô hiệu hóa,2024-01-01,2024-01-01,2024-01-01,29,permanently_inactive_outside_recent_window
MT-TNG,25.L1.6060.GP6050,071,Vô hiệu hóa,2024-04-01,2024-05-01,2024-05-01,25,permanently_inactive_outside_recent_window
MT-TNG,25.L1.6060.GP6051,071,Vô hiệu hóa,2024-06-01,2024-06-01,2024-06-01,24,permanently_inactive_outside_recent_window
MT-TNG,25.L1.6060.GP6052,071,Vô hiệu hóa,2024-01-01,2024-05-01,2024-05-01,25,permanently_inactive_outside_recent_window
MT-TNG,25.L1.6060.GP6053,071,Vô hiệu hóa,2024-05-01,2024-06-01,2024-06-01,24,permanently_inactive_outside_recent_window
MT-TNG,25.L1.6060.GP6053,072,Vô hiệu hóa,2024-03-01,2024-03-01,2024-03-01,27,permanently_inactive_outside_recent_window
MT-TNG,25.L1.6060.GP6054,059,Vô hiệu hóa,2024-03-01,2024-03-01,2024-03-01,27,permanently_inactive_outside_recent_window
MT-TNG,25.L1.6060.GP6054,071,Vô hiệu hóa,2024-01-01,2024-06-01,2024-06-01,24,permanently_inactive_outside_recent_window
MT-TNG,25.L1.6060.GP6055,001,Vô hiệu hóa,2024-01-01,2024-03-01,2024-03-01,27,permanently_inactive_outside_recent_window
MT-TNG,25.L1.6060.GP6055,071,Vô hiệu hóa,2024-01-01,2024-05-01,2024-05-01,25,permanently_inactive_outside_recent_window
TNB,26.L1.3060.3601A,063,Vô hiệu hóa,2024-06-01,2024-06-01,2024-06-01,24,permanently_inactive_outside_recent_window
DNB,26.L1.3060.3603B,076,Vô hiệu hóa,2024-01-01,2024-01-01,2024-01-01,29,permanently_inactive_outside_recent_window
TNB,26.L1.3060.3604B,011,Vô hiệu hóa,2024-10-01,2024-10-01,2024-10-01,20,permanently_inactive_outside_recent_window
DNB,26.L1.3060.3605A,002,Vô hiệu hóa,2024-12-01,2024-12-01,2024-12-01,18,permanently_inactive_outside_recent_window
MT-TNG,26.L1.3060.3605A,012,Vô hiệu hóa,2024-07-01,2024-07-01,2024-07-01,23,permanently_inactive_outside_recent_window
DNB,26.L1.3060.3605B,002,Vô hiệu hóa,2024-12-01,2024-12-01,2024-12-01,18,permanently_inactive_outside_recent_window
TNB,26.L1.3060.3605B,011,Vô hiệu hóa,2024-10-01,2024-10-01,2024-10-01,20,permanently_inactive_outside_recent_window
DNB,26.L1.3060.3605C,002,Vô hiệu hóa,2024-12-01,2024-12-01,2024-12-01,18,permanently_inactive_outside_recent_window
TNB,26.L1.3060.3605C,011,Vô hiệu hóa,2024-10-01,2024-10-01,2024-10-01,20,permanently_inactive_outside_recent_window
TNB,26.L1.3060.3606A,011,Vô hiệu hóa,2024-09-01,2024-10-01,2024-10-01,20,permanently_inactive_outside_recent_window
TNB,26.L1.3060.3606B,011,Vô hiệu hóa,2024-10-01,2024-10-01,2024-10-01,20,permanently_inactive_outside_recent_window
MT-TNG,26.L1.3060.3606B,012,Vô hiệu hóa,2024-07-01,2024-07-01,2024-07-01,23,permanently_inactive_outside_recent_window
TNB,26.L1.3060.3606C,011,Vô hiệu hóa,2024-10-01,2024-10-01,2024-10-01,20,permanently_inactive_outside_recent_window
TNB,28.L1.6060.6902,073,Vô hiệu hóa,2024-08-01,2024-08-01,2024-08-01,22,permanently_inactive_outside_recent_window
MT-TNG,28.L1.6060.6902,079,Vô hiệu hóa,2024-05-01,2024-05-01,2024-05-01,25,permanently_inactive_outside_recent_window
DNB,28.L1.6060.6902,081,Vô hiệu hóa,2024-02-01,2024-02-01,2024-02-01,28,permanently_inactive_outside_recent_window
DNB,28.L1.6060.6902,094,Vô hiệu hóa,2024-01-01,2024-03-01,2024-03-01,27,permanently_inactive_outside_recent_window
TNB,28.L1.6060.6904,011,Vô hiệu hóa,2024-01-01,2024-07-01,2024-07-01,23,permanently_inactive_outside_recent_window
MT-TNG,28.L1.6060.6904,023,Vô hiệu hóa,2024-01-01,2024-07-01,2024-07-01,23,permanently_inactive_outside_recent_window
TNB,28.L1.6060.6905,011,Vô hiệu hóa,2024-06-01,2024-10-01,2024-10-01,20,permanently_inactive_outside_recent_window
MT-TNG,28.L1.6060.6905,012,Vô hiệu hóa,2024-03-01,2024-03-01,2024-03-01,27,permanently_inactive_outside_recent_window
MT-TNG,28.L1.6060.6905,023,Vô hiệu hóa,2024-01-01,2024-03-01,2024-03-01,27,permanently_inactive_outside_recent_window
TNB,28.L1.6060.6906,011,Vô hiệu hóa,2024-07-01,2024-07-01,2024-07-01,23,permanently_inactive_outside_recent_window
MT-TNG,28.L1.6060.6906,012,Vô hiệu hóa,2024-01-01,2024-01-01,2024-01-01,29,permanently_inactive_outside_recent_window
MT-TNG,28.L1.6060.6906,023,Vô hiệu hóa,2024-04-01,2024-07-01,2024-07-01,23,permanently_inactive_outside_recent_window
DNB,28.L1.6060.6906,097,Vô hiệu hóa,2024-01-01,2024-01-01,2024-01-01,29,permanently_inactive_outside_recent_window
Chưa xác định,28.L1.6060.6909,000,Vô hiệu hóa,2024-01-01,2024-01-01,2024-01-01,29,permanently_inactive_outside_recent_window
TNB,28.L1.6060.6909,050,Vô hiệu hóa,2024-01-01,2024-04-01,2024-04-01,26,permanently_inactive_outside_recent_window
MT-TNG,28.L1.6060.6909,064,Vô hiệu hóa,2024-02-01,2024-06-01,2024-06-01,24,permanently_inactive_outside_recent_window
TNB,28.L1.6060.6909,073,Vô hiệu hóa,2024-01-01,2024-07-01,2024-07-01,23,permanently_inactive_outside_recent_window
DNB,28.L1.6060.6909,076,Vô hiệu hóa,2024-01-01,2024-01-01,2024-01-01,29,permanently_inactive_outside_recent_window
DNB,28.L1.6060.6909,094,Vô hiệu hóa,2024-03-01,2024-03-01,2024-03-01,27,permanently_inactive_outside_recent_window
DNB,28.L1.6060.6909,097,Vô hiệu hóa,2024-01-01,2024-01-01,2024-01-01,29,permanently_inactive_outside_recent_window
MT-TNG,28.L1.6060.6911,079,Vô hiệu hóa,2024-03-01,2024-03-01,2024-03-01,27,permanently_inactive_outside_recent_window
MT-TNG,29.L1.1580.FP15801,078,Vô hiệu hóa,2024-01-01,2024-01-01,2024-01-01,29,permanently_inactive_outside_recent_window
Chưa xác định,29.L1.3030.F305,000,Vô hiệu hóa,2024-07-01,2024-07-01,2024-07-01,23,permanently_inactive_outside_recent_window
TNB,29.L1.3030.F305,011,Vô hiệu hóa,2024-08-01,2024-09-01,2024-09-01,21,permanently_inactive_outside_recent_window
TNB,29.L1.3030.F305,016,Vô hiệu hóa,2024-03-01,2024-05-01,2024-05-01,25,permanently_inactive_outside_recent_window
MT-TNG,29.L1.3030.F305,059,Vô hiệu hóa,2024-01-01,2024-05-01,2024-05-01,25,permanently_inactive_outside_recent_window
TNB,29.L1.3030.F305,063,Vô hiệu hóa,2024-01-01,2024-12-01,2024-12-01,18,permanently_inactive_outside_recent_window
TNB,29.L1.3030.F305,065,Vô hiệu hóa,2024-10-01,2025-04-01,2025-04-01,14,permanently_inactive_outside_recent_window
MT-TNG,29.L1.3030.F305,067,Vô hiệu hóa,2024-01-01,2025-04-01,2025-04-01,14,permanently_inactive_outside_recent_window
MT-TNG,29.L1.3030.F305,071,Vô hiệu hóa,2024-04-01,2024-06-01,2024-06-01,24,permanently_inactive_outside_recent_window
DNB,29.L1.3030.F305,094,Vô hiệu hóa,2024-01-01,2025-05-01,2025-05-01,13,permanently_inactive_outside_recent_window
DNB,29.L1.3030.F305,097,Vô hiệu hóa,2024-01-01,2025-04-01,2025-04-01,14,permanently_inactive_outside_recent_window
DNB,29.L1.3030.F308,002,Vô hiệu hóa,2024-05-01,2025-05-01,2025-05-01,13,permanently_inactive_outside_recent_window
TNB,29.L1.3030.F308,011,Vô hiệu hóa,2024-04-01,2024-06-01,2024-06-01,24,permanently_inactive_outside_recent_window
MT-TNG,29.L1.3030.F308,012,Vô hiệu hóa,2024-02-01,2024-05-01,2024-05-01,25,permanently_inactive_outside_recent_window
MT-TNG,29.L1.3030.F308,071,Vô hiệu hóa,2024-06-01,2024-06-01,2024-06-01,24,permanently_inactive_outside_recent_window
DNB,29.L1.3030.F308,097,Vô hiệu hóa,2024-02-01,2025-03-01,2025-03-01,15,permanently_inactive_outside_recent_window
Chưa xác định,29.L1.3030.F308,222,Vô hiệu hóa,2024-03-01,2024-03-01,2024-03-01,27,permanently_inactive_outside_recent_window
Chưa xác định,29.L1.3030.F309,222,Vô hiệu hóa,2024-03-01,2024-03-01,2024-03-01,27,permanently_inactive_outside_recent_window
Chưa xác định,29.L1.3030.F315,000,Vô hiệu hóa,2024-03-01,2024-03-01,2024-03-01,27,permanently_inactive_outside_recent_window
DNB,29.L1.3030.F315,002,Vô hiệu hóa,2024-06-01,2025-05-01,2025-05-01,13,permanently_inactive_outside_recent_window
MT-TNG,29.L1.3030.F315,059,Vô hiệu hóa,2024-03-01,2024-03-01,2024-03-01,27,permanently_inactive_outside_recent_window
TNB,29.L1.3030.F315,063,Vô hiệu hóa,2024-01-01,2025-01-01,2025-01-01,17,permanently_inactive_outside_recent_window
MT-TNG,29.L1.3030.F315,064,Vô hiệu hóa,2024-05-01,2024-12-01,2024-12-01,18,permanently_inactive_outside_recent_window
MT-TNG,29.L1.3030.F315,067,Vô hiệu hóa,2024-07-01,2024-07-01,2024-07-01,23,permanently_inactive_outside_recent_window
TNB,29.L1.3030.F315,069,Vô hiệu hóa,2024-02-01,2024-02-01,2024-02-01,28,permanently_inactive_outside_recent_window
MT-TNG,29.L1.3030.F315,072,Vô hiệu hóa,2024-03-01,2025-05-01,2025-05-01,13,permanently_inactive_outside_recent_window
TNB,29.L1.3030.F315,073,Vô hiệu hóa,2024-03-01,2024-12-01,2024-12-01,18,permanently_inactive_outside_recent_window
DNB,29.L1.3030.F315,094,Vô hiệu hóa,2024-01-01,2025-05-01,2025-05-01,13,permanently_inactive_outside_recent_window
DNB,29.L1.3030.F315,097,Vô hiệu hóa,2024-01-01,2025-03-01,2025-03-01,15,permanently_inactive_outside_recent_window
Chưa xác định,29.L1.3030.F315,222,Vô hiệu hóa,2024-10-01,2024-12-01,2024-12-01,18,permanently_inactive_outside_recent_window
Chưa xác định,29.L1.3030.F317,000,Vô hiệu hóa,2024-05-01,2024-05-01,2024-05-01,25,permanently_inactive_outside_recent_window
MT-TNG,29.L1.3030.F317,059,Vô hiệu hóa,2024-01-01,2024-03-01,2024-03-01,27,permanently_inactive_outside_recent_window
MT-TNG,29.L1.3030.F317,064,Vô hiệu hóa,2024-01-01,2024-03-01,2024-03-01,27,permanently_inactive_outside_recent_window
MT-TNG,29.L1.3030.F317,067,Vô hiệu hóa,2025-04-01,2025-04-01,2025-04-01,14,permanently_inactive_outside_recent_window
TNB,29.L1.3030.F317,069,Vô hiệu hóa,2024-03-01,2024-03-01,2024-03-01,27,permanently_inactive_outside_recent_window
MT-TNG,29.L1.3030.F317,071,Vô hiệu hóa,2024-04-01,2024-09-01,2024-09-01,21,permanently_inactive_outside_recent_window
TNB,29.L1.3030.F317,073,Vô hiệu hóa,2024-04-01,2024-04-01,2024-04-01,26,permanently_inactive_outside_recent_window
DNB,29.L1.3030.F317,076,Vô hiệu hóa,2024-01-01,2024-05-01,2024-05-01,25,permanently_inactive_outside_recent_window
DNB,29.L1.3030.F317,094,Vô hiệu hóa,2024-04-01,2024-05-01,2024-05-01,25,permanently_inactive_outside_recent_window
Chưa xác định,29.L1.3030.F317,222,Vô hiệu hóa,2024-03-01,2024-03-01,2024-03-01,27,permanently_inactive_outside_recent_window
DNB,29.L1.3030.FK301,008,Vô hiệu hóa,2024-01-01,2024-09-01,2024-09-01,21,permanently_inactive_outside_recent_window
TNB,29.L1.3030.FK301,016,Vô hiệu hóa,2024-01-01,2025-03-01,2025-03-01,15,permanently_inactive_outside_recent_window
TNB,29.L1.3030.FK301,017,Vô hiệu hóa,2024-02-01,2025-02-01,2025-02-01,16,permanently_inactive_outside_recent_window
DNB,29.L1.3030.FK301,019,Vô hiệu hóa,2024-01-01,2025-05-01,2025-05-01,13,permanently_inactive_outside_recent_window
MT-TNG,29.L1.3030.FK301,078,Vô hiệu hóa,2024-01-01,2024-01-01,2024-01-01,29,permanently_inactive_outside_recent_window
Chưa xác định,29.L1.3030.FK301,222,Vô hiệu hóa,2024-03-01,2024-03-01,2024-03-01,27,permanently_inactive_outside_recent_window
Chưa xác định,29.L1.3030.FK302,000,Vô hiệu hóa,2024-07-01,2024-07-01,2024-07-01,23,permanently_inactive_outside_recent_window
DNB,29.L1.3030.FK302,002,Vô hiệu hóa,2024-02-01,2024-07-01,2024-07-01,23,permanently_inactive_outside_recent_window
MT-TNG,29.L1.3030.FK302,059,Vô hiệu hóa,2024-03-01,2025-03-01,2025-03-01,15,permanently_inactive_outside_recent_window
TNB,29.L1.3030.FK302,063,Vô hiệu hóa,2024-04-01,2024-12-01,2024-12-01,18,permanently_inactive_outside_recent_window
MT-TNG,29.L1.3030.FK302,064,Vô hiệu hóa,2024-01-01,2025-04-01,2025-04-01,14,permanently_inactive_outside_recent_window
TNB,29.L1.3030.FK302,065,Vô hiệu hóa,2024-05-01,2024-06-01,2024-06-01,24,permanently_inactive_outside_recent_window
MT-TNG,29.L1.3030.FK302,067,Vô hiệu hóa,2024-01-01,2024-01-01,2024-01-01,29,permanently_inactive_outside_recent_window
MT-TNG,29.L1.3030.FK302,071,Vô hiệu hóa,2024-09-01,2024-09-01,2024-09-01,21,permanently_inactive_outside_recent_window
MT-TNG,29.L1.3030.FK302,072,Vô hiệu hóa,2024-02-01,2025-04-01,2025-04-01,14,permanently_inactive_outside_recent_window
DNB,29.L1.3030.FK302,094,Vô hiệu hóa,2024-04-01,2024-10-01,2024-10-01,20,permanently_inactive_outside_recent_window
Chưa xác định,29.L1.3030.FK302,222,Vô hiệu hóa,2024-05-01,2024-05-01,2024-05-01,25,permanently_inactive_outside_recent_window
DNB,29.L1.3030.FK303,008,Vô hiệu hóa,2024-02-01,2024-09-01,2024-09-01,21,permanently_inactive_outside_recent_window
MT-TNG,29.L1.3030.FK303,012,Vô hiệu hóa,2024-01-01,2024-08-01,2024-08-01,22,permanently_inactive_outside_recent_window
TNB,29.L1.3030.FK303,017,Vô hiệu hóa,2024-05-01,2024-11-01,2024-11-01,19,permanently_inactive_outside_recent_window
Chưa xác định,29.L1.3030.FK303,222,Vô hiệu hóa,2024-03-01,2024-03-01,2024-03-01,27,permanently_inactive_outside_recent_window
Chưa xác định,29.L1.3030.FK304,000,Vô hiệu hóa,2024-03-01,2024-05-01,2024-05-01,25,permanently_inactive_outside_recent_window
DNB,29.L1.3030.FK304,002,Vô hiệu hóa,2024-07-01,2025-05-01,2025-05-01,13,permanently_inactive_outside_recent_window
TNB,29.L1.3030.FK304,016,Vô hiệu hóa,2024-03-01,2024-03-01,2024-03-01,27,permanently_inactive_outside_recent_window
TNB,29.L1.3030.FK304,063,Vô hiệu hóa,2024-01-01,2025-01-01,2025-01-01,17,permanently_inactive_outside_recent_window
MT-TNG,29.L1.3030.FK304,064,Vô hiệu hóa,2024-01-01,2025-05-01,2025-05-01,13,permanently_inactive_outside_recent_window
TNB,29.L1.3030.FK304,065,Vô hiệu hóa,2024-02-01,2024-03-01,2024-03-01,27,permanently_inactive_outside_recent_window
MT-TNG,29.L1.3030.FK304,067,Vô hiệu hóa,2024-01-01,2024-01-01,2024-01-01,29,permanently_inactive_outside_recent_window
MT-TNG,29.L1.3030.FK304,071,Vô hiệu hóa,2024-03-01,2024-05-01,2024-05-01,25,permanently_inactive_outside_recent_window
MT-TNG,29.L1.3030.FK304,072,Vô hiệu hóa,2024-01-01,2025-02-01,2025-02-01,16,permanently_inactive_outside_recent_window
DNB,29.L1.3030.FK304,076,Vô hiệu hóa,2024-02-01,2024-09-01,2024-09-01,21,permanently_inactive_outside_recent_window
DNB,29.L1.3030.FK304,081,Vô hiệu hóa,2024-03-01,2024-03-01,2024-03-01,27,permanently_inactive_outside_recent_window
DNB,29.L1.3030.FK304,094,Vô hiệu hóa,2024-04-01,2025-03-01,2025-03-01,15,permanently_inactive_outside_recent_window
DNB,29.L1.3030.FK304,097,Vô hiệu hóa,2024-01-01,2024-05-01,2024-05-01,25,permanently_inactive_outside_recent_window
Chưa xác định,29.L1.3030.FK304,222,Vô hiệu hóa,2024-12-01,2024-12-01,2024-12-01,18,permanently_inactive_outside_recent_window
DNB,29.L1.3030.FK305,002,Vô hiệu hóa,2024-04-01,2024-07-01,2024-07-01,23,permanently_inactive_outside_recent_window
DNB,29.L1.3030.FK305,008,Vô hiệu hóa,2024-01-01,2024-09-01,2024-09-01,21,permanently_inactive_outside_recent_window
MT-TNG,29.L1.3030.FK305,012,Vô hiệu hóa,2024-01-01,2025-03-01,2025-03-01,15,permanently_inactive_outside_recent_window
TNB,29.L1.3030.FK305,016,Vô hiệu hóa,2024-01-01,2025-02-01,2025-02-01,16,permanently_inactive_outside_recent_window
DNB,29.L1.3030.FK305,019,Vô hiệu hóa,2024-01-01,2025-02-01,2025-02-01,16,permanently_inactive_outside_recent_window
MT-TNG,29.L1.3030.FK305,071,Vô hiệu hóa,2024-03-01,2024-03-01,2024-03-01,27,permanently_inactive_outside_recent_window
MT-TNG,29.L1.3030.FK305,095,Vô hiệu hóa,2024-01-01,2024-01-01,2024-01-01,29,permanently_inactive_outside_recent_window
Chưa xác định,29.L1.3030.FK305,222,Vô hiệu hóa,2024-03-01,2024-03-01,2024-03-01,27,permanently_inactive_outside_recent_window
TNB,29.L1.3060.FC3602,073,Vô hiệu hóa,2024-01-01,2024-09-01,2024-09-01,21,permanently_inactive_outside_recent_window
TNB,29.L1.3060.FC3602D,073,Vô hiệu hóa,2024-01-01,2024-09-01,2024-09-01,21,permanently_inactive_outside_recent_window
TNB,29.L1.3060.FC3603,073,Vô hiệu hóa,2024-01-01,2024-09-01,2024-09-01,21,permanently_inactive_outside_recent_window
Chưa xác định,29.L1.3060.FC3606,000,Vô hiệu hóa,2024-09-01,2024-09-01,2024-09-01,21,permanently_inactive_outside_recent_window
TNB,29.L1.3060.FC3606,011,Vô hiệu hóa,2024-01-01,2024-05-01,2024-05-01,25,permanently_inactive_outside_recent_window
TNB,29.L1.3060.FC3606,017,Vô hiệu hóa,2024-01-01,2025-03-01,2025-03-01,15,permanently_inactive_outside_recent_window
TNB,29.L1.3060.FC3606,065,Vô hiệu hóa,2024-05-01,2024-09-01,2024-09-01,21,permanently_inactive_outside_recent_window
MT-TNG,29.L1.3060.FC3606,067,Vô hiệu hóa,2024-01-01,2024-01-01,2024-01-01,29,permanently_inactive_outside_recent_window
MT-TNG,29.L1.3060.FC3606,072,Vô hiệu hóa,2024-01-01,2024-10-01,2024-10-01,20,permanently_inactive_outside_recent_window
DNB,29.L1.3060.FC3606,097,Vô hiệu hóa,2024-03-01,2025-03-01,2025-03-01,15,permanently_inactive_outside_recent_window
TNB,29.L1.3060.FC3606,098,Vô hiệu hóa,2024-04-01,2024-04-01,2024-04-01,26,permanently_inactive_outside_recent_window
TNB,29.L1.3060.FC3606D,011,Vô hiệu hóa,2024-02-01,2024-05-01,2024-05-01,25,permanently_inactive_outside_recent_window
TNB,29.L1.3060.FC3606D,017,Vô hiệu hóa,2024-01-01,2025-03-01,2025-03-01,15,permanently_inactive_outside_recent_window
MT-TNG,29.L1.3060.FC3606D,067,Vô hiệu hóa,2024-01-01,2024-01-01,2024-01-01,29,permanently_inactive_outside_recent_window
DNB,29.L1.3060.FC3606D,074,Vô hiệu hóa,2025-03-01,2025-03-01,2025-03-01,15,permanently_inactive_outside_recent_window
DNB,29.L1.3060.FC3606D,097,Vô hiệu hóa,2024-04-01,2024-04-01,2024-04-01,26,permanently_inactive_outside_recent_window
TNB,29.L1.3060.FC3606V,011,Vô hiệu hóa,2024-01-01,2024-05-01,2024-05-01,25,permanently_inactive_outside_recent_window
TNB,29.L1.3060.FC3606V,017,Vô hiệu hóa,2024-01-01,2025-03-01,2025-03-01,15,permanently_inactive_outside_recent_window
TNB,29.L1.3060.FC3606V,065,Vô hiệu hóa,2024-09-01,2024-09-01,2024-09-01,21,permanently_inactive_outside_recent_window
MT-TNG,29.L1.3060.FC3606V,072,Vô hiệu hóa,2024-01-01,2024-07-01,2024-07-01,23,permanently_inactive_outside_recent_window
DNB,29.L1.3060.FC3606V,074,Vô hiệu hóa,2025-03-01,2025-03-01,2025-03-01,15,permanently_inactive_outside_recent_window
DNB,29.L1.3060.FC3606V,097,Vô hiệu hóa,2024-04-01,2024-08-01,2024-08-01,22,permanently_inactive_outside_recent_window
TNB,29.L1.3060.FC3606V,098,Vô hiệu hóa,2024-04-01,2024-04-01,2024-04-01,26,permanently_inactive_outside_recent_window
TNB,29.L1.3060.FC3610,011,Vô hiệu hóa,2024-01-01,2024-05-01,2024-05-01,25,permanently_inactive_outside_recent_window
TNB,29.L1.3060.FC3610,017,Vô hiệu hóa,2024-01-01,2024-12-01,2024-12-01,18,permanently_inactive_outside_recent_window
MT-TNG,29.L1.3060.FC3610,067,Vô hiệu hóa,2024-02-01,2024-02-01,2024-02-01,28,permanently_inactive_outside_recent_window
MT-TNG,29.L1.3060.FC3610,070,Vô hiệu hóa,2024-01-01,2024-01-01,2024-01-01,29,permanently_inactive_outside_recent_window
MT-TNG,29.L1.3060.FC3610,071,Vô hiệu hóa,2024-01-01,2025-04-01,2025-04-01,14,permanently_inactive_outside_recent_window
MT-TNG,29.L1.3060.FC3610,072,Vô hiệu hóa,2024-02-01,2024-06-01,2024-06-01,24,permanently_inactive_outside_recent_window
DNB,29.L1.3060.FC3610,097,Vô hiệu hóa,2024-01-01,2025-03-01,2025-03-01,15,permanently_inactive_outside_recent_window
TNB,29.L1.3060.FC3610,098,Vô hiệu hóa,2024-03-01,2025-02-01,2025-02-01,16,permanently_inactive_outside_recent_window
MT-TNG,29.L1.3060.FC3610D,001,Vô hiệu hóa,2024-04-01,2024-11-01,2024-11-01,19,permanently_inactive_outside_recent_window
TNB,29.L1.3060.FC3610D,017,Vô hiệu hóa,2024-01-01,2024-12-01,2024-12-01,18,permanently_inactive_outside_recent_window
TNB,29.L1.3060.FC3610D,069,Vô hiệu hóa,2024-01-01,2024-10-01,2024-10-01,20,permanently_inactive_outside_recent_window
MT-TNG,29.L1.3060.FC3610D,070,Vô hiệu hóa,2024-01-01,2024-01-01,2024-01-01,29,permanently_inactive_outside_recent_window
MT-TNG,29.L1.3060.FC3610D,071,Vô hiệu hóa,2024-01-01,2024-09-01,2024-09-01,21,permanently_inactive_outside_recent_window
MT-TNG,29.L1.3060.FC3610D,072,Vô hiệu hóa,2024-06-01,2024-06-01,2024-06-01,24,permanently_inactive_outside_recent_window
Chưa xác định,29.L1.3060.FC3610V,000,Vô hiệu hóa,2024-05-01,2024-06-01,2024-06-01,24,permanently_inactive_outside_recent_window
MT-TNG,29.L1.3060.FC3610V,001,Vô hiệu hóa,2024-01-01,2024-12-01,2024-12-01,18,permanently_inactive_outside_recent_window
TNB,29.L1.3060.FC3610V,011,Vô hiệu hóa,2024-05-01,2024-05-01,2024-05-01,25,permanently_inactive_outside_recent_window
MT-TNG,29.L1.3060.FC3610V,067,Vô hiệu hóa,2024-02-01,2024-02-01,2024-02-01,28,permanently_inactive_outside_recent_window
TNB,29.L1.3060.FC3610V,069,Vô hiệu hóa,2024-04-01,2024-10-01,2024-10-01,20,permanently_inactive_outside_recent_window
MT-TNG,29.L1.3060.FC3610V,070,Vô hiệu hóa,2024-01-01,2024-01-01,2024-01-01,29,permanently_inactive_outside_recent_window
MT-TNG,29.L1.3060.FC3610V,071,Vô hiệu hóa,2024-01-01,2024-05-01,2024-05-01,25,permanently_inactive_outside_recent_window
MT-TNG,29.L1.3060.FC3610V,072,Vô hiệu hóa,2024-02-01,2024-07-01,2024-07-01,23,permanently_inactive_outside_recent_window
DNB,29.L1.3060.FC3610V,097,Vô hiệu hóa,2024-01-01,2024-06-01,2024-06-01,24,permanently_inactive_outside_recent_window
TNB,29.L1.3060.FC3610V,098,Vô hiệu hóa,2024-03-01,2025-02-01,2025-02-01,16,permanently_inactive_outside_recent_window
Chưa xác định,29.L1.3060.FC3624,000,Vô hiệu hóa,2024-01-01,2024-06-01,2024-06-01,24,permanently_inactive_outside_recent_window
DNB,29.L1.3060.FC3624,068,Vô hiệu hóa,2025-05-01,2025-05-01,2025-05-01,13,permanently_inactive_outside_recent_window
DNB,29.L1.3060.FC3624,076,Vô hiệu hóa,2024-03-01,2024-06-01,2024-06-01,24,permanently_inactive_outside_recent_window
DNB,29.L1.3060.FC3624,081,Vô hiệu hóa,2024-03-01,2024-12-01,2024-12-01,18,permanently_inactive_outside_recent_window
DNB,29.L1.3060.FC3624,094,Vô hiệu hóa,2024-03-01,2025-05-01,2025-05-01,13,permanently_inactive_outside_recent_window
Chưa xác định,29.L1.3060.FC3624,222,Vô hiệu hóa,2024-02-01,2024-02-01,2024-02-01,28,permanently_inactive_outside_recent_window
DNB,29.L1.3060.FC3624D,060,Vô hiệu hóa,2024-04-01,2024-04-01,2024-04-01,26,permanently_inactive_outside_recent_window
MT-TNG,29.L1.3060.FC3624D,064,Vô hiệu hóa,2024-03-01,2024-03-01,2024-03-01,27,permanently_inactive_outside_recent_window
DNB,29.L1.3060.FC3624D,076,Vô hiệu hóa,2024-03-01,2024-03-01,2024-03-01,27,permanently_inactive_outside_recent_window
DNB,29.L1.3060.FC3624D,081,Vô hiệu hóa,2024-12-01,2024-12-01,2024-12-01,18,permanently_inactive_outside_recent_window
DNB,29.L1.3060.FC3624D,094,Vô hiệu hóa,2024-06-01,2025-05-01,2025-05-01,13,permanently_inactive_outside_recent_window
TNB,29.L1.3060.FC3624D,098,Vô hiệu hóa,2024-05-01,2024-05-01,2024-05-01,25,permanently_inactive_outside_recent_window
Chưa xác định,29.L1.3060.FC3624V,000,Vô hiệu hóa,2024-01-01,2024-12-01,2024-12-01,18,permanently_inactive_outside_recent_window
MT-TNG,29.L1.3060.FC3624V,064,Vô hiệu hóa,2024-01-01,2025-05-01,2025-05-01,13,permanently_inactive_outside_recent_window
DNB,29.L1.3060.FC3624V,068,Vô hiệu hóa,2025-05-01,2025-05-01,2025-05-01,13,permanently_inactive_outside_recent_window
DNB,29.L1.3060.FC3624V,076,Vô hiệu hóa,2024-03-01,2024-06-01,2024-06-01,24,permanently_inactive_outside_recent_window
DNB,29.L1.3060.FC3624V,081,Vô hiệu hóa,2024-01-01,2024-12-01,2024-12-01,18,permanently_inactive_outside_recent_window
TNB,29.L1.3060.FC3624V,098,Vô hiệu hóa,2024-04-01,2024-12-01,2024-12-01,18,permanently_inactive_outside_recent_window
Chưa xác định,29.L1.3060.FC3624V,222,Vô hiệu hóa,2024-02-01,2024-07-01,2024-07-01,23,permanently_inactive_outside_recent_window
Chưa xác định,29.L1.3060.FC3625,000,Vô hiệu hóa,2024-02-01,2024-06-01,2024-06-01,24,permanently_inactive_outside_recent_window
DNB,29.L1.3060.FC3625,061,Vô hiệu hóa,2024-04-01,2025-03-01,2025-03-01,15,permanently_inactive_outside_recent_window
MT-TNG,29.L1.3060.FC3625,064,Vô hiệu hóa,2024-01-01,2025-01-01,2025-01-01,17,permanently_inactive_outside_recent_window
TNB,29.L1.3060.FC3625,065,Vô hiệu hóa,2024-01-01,2024-01-01,2024-01-01,29,permanently_inactive_outside_recent_window
MT-TNG,29.L1.3060.FC3625,072,Vô hiệu hóa,2024-03-01,2025-04-01,2025-04-01,14,permanently_inactive_outside_recent_window
DNB,29.L1.3060.FC3625,076,Vô hiệu hóa,2024-04-01,2024-08-01,2024-08-01,22,permanently_inactive_outside_recent_window
MT-TNG,29.L1.3060.FC3625,079,Vô hiệu hóa,2024-05-01,2025-04-01,2025-04-01,14,permanently_inactive_outside_recent_window
DNB,29.L1.3060.FC3625,081,Vô hiệu hóa,2024-03-01,2024-06-01,2024-06-01,24,permanently_inactive_outside_recent_window
DNB,29.L1.3060.FC3625,094,Vô hiệu hóa,2024-06-01,2025-05-01,2025-05-01,13,permanently_inactive_outside_recent_window
TNB,29.L1.3060.FC3625,098,Vô hiệu hóa,2024-04-01,2025-01-01,2025-01-01,17,permanently_inactive_outside_recent_window
Chưa xác định,29.L1.3060.FC3625,222,Vô hiệu hóa,2024-05-01,2024-05-01,2024-05-01,25,permanently_inactive_outside_recent_window
Chưa xác định,29.L1.3060.FC3625D,000,Vô hiệu hóa,2024-02-01,2024-02-01,2024-02-01,28,permanently_inactive_outside_recent_window
DNB,29.L1.3060.FC3625D,060,Vô hiệu hóa,2024-01-01,2024-12-01,2024-12-01,18,permanently_inactive_outside_recent_window
MT-TNG,29.L1.3060.FC3625D,064,Vô hiệu hóa,2025-05-01,2025-05-01,2025-05-01,13,permanently_inactive_outside_recent_window
TNB,29.L1.3060.FC3625D,069,Vô hiệu hóa,2024-04-01,2025-03-01,2025-03-01,15,permanently_inactive_outside_recent_window
DNB,29.L1.3060.FC3625D,076,Vô hiệu hóa,2024-04-01,2024-08-01,2024-08-01,22,permanently_inactive_outside_recent_window
MT-TNG,29.L1.3060.FC3625D,079,Vô hiệu hóa,2024-05-01,2025-04-01,2025-04-01,14,permanently_inactive_outside_recent_window
DNB,29.L1.3060.FC3625D,094,Vô hiệu hóa,2025-02-01,2025-05-01,2025-05-01,13,permanently_inactive_outside_recent_window
Chưa xác định,29.L1.3060.FC3625D,222,Vô hiệu hóa,2024-03-01,2024-05-01,2024-05-01,25,permanently_inactive_outside_recent_window
Chưa xác định,29.L1.3060.FC3625V,000,Vô hiệu hóa,2024-02-01,2024-03-01,2024-03-01,27,permanently_inactive_outside_recent_window
DNB,29.L1.3060.FC3625V,060,Vô hiệu hóa,2024-01-01,2025-04-01,2025-04-01,14,permanently_inactive_outside_recent_window
DNB,29.L1.3060.FC3625V,061,Vô hiệu hóa,2024-04-01,2025-03-01,2025-03-01,15,permanently_inactive_outside_recent_window
MT-TNG,29.L1.3060.FC3625V,064,Vô hiệu hóa,2024-04-01,2025-01-01,2025-01-01,17,permanently_inactive_outside_recent_window
TNB,29.L1.3060.FC3625V,065,Vô hiệu hóa,2024-01-01,2024-01-01,2024-01-01,29,permanently_inactive_outside_recent_window
MT-TNG,29.L1.3060.FC3625V,072,Vô hiệu hóa,2024-03-01,2025-04-01,2025-04-01,14,permanently_inactive_outside_recent_window
TNB,29.L1.3060.FC3625V,073,Vô hiệu hóa,2024-02-01,2025-05-01,2025-05-01,13,permanently_inactive_outside_recent_window
DNB,29.L1.3060.FC3625V,076,Vô hiệu hóa,2024-04-01,2024-08-01,2024-08-01,22,permanently_inactive_outside_recent_window
MT-TNG,29.L1.3060.FC3625V,079,Vô hiệu hóa,2024-05-01,2025-04-01,2025-04-01,14,permanently_inactive_outside_recent_window
DNB,29.L1.3060.FC3625V,081,Vô hiệu hóa,2024-03-01,2024-04-01,2024-04-01,26,permanently_inactive_outside_recent_window
DNB,29.L1.3060.FC3625V,094,Vô hiệu hóa,2025-01-01,2025-05-01,2025-05-01,13,permanently_inactive_outside_recent_window
Chưa xác định,29.L1.3060.FC3625V,222,Vô hiệu hóa,2024-05-01,2024-05-01,2024-05-01,25,permanently_inactive_outside_recent_window
Chưa xác định,29.L1.3060.FC3626,000,Vô hiệu hóa,2024-10-01,2024-10-01,2024-10-01,20,permanently_inactive_outside_recent_window
DNB,29.L1.3060.FC3626,002,Vô hiệu hóa,2024-01-01,2024-01-01,2024-01-01,29,permanently_inactive_outside_recent_window
DNB,29.L1.3060.FC3626,010,Vô hiệu hóa,2024-01-01,2024-02-01,2024-02-01,28,permanently_inactive_outside_recent_window
MT-TNG,29.L1.3060.FC3626,012,Vô hiệu hóa,2024-01-01,2024-01-01,2024-01-01,29,permanently_inactive_outside_recent_window
TNB,29.L1.3060.FC3626,015,Vô hiệu hóa,2024-01-01,2024-04-01,2024-04-01,26,permanently_inactive_outside_recent_window
DNB,29.L1.3060.FC3626,019,Vô hiệu hóa,2024-01-01,2024-01-01,2024-01-01,29,permanently_inactive_outside_recent_window
TNB,29.L1.3060.FC3626,063,Vô hiệu hóa,2024-01-01,2024-01-01,2024-01-01,29,permanently_inactive_outside_recent_window
DNB,29.L1.3060.FC3626,097,Vô hiệu hóa,2024-03-01,2024-10-01,2024-10-01,20,permanently_inactive_outside_recent_window
TNB,29.L1.3060.FC3626D,015,Vô hiệu hóa,2024-02-01,2024-04-01,2024-04-01,26,permanently_inactive_outside_recent_window
TNB,29.L1.3060.FC3626D,018,Vô hiệu hóa,2024-04-01,2024-04-01,2024-04-01,26,permanently_inactive_outside_recent_window
DNB,29.L1.3060.FC3626D,097,Vô hiệu hóa,2024-05-01,2024-05-01,2024-05-01,25,permanently_inactive_outside_recent_window
Chưa xác định,29.L1.3060.FC3626V,000,Vô hiệu hóa,2024-10-01,2024-10-01,2024-10-01,20,permanently_inactive_outside_recent_window
DNB,29.L1.3060.FC3626V,002,Vô hiệu hóa,2025-05-01,2025-05-01,2025-05-01,13,permanently_inactive_outside_recent_window
DNB,29.L1.3060.FC3626V,010,Vô hiệu hóa,2024-01-01,2024-02-01,2024-02-01,28,permanently_inactive_outside_recent_window
TNB,29.L1.3060.FC3626V,015,Vô hiệu hóa,2024-02-01,2024-08-01,2024-08-01,22,permanently_inactive_outside_recent_window
TNB,29.L1.3060.FC3626V,018,Vô hiệu hóa,2024-01-01,2025-05-01,2025-05-01,13,permanently_inactive_outside_recent_window
TNB,29.L1.3060.FC3626V,063,Vô hiệu hóa,2024-01-01,2024-01-01,2024-01-01,29,permanently_inactive_outside_recent_window
DNB,29.L1.3060.FC3626V,097,Vô hiệu hóa,2024-03-01,2024-10-01,2024-10-01,20,permanently_inactive_outside_recent_window
DNB,29.L1.3060.FP3602,002,Vô hiệu hóa,2024-01-01,2024-10-01,2024-10-01,20,permanently_inactive_outside_recent_window
DNB,29.L1.3060.FP3602,010,Vô hiệu hóa,2024-04-01,2024-12-01,2024-12-01,18,permanently_inactive_outside_recent_window
MT-TNG,29.L1.3060.FP3602,014,Vô hiệu hóa,2024-05-01,2025-01-01,2025-01-01,17,permanently_inactive_outside_recent_window
TNB,29.L1.3060.FP3602,016,Vô hiệu hóa,2024-03-01,2024-03-01,2024-03-01,27,permanently_inactive_outside_recent_window
TNB,29.L1.3060.FP3602,017,Vô hiệu hóa,2024-05-01,2024-05-01,2024-05-01,25,permanently_inactive_outside_recent_window
MT-TNG,29.L1.3060.FP3602,023,Vô hiệu hóa,2024-05-01,2024-05-01,2024-05-01,25,permanently_inactive_outside_recent_window
TNB,29.L1.3060.FP3602,024,Vô hiệu hóa,2024-01-01,2024-04-01,2024-04-01,26,permanently_inactive_outside_recent_window
TNB,29.L1.3060.FP3602,069,Vô hiệu hóa,2024-01-01,2024-05-01,2024-05-01,25,permanently_inactive_outside_recent_window
MT-TNG,29.L1.3060.FP3602,095,Vô hiệu hóa,2024-01-01,2024-01-01,2024-01-01,29,permanently_inactive_outside_recent_window
DNB,29.L1.3060.FP3602,097,Vô hiệu hóa,2024-03-01,2024-11-01,2024-11-01,19,permanently_inactive_outside_recent_window
DNB,29.L1.3060.FP3602D,002,Vô hiệu hóa,2024-08-01,2024-08-01,2024-08-01,22,permanently_inactive_outside_recent_window
DNB,29.L1.3060.FP3602D,008,Vô hiệu hóa,2024-01-01,2024-12-01,2024-12-01,18,permanently_inactive_outside_recent_window
DNB,29.L1.3060.FP3602D,010,Vô hiệu hóa,2024-02-01,2024-11-01,2024-11-01,19,permanently_inactive_outside_recent_window
MT-TNG,29.L1.3060.FP3602D,014,Vô hiệu hóa,2024-05-01,2024-10-01,2024-10-01,20,permanently_inactive_outside_recent_window
TNB,29.L1.3060.FP3602D,016,Vô hiệu hóa,2024-03-01,2024-07-01,2024-07-01,23,permanently_inactive_outside_recent_window
TNB,29.L1.3060.FP3602D,018,Vô hiệu hóa,2024-05-01,2024-09-01,2024-09-01,21,permanently_inactive_outside_recent_window
MT-TNG,29.L1.3060.FP3602D,023,Vô hiệu hóa,2024-05-01,2024-05-01,2024-05-01,25,permanently_inactive_outside_recent_window
TNB,29.L1.3060.FP3602D,069,Vô hiệu hóa,2024-01-01,2024-01-01,2024-01-01,29,permanently_inactive_outside_recent_window
MT-TNG,29.L1.3060.FP3602D,095,Vô hiệu hóa,2024-01-01,2024-01-01,2024-01-01,29,permanently_inactive_outside_recent_window
DNB,29.L1.3060.FP3602D,097,Vô hiệu hóa,2024-03-01,2024-07-01,2024-07-01,23,permanently_inactive_outside_recent_window
Chưa xác định,29.L1.3060.FP3603,000,Vô hiệu hóa,2024-11-01,2024-11-01,2024-11-01,19,permanently_inactive_outside_recent_window
DNB,29.L1.3060.FP3603,002,Vô hiệu hóa,2024-01-01,2024-12-01,2024-12-01,18,permanently_inactive_outside_recent_window
DNB,29.L1.3060.FP3603,010,Vô hiệu hóa,2024-02-01,2024-12-01,2024-12-01,18,permanently_inactive_outside_recent_window
MT-TNG,29.L1.3060.FP3603,014,Vô hiệu hóa,2024-05-01,2025-04-01,2025-04-01,14,permanently_inactive_outside_recent_window
TNB,29.L1.3060.FP3603,016,Vô hiệu hóa,2024-03-01,2024-07-01,2024-07-01,23,permanently_inactive_outside_recent_window
TNB,29.L1.3060.FP3603,018,Vô hiệu hóa,2024-01-01,2025-02-01,2025-02-01,16,permanently_inactive_outside_recent_window
DNB,29.L1.3060.FP3603,022,Vô hiệu hóa,2024-05-01,2024-05-01,2024-05-01,25,permanently_inactive_outside_recent_window
MT-TNG,29.L1.3060.FP3603,023,Vô hiệu hóa,2025-01-01,2025-01-01,2025-01-01,17,permanently_inactive_outside_recent_window
TNB,29.L1.3060.FP3603,024,Vô hiệu hóa,2024-01-01,2024-01-01,2024-01-01,29,permanently_inactive_outside_recent_window
MT-TNG,29.L1.3060.FP3603,095,Vô hiệu hóa,2024-01-01,2024-01-01,2024-01-01,29,permanently_inactive_outside_recent_window
DNB,29.L1.3060.FP3603,097,Vô hiệu hóa,2024-03-01,2024-11-01,2024-11-01,19,permanently_inactive_outside_recent_window
Chưa xác định,29.L1.3060.FP3605,000,Vô hiệu hóa,2024-01-01,2024-11-01,2024-11-01,19,permanently_inactive_outside_recent_window
TNB,29.L1.3060.FP3605,063,Vô hiệu hóa,2024-03-01,2024-12-01,2024-12-01,18,permanently_inactive_outside_recent_window
MT-TNG,29.L1.3060.FP3605,067,Vô hiệu hóa,2024-01-01,2024-01-01,2024-01-01,29,permanently_inactive_outside_recent_window
TNB,29.L1.3060.FP3605,069,Vô hiệu hóa,2024-01-01,2024-01-01,2024-01-01,29,permanently_inactive_outside_recent_window
MT-TNG,29.L1.3060.FP3605,070,Vô hiệu hóa,2024-01-01,2024-01-01,2024-01-01,29,permanently_inactive_outside_recent_window
MT-TNG,29.L1.3060.FP3605,072,Vô hiệu hóa,2024-01-01,2025-03-01,2025-03-01,15,permanently_inactive_outside_recent_window
TNB,29.L1.3060.FP3605,073,Vô hiệu hóa,2024-01-01,2024-06-01,2024-06-01,24,permanently_inactive_outside_recent_window
DNB,29.L1.3060.FP3605,076,Vô hiệu hóa,2024-03-01,2025-03-01,2025-03-01,15,permanently_inactive_outside_recent_window
DNB,29.L1.3060.FP3605,081,Vô hiệu hóa,2024-01-01,2025-01-01,2025-01-01,17,permanently_inactive_outside_recent_window
MT-TNG,29.L1.3060.FP3605,099,Vô hiệu hóa,2024-07-01,2024-07-01,2024-07-01,23,permanently_inactive_outside_recent_window
Chưa xác định,29.L1.3060.FP3605,222,Vô hiệu hóa,2024-01-01,2024-05-01,2024-05-01,25,permanently_inactive_outside_recent_window
Chưa xác định,29.L1.3060.FP3605D,000,Vô hiệu hóa,2024-04-01,2025-03-01,2025-03-01,15,permanently_inactive_outside_recent_window
TNB,29.L1.3060.FP3605D,063,Vô hiệu hóa,2024-10-01,2024-12-01,2024-12-01,18,permanently_inactive_outside_recent_window
TNB,29.L1.3060.FP3605D,065,Vô hiệu hóa,2024-07-01,2025-03-01,2025-03-01,15,permanently_inactive_outside_recent_window
TNB,29.L1.3060.FP3605D,069,Vô hiệu hóa,2024-01-01,2024-01-01,2024-01-01,29,permanently_inactive_outside_recent_window
MT-TNG,29.L1.3060.FP3605D,070,Vô hiệu hóa,2024-01-01,2024-01-01,2024-01-01,29,permanently_inactive_outside_recent_window
MT-TNG,29.L1.3060.FP3605D,072,Vô hiệu hóa,2024-01-01,2025-03-01,2025-03-01,15,permanently_inactive_outside_recent_window
DNB,29.L1.3060.FP3605D,076,Vô hiệu hóa,2024-03-01,2025-03-01,2025-03-01,15,permanently_inactive_outside_recent_window
DNB,29.L1.3060.FP3605D,081,Vô hiệu hóa,2024-01-01,2024-08-01,2024-08-01,22,permanently_inactive_outside_recent_window
MT-TNG,29.L1.3060.FP3605D,099,Vô hiệu hóa,2024-07-01,2024-07-01,2024-07-01,23,permanently_inactive_outside_recent_window
Chưa xác định,29.L1.3060.FP3605D,222,Vô hiệu hóa,2024-04-01,2024-04-01,2024-04-01,26,permanently_inactive_outside_recent_window
Chưa xác định,29.L1.3060.FP3607,000,Vô hiệu hóa,2024-01-01,2024-11-01,2024-11-01,19,permanently_inactive_outside_recent_window
TNB,29.L1.3060.FP3607,063,Vô hiệu hóa,2024-04-01,2024-11-01,2024-11-01,19,permanently_inactive_outside_recent_window
MT-TNG,29.L1.3060.FP3607,067,Vô hiệu hóa,2024-01-01,2024-01-01,2024-01-01,29,permanently_inactive_outside_recent_window
TNB,29.L1.3060.FP3607,069,Vô hiệu hóa,2024-01-01,2024-11-01,2024-11-01,19,permanently_inactive_outside_recent_window
MT-TNG,29.L1.3060.FP3607,070,Vô hiệu hóa,2024-01-01,2024-01-01,2024-01-01,29,permanently_inactive_outside_recent_window
MT-TNG,29.L1.3060.FP3607,072,Vô hiệu hóa,2024-01-01,2025-03-01,2025-03-01,15,permanently_inactive_outside_recent_window
TNB,29.L1.3060.FP3607,073,Vô hiệu hóa,2024-03-01,2024-03-01,2024-03-01,27,permanently_inactive_outside_recent_window
DNB,29.L1.3060.FP3607,076,Vô hiệu hóa,2024-03-01,2025-03-01,2025-03-01,15,permanently_inactive_outside_recent_window
DNB,29.L1.3060.FP3607,081,Vô hiệu hóa,2024-01-01,2025-03-01,2025-03-01,15,permanently_inactive_outside_recent_window
MT-TNG,29.L1.3060.FP3607,099,Vô hiệu hóa,2024-07-01,2024-07-01,2024-07-01,23,permanently_inactive_outside_recent_window
DNB,29.L1.3060.FP3616,002,Vô hiệu hóa,2024-04-01,2024-07-01,2024-07-01,23,permanently_inactive_outside_recent_window
DNB,29.L1.3060.FP3616,008,Vô hiệu hóa,2024-01-01,2025-05-01,2025-05-01,13,permanently_inactive_outside_recent_window
DNB,29.L1.3060.FP3616,010,Vô hiệu hóa,2024-01-01,2024-10-01,2024-10-01,20,permanently_inactive_outside_recent_window
TNB,29.L1.3060.FP3616,016,Vô hiệu hóa,2024-01-01,2024-08-01,2024-08-01,22,permanently_inactive_outside_recent_window
TNB,29.L1.3060.FP3616,017,Vô hiệu hóa,2024-01-01,2025-05-01,2025-05-01,13,permanently_inactive_outside_recent_window
TNB,29.L1.3060.FP3616,018,Vô hiệu hóa,2024-01-01,2024-12-01,2024-12-01,18,permanently_inactive_outside_recent_window
DNB,29.L1.3060.FP3616,022,Vô hiệu hóa,2024-01-01,2025-05-01,2025-05-01,13,permanently_inactive_outside_recent_window
TNB,29.L1.3060.FP3616,024,Vô hiệu hóa,2024-01-01,2024-05-01,2024-05-01,25,permanently_inactive_outside_recent_window
TNB,29.L1.3060.FP3616,069,Vô hiệu hóa,2024-05-01,2024-05-01,2024-05-01,25,permanently_inactive_outside_recent_window
MT-TNG,29.L1.3060.FP3616,095,Vô hiệu hóa,2024-01-01,2024-01-01,2024-01-01,29,permanently_inactive_outside_recent_window
Chưa xác định,29.L1.3060.FP3616,222,Vô hiệu hóa,2024-03-01,2024-11-01,2024-11-01,19,permanently_inactive_outside_recent_window
DNB,29.L1.3060.FP3616D,002,Vô hiệu hóa,2024-06-01,2024-06-01,2024-06-01,24,permanently_inactive_outside_recent_window
DNB,29.L1.3060.FP3616D,008,Vô hiệu hóa,2024-01-01,2024-12-01,2024-12-01,18,permanently_inactive_outside_recent_window
DNB,29.L1.3060.FP3616D,010,Vô hiệu hóa,2024-01-01,2024-09-01,2024-09-01,21,permanently_inactive_outside_recent_window
TNB,29.L1.3060.FP3616D,016,Vô hiệu hóa,2024-03-01,2024-08-01,2024-08-01,22,permanently_inactive_outside_recent_window
TNB,29.L1.3060.FP3616D,018,Vô hiệu hóa,2024-01-01,2024-12-01,2024-12-01,18,permanently_inactive_outside_recent_window
TNB,29.L1.3060.FP3616D,024,Vô hiệu hóa,2024-01-01,2024-04-01,2024-04-01,26,permanently_inactive_outside_recent_window
MT-TNG,29.L1.3060.FP3616D,049,Vô hiệu hóa,2024-10-01,2025-02-01,2025-02-01,16,permanently_inactive_outside_recent_window
Chưa xác định,29.L1.3060.FP3616D,222,Vô hiệu hóa,2024-03-01,2024-03-01,2024-03-01,27,permanently_inactive_outside_recent_window
DNB,29.L1.3060.FP3617,002,Vô hiệu hóa,2024-04-01,2024-07-01,2024-07-01,23,permanently_inactive_outside_recent_window
DNB,29.L1.3060.FP3617,008,Vô hiệu hóa,2024-01-01,2024-11-01,2024-11-01,19,permanently_inactive_outside_recent_window
TNB,29.L1.3060.FP3617,016,Vô hiệu hóa,2024-01-01,2024-11-01,2024-11-01,19,permanently_inactive_outside_recent_window
TNB,29.L1.3060.FP3617,017,Vô hiệu hóa,2024-01-01,2024-01-01,2024-01-01,29,permanently_inactive_outside_recent_window
TNB,29.L1.3060.FP3617,018,Vô hiệu hóa,2024-01-01,2024-12-01,2024-12-01,18,permanently_inactive_outside_recent_window
DNB,29.L1.3060.FP3617,022,Vô hiệu hóa,2024-06-01,2025-05-01,2025-05-01,13,permanently_inactive_outside_recent_window
TNB,29.L1.3060.FP3617,024,Vô hiệu hóa,2024-01-01,2024-05-01,2024-05-01,25,permanently_inactive_outside_recent_window
MT-TNG,29.L1.3060.FP3617,049,Vô hiệu hóa,2024-05-01,2025-05-01,2025-05-01,13,permanently_inactive_outside_recent_window
TNB,29.L1.3060.FP3617,069,Vô hiệu hóa,2024-04-01,2024-04-01,2024-04-01,26,permanently_inactive_outside_recent_window
MT-TNG,29.L1.3060.FP3617,095,Vô hiệu hóa,2024-01-01,2024-01-01,2024-01-01,29,permanently_inactive_outside_recent_window
Chưa xác định,29.L1.3060.FP3617,222,Vô hiệu hóa,2024-03-01,2024-03-01,2024-03-01,27,permanently_inactive_outside_recent_window
Chưa xác định,29.L1.3060.FP3618,000,Vô hiệu hóa,2024-01-01,2024-07-01,2024-07-01,23,permanently_inactive_outside_recent_window
MT-TNG,29.L1.3060.FP3618,059,Vô hiệu hóa,2024-02-01,2024-12-01,2024-12-01,18,permanently_inactive_outside_recent_window
DNB,29.L1.3060.FP3618,061,Vô hiệu hóa,2024-05-01,2025-01-01,2025-01-01,17,permanently_inactive_outside_recent_window
TNB,29.L1.3060.FP3618,065,Vô hiệu hóa,2024-08-01,2024-08-01,2024-08-01,22,permanently_inactive_outside_recent_window
MT-TNG,29.L1.3060.FP3618,072,Vô hiệu hóa,2024-01-01,2025-04-01,2025-04-01,14,permanently_inactive_outside_recent_window
TNB,29.L1.3060.FP3618,073,Vô hiệu hóa,2024-01-01,2024-03-01,2024-03-01,27,permanently_inactive_outside_recent_window
MT-TNG,29.L1.3060.FP3618,079,Vô hiệu hóa,2024-07-01,2024-11-01,2024-11-01,19,permanently_inactive_outside_recent_window
DNB,29.L1.3060.FP3618,081,Vô hiệu hóa,2024-01-01,2025-02-01,2025-02-01,16,permanently_inactive_outside_recent_window
Chưa xác định,29.L1.3060.FP3618,222,Vô hiệu hóa,2024-12-01,2025-01-01,2025-01-01,17,permanently_inactive_outside_recent_window
Chưa xác định,29.L1.3060.FP3618D,000,Vô hiệu hóa,2024-05-01,2024-08-01,2024-08-01,22,permanently_inactive_outside_recent_window
MT-TNG,29.L1.3060.FP3618D,059,Vô hiệu hóa,2024-04-01,2024-11-01,2024-11-01,19,permanently_inactive_outside_recent_window
DNB,29.L1.3060.FP3618D,061,Vô hiệu hóa,2024-05-01,2024-12-01,2024-12-01,18,permanently_inactive_outside_recent_window
TNB,29.L1.3060.FP3618D,063,Vô hiệu hóa,2024-04-01,2024-05-01,2024-05-01,25,permanently_inactive_outside_recent_window
TNB,29.L1.3060.FP3618D,065,Vô hiệu hóa,2024-08-01,2024-08-01,2024-08-01,22,permanently_inactive_outside_recent_window
TNB,29.L1.3060.FP3618D,069,Vô hiệu hóa,2024-01-01,2025-05-01,2025-05-01,13,permanently_inactive_outside_recent_window
MT-TNG,29.L1.3060.FP3618D,071,Vô hiệu hóa,2024-04-01,2024-10-01,2024-10-01,20,permanently_inactive_outside_recent_window
DNB,29.L1.3060.FP3618D,076,Vô hiệu hóa,2024-01-01,2024-07-01,2024-07-01,23,permanently_inactive_outside_recent_window
MT-TNG,29.L1.3060.FP3618D,079,Vô hiệu hóa,2024-04-01,2024-11-01,2024-11-01,19,permanently_inactive_outside_recent_window
DNB,29.L1.3060.FP3618D,081,Vô hiệu hóa,2024-01-01,2024-05-01,2024-05-01,25,permanently_inactive_outside_recent_window
Chưa xác định,29.L1.3060.FP3619,000,Vô hiệu hóa,2024-01-01,2024-07-01,2024-07-01,23,permanently_inactive_outside_recent_window
TNB,29.L1.3060.FP3619,050,Vô hiệu hóa,2024-01-01,2025-03-01,2025-03-01,15,permanently_inactive_outside_recent_window
MT-TNG,29.L1.3060.FP3619,059,Vô hiệu hóa,2024-01-01,2025-03-01,2025-03-01,15,permanently_inactive_outside_recent_window
DNB,29.L1.3060.FP3619,061,Vô hiệu hóa,2024-06-01,2024-09-01,2024-09-01,21,permanently_inactive_outside_recent_window
TNB,29.L1.3060.FP3619,065,Vô hiệu hóa,2024-08-01,2024-08-01,2024-08-01,22,permanently_inactive_outside_recent_window
TNB,29.L1.3060.FP3619,069,Vô hiệu hóa,2024-01-01,2025-05-01,2025-05-01,13,permanently_inactive_outside_recent_window
MT-TNG,29.L1.3060.FP3619,070,Vô hiệu hóa,2024-01-01,2024-01-01,2024-01-01,29,permanently_inactive_outside_recent_window
TNB,29.L1.3060.FP3619,073,Vô hiệu hóa,2024-03-01,2024-03-01,2024-03-01,27,permanently_inactive_outside_recent_window
MT-TNG,29.L1.3060.FP3619,079,Vô hiệu hóa,2024-04-01,2024-11-01,2024-11-01,19,permanently_inactive_outside_recent_window
DNB,29.L1.3060.FP3619,081,Vô hiệu hóa,2024-01-01,2024-06-01,2024-06-01,24,permanently_inactive_outside_recent_window
Chưa xác định,29.L1.3060.FPH3621,000,Vô hiệu hóa,2024-01-01,2024-12-01,2024-12-01,18,permanently_inactive_outside_recent_window
TNB,29.L1.3060.FPH3621,050,Vô hiệu hóa,2024-01-01,2024-10-01,2024-10-01,20,permanently_inactive_outside_recent_window
MT-TNG,29.L1.3060.FPH3621,059,Vô hiệu hóa,2024-01-01,2025-03-01,2025-03-01,15,permanently_inactive_outside_recent_window
TNB,29.L1.3060.FPH3621,063,Vô hiệu hóa,2024-02-01,2025-05-01,2025-05-01,13,permanently_inactive_outside_recent_window
MT-TNG,29.L1.3060.FPH3621,070,Vô hiệu hóa,2024-01-01,2024-01-01,2024-01-01,29,permanently_inactive_outside_recent_window
MT-TNG,29.L1.3060.FPH3621,071,Vô hiệu hóa,2024-01-01,2024-07-01,2024-07-01,23,permanently_inactive_outside_recent_window
MT-TNG,29.L1.3060.FPH3621,072,Vô hiệu hóa,2024-06-01,2025-05-01,2025-05-01,13,permanently_inactive_outside_recent_window
TNB,29.L1.3060.FPH3621,073,Vô hiệu hóa,2024-01-01,2024-09-01,2024-09-01,21,permanently_inactive_outside_recent_window
DNB,29.L1.3060.FPH3621,081,Vô hiệu hóa,2024-01-01,2024-12-01,2024-12-01,18,permanently_inactive_outside_recent_window
DNB,29.L1.3060.FPH3621,094,Vô hiệu hóa,2025-05-01,2025-05-01,2025-05-01,13,permanently_inactive_outside_recent_window
Chưa xác định,29.L1.3060.FPH3621,222,Vô hiệu hóa,2024-04-01,2024-06-01,2024-06-01,24,permanently_inactive_outside_recent_window
Chưa xác định,29.L1.3060.FPH3621D,000,Vô hiệu hóa,2024-06-01,2024-06-01,2024-06-01,24,permanently_inactive_outside_recent_window
TNB,29.L1.3060.FPH3621D,050,Vô hiệu hóa,2024-04-01,2024-10-01,2024-10-01,20,permanently_inactive_outside_recent_window
TNB,29.L1.3060.FPH3621D,065,Vô hiệu hóa,2024-11-01,2024-11-01,2024-11-01,19,permanently_inactive_outside_recent_window
TNB,29.L1.3060.FPH3621D,069,Vô hiệu hóa,2024-01-01,2025-04-01,2025-04-01,14,permanently_inactive_outside_recent_window
MT-TNG,29.L1.3060.FPH3621D,070,Vô hiệu hóa,2024-01-01,2024-01-01,2024-01-01,29,permanently_inactive_outside_recent_window
MT-TNG,29.L1.3060.FPH3621D,071,Vô hiệu hóa,2024-03-01,2024-05-01,2024-05-01,25,permanently_inactive_outside_recent_window
MT-TNG,29.L1.3060.FPH3621D,072,Vô hiệu hóa,2024-06-01,2024-10-01,2024-10-01,20,permanently_inactive_outside_recent_window
TNB,29.L1.3060.FPH3621D,073,Vô hiệu hóa,2024-05-01,2024-05-01,2024-05-01,25,permanently_inactive_outside_recent_window
DNB,29.L1.3060.FPH3621D,076,Vô hiệu hóa,2024-01-01,2025-05-01,2025-05-01,13,permanently_inactive_outside_recent_window
DNB,29.L1.3060.FPH3621D,081,Vô hiệu hóa,2024-01-01,2025-04-01,2025-04-01,14,permanently_inactive_outside_recent_window
DNB,29.L1.3060.FPH3621D,094,Vô hiệu hóa,2025-05-01,2025-05-01,2025-05-01,13,permanently_inactive_outside_recent_window
Chưa xác định,29.L1.3060.FPH3621V,000,Vô hiệu hóa,2024-01-01,2024-06-01,2024-06-01,24,permanently_inactive_outside_recent_window
MT-TNG,29.L1.3060.FPH3621V,059,Vô hiệu hóa,2024-01-01,2025-03-01,2025-03-01,15,permanently_inactive_outside_recent_window
TNB,29.L1.3060.FPH3621V,063,Vô hiệu hóa,2024-06-01,2024-06-01,2024-06-01,24,permanently_inactive_outside_recent_window
MT-TNG,29.L1.3060.FPH3621V,070,Vô hiệu hóa,2024-01-01,2024-01-01,2024-01-01,29,permanently_inactive_outside_recent_window
MT-TNG,29.L1.3060.FPH3621V,071,Vô hiệu hóa,2024-01-01,2024-06-01,2024-06-01,24,permanently_inactive_outside_recent_window
MT-TNG,29.L1.3060.FPH3621V,072,Vô hiệu hóa,2024-06-01,2024-10-01,2024-10-01,20,permanently_inactive_outside_recent_window
TNB,29.L1.3060.FPH3621V,073,Vô hiệu hóa,2024-04-01,2024-04-01,2024-04-01,26,permanently_inactive_outside_recent_window
DNB,29.L1.3060.FPH3621V,076,Vô hiệu hóa,2024-01-01,2025-04-01,2025-04-01,14,permanently_inactive_outside_recent_window
DNB,29.L1.3060.FPH3621V,081,Vô hiệu hóa,2024-04-01,2024-08-01,2024-08-01,22,permanently_inactive_outside_recent_window
DNB,29.L1.3060.FPH3621V,094,Vô hiệu hóa,2025-05-01,2025-05-01,2025-05-01,13,permanently_inactive_outside_recent_window
Chưa xác định,29.L1.3060.FPH3621V,222,Vô hiệu hóa,2024-03-01,2024-03-01,2024-03-01,27,permanently_inactive_outside_recent_window
DNB,29.L1.3060.FPH3623,002,Vô hiệu hóa,2024-01-01,2025-04-01,2025-04-01,14,permanently_inactive_outside_recent_window
DNB,29.L1.3060.FPH3623,008,Vô hiệu hóa,2024-01-01,2024-12-01,2024-12-01,18,permanently_inactive_outside_recent_window
MT-TNG,29.L1.3060.FPH3623,014,Vô hiệu hóa,2024-07-01,2025-01-01,2025-01-01,17,permanently_inactive_outside_recent_window
TNB,29.L1.3060.FPH3623,015,Vô hiệu hóa,2024-01-01,2024-07-01,2024-07-01,23,permanently_inactive_outside_recent_window
TNB,29.L1.3060.FPH3623,016,Vô hiệu hóa,2024-05-01,2024-12-01,2024-12-01,18,permanently_inactive_outside_recent_window
TNB,29.L1.3060.FPH3623,017,Vô hiệu hóa,2024-03-01,2024-03-01,2024-03-01,27,permanently_inactive_outside_recent_window
DNB,29.L1.3060.FPH3623,019,Vô hiệu hóa,2024-03-01,2024-07-01,2024-07-01,23,permanently_inactive_outside_recent_window
TNB,29.L1.3060.FPH3623,024,Vô hiệu hóa,2024-04-01,2024-05-01,2024-05-01,25,permanently_inactive_outside_recent_window
DNB,29.L1.3060.FPH3623,097,Vô hiệu hóa,2025-03-01,2025-03-01,2025-03-01,15,permanently_inactive_outside_recent_window
DNB,29.L1.3060.FPH3623D,002,Vô hiệu hóa,2024-12-01,2025-01-01,2025-01-01,17,permanently_inactive_outside_recent_window
DNB,29.L1.3060.FPH3623D,008,Vô hiệu hóa,2024-04-01,2024-04-01,2024-04-01,26,permanently_inactive_outside_recent_window
MT-TNG,29.L1.3060.FPH3623D,014,Vô hiệu hóa,2024-09-01,2024-09-01,2024-09-01,21,permanently_inactive_outside_recent_window
TNB,29.L1.3060.FPH3623D,018,Vô hiệu hóa,2024-04-01,2024-04-01,2024-04-01,26,permanently_inactive_outside_recent_window
DNB,29.L1.3060.FPH3623V,002,Vô hiệu hóa,2024-01-01,2025-04-01,2025-04-01,14,permanently_inactive_outside_recent_window
DNB,29.L1.3060.FPH3623V,008,Vô hiệu hóa,2024-03-01,2025-01-01,2025-01-01,17,permanently_inactive_outside_recent_window
MT-TNG,29.L1.3060.FPH3623V,014,Vô hiệu hóa,2024-09-01,2025-01-01,2025-01-01,17,permanently_inactive_outside_recent_window
TNB,29.L1.3060.FPH3623V,015,Vô hiệu hóa,2024-03-01,2024-07-01,2024-07-01,23,permanently_inactive_outside_recent_window
TNB,29.L1.3060.FPH3623V,016,Vô hiệu hóa,2024-05-01,2024-05-01,2024-05-01,25,permanently_inactive_outside_recent_window
DNB,29.L1.3060.FPH3623V,019,Vô hiệu hóa,2024-07-01,2024-07-01,2024-07-01,23,permanently_inactive_outside_recent_window
MT-TNG,29.L1.3060.FPH3623V,049,Vô hiệu hóa,2024-05-01,2024-05-01,2024-05-01,25,permanently_inactive_outside_recent_window
DNB,29.L1.3060.FPH3623V,097,Vô hiệu hóa,2025-03-01,2025-03-01,2025-03-01,15,permanently_inactive_outside_recent_window
Chưa xác định,29.L1.3060.FPH3624,000,Vô hiệu hóa,2024-03-01,2024-06-01,2024-06-01,24,permanently_inactive_outside_recent_window
TNB,29.L1.3060.FPH3624,063,Vô hiệu hóa,2024-04-01,2024-04-01,2024-04-01,26,permanently_inactive_outside_recent_window
TNB,29.L1.3060.FPH3624,065,Vô hiệu hóa,2024-03-01,2024-04-01,2024-04-01,26,permanently_inactive_outside_recent_window
TNB,29.L1.3060.FPH3624,069,Vô hiệu hóa,2024-01-01,2024-12-01,2024-12-01,18,permanently_inactive_outside_recent_window
MT-TNG,29.L1.3060.FPH3624,070,Vô hiệu hóa,2024-01-01,2024-02-01,2024-02-01,28,permanently_inactive_outside_recent_window
MT-TNG,29.L1.3060.FPH3624,072,Vô hiệu hóa,2024-01-01,2024-08-01,2024-08-01,22,permanently_inactive_outside_recent_window
TNB,29.L1.3060.FPH3624,073,Vô hiệu hóa,2024-03-01,2024-06-01,2024-06-01,24,permanently_inactive_outside_recent_window
DNB,29.L1.3060.FPH3624,076,Vô hiệu hóa,2024-03-01,2024-06-01,2024-06-01,24,permanently_inactive_outside_recent_window
DNB,29.L1.3060.FPH3624,081,Vô hiệu hóa,2024-01-01,2024-08-01,2024-08-01,22,permanently_inactive_outside_recent_window
Chưa xác định,29.L1.3060.FPH3624,222,Vô hiệu hóa,2024-01-01,2024-07-01,2024-07-01,23,permanently_inactive_outside_recent_window
Chưa xác định,29.L1.3060.FPH3624D,000,Vô hiệu hóa,2024-04-01,2024-04-01,2024-04-01,26,permanently_inactive_outside_recent_window
TNB,29.L1.3060.FPH3624D,069,Vô hiệu hóa,2024-04-01,2025-03-01,2025-03-01,15,permanently_inactive_outside_recent_window
MT-TNG,29.L1.3060.FPH3624D,070,Vô hiệu hóa,2024-01-01,2024-02-01,2024-02-01,28,permanently_inactive_outside_recent_window
MT-TNG,29.L1.3060.FPH3624D,072,Vô hiệu hóa,2024-01-01,2024-07-01,2024-07-01,23,permanently_inactive_outside_recent_window
TNB,29.L1.3060.FPH3624D,073,Vô hiệu hóa,2024-03-01,2024-06-01,2024-06-01,24,permanently_inactive_outside_recent_window
DNB,29.L1.3060.FPH3624D,076,Vô hiệu hóa,2024-03-01,2024-06-01,2024-06-01,24,permanently_inactive_outside_recent_window
DNB,29.L1.3060.FPH3624D,081,Vô hiệu hóa,2024-04-01,2024-04-01,2024-04-01,26,permanently_inactive_outside_recent_window
Chưa xác định,29.L1.3060.FPH3624D,222,Vô hiệu hóa,2024-03-01,2024-03-01,2024-03-01,27,permanently_inactive_outside_recent_window
Chưa xác định,29.L1.3060.FPH3624V,000,Vô hiệu hóa,2024-04-01,2024-04-01,2024-04-01,26,permanently_inactive_outside_recent_window
TNB,29.L1.3060.FPH3624V,063,Vô hiệu hóa,2024-04-01,2025-05-01,2025-05-01,13,permanently_inactive_outside_recent_window
TNB,29.L1.3060.FPH3624V,065,Vô hiệu hóa,2024-03-01,2024-03-01,2024-03-01,27,permanently_inactive_outside_recent_window
TNB,29.L1.3060.FPH3624V,069,Vô hiệu hóa,2024-04-01,2024-08-01,2024-08-01,22,permanently_inactive_outside_recent_window
MT-TNG,29.L1.3060.FPH3624V,072,Vô hiệu hóa,2024-01-01,2024-07-01,2024-07-01,23,permanently_inactive_outside_recent_window
TNB,29.L1.3060.FPH3624V,073,Vô hiệu hóa,2024-03-01,2024-06-01,2024-06-01,24,permanently_inactive_outside_recent_window
DNB,29.L1.3060.FPH3624V,076,Vô hiệu hóa,2024-03-01,2024-06-01,2024-06-01,24,permanently_inactive_outside_recent_window
DNB,29.L1.3060.FPH3624V,081,Vô hiệu hóa,2024-03-01,2024-04-01,2024-04-01,26,permanently_inactive_outside_recent_window
DNB,29.L1.3060.FPH3625,002,Vô hiệu hóa,2024-05-01,2024-05-01,2024-05-01,25,permanently_inactive_outside_recent_window
DNB,29.L1.3060.FPH3625,008,Vô hiệu hóa,2024-03-01,2024-04-01,2024-04-01,26,permanently_inactive_outside_recent_window
DNB,29.L1.3060.FPH3625,010,Vô hiệu hóa,2024-04-01,2024-04-01,2024-04-01,26,permanently_inactive_outside_recent_window
MT-TNG,29.L1.3060.FPH3625,014,Vô hiệu hóa,2024-06-01,2024-07-01,2024-07-01,23,permanently_inactive_outside_recent_window
TNB,29.L1.3060.FPH3625,015,Vô hiệu hóa,2024-03-01,2024-03-01,2024-03-01,27,permanently_inactive_outside_recent_window
TNB,29.L1.3060.FPH3625,016,Vô hiệu hóa,2024-04-01,2024-07-01,2024-07-01,23,permanently_inactive_outside_recent_window
DNB,29.L1.3060.FPH3625,022,Vô hiệu hóa,2025-05-01,2025-05-01,2025-05-01,13,permanently_inactive_outside_recent_window
MT-TNG,29.L1.3060.FPH3625,023,Vô hiệu hóa,2024-03-01,2024-05-01,2024-05-01,25,permanently_inactive_outside_recent_window
TNB,29.L1.3060.FPH3625,024,Vô hiệu hóa,2024-01-01,2024-01-01,2024-01-01,29,permanently_inactive_outside_recent_window
DNB,29.L1.3060.FPH3625,097,Vô hiệu hóa,2025-01-01,2025-04-01,2025-04-01,14,permanently_inactive_outside_recent_window
DNB,29.L1.3060.FPH3625D,008,Vô hiệu hóa,2024-03-01,2024-03-01,2024-03-01,27,permanently_inactive_outside_recent_window
MT-TNG,29.L1.3060.FPH3625D,014,Vô hiệu hóa,2024-07-01,2024-07-01,2024-07-01,23,permanently_inactive_outside_recent_window
TNB,29.L1.3060.FPH3625D,024,Vô hiệu hóa,2024-01-01,2024-01-01,2024-01-01,29,permanently_inactive_outside_recent_window
MT-TNG,29.L1.3060.FPH3625D,049,Vô hiệu hóa,2025-05-01,2025-05-01,2025-05-01,13,permanently_inactive_outside_recent_window
DNB,29.L1.3060.FPH3625D,097,Vô hiệu hóa,2025-01-01,2025-04-01,2025-04-01,14,permanently_inactive_outside_recent_window
DNB,29.L1.3060.FPH3625V,002,Vô hiệu hóa,2024-05-01,2024-05-01,2024-05-01,25,permanently_inactive_outside_recent_window
DNB,29.L1.3060.FPH3625V,008,Vô hiệu hóa,2024-03-01,2024-04-01,2024-04-01,26,permanently_inactive_outside_recent_window
TNB,29.L1.3060.FPH3625V,015,Vô hiệu hóa,2024-03-01,2024-03-01,2024-03-01,27,permanently_inactive_outside_recent_window
DNB,29.L1.3060.FPH3625V,022,Vô hiệu hóa,2024-01-01,2024-01-01,2024-01-01,29,permanently_inactive_outside_recent_window
TNB,29.L1.3060.FPH3625V,024,Vô hiệu hóa,2024-01-01,2024-01-01,2024-01-01,29,permanently_inactive_outside_recent_window
MT-TNG,29.L1.3060.FPH3625V,049,Vô hiệu hóa,2024-05-01,2025-05-01,2025-05-01,13,permanently_inactive_outside_recent_window
DNB,29.L1.3060.FPH3625V,097,Vô hiệu hóa,2025-01-01,2025-04-01,2025-04-01,14,permanently_inactive_outside_recent_window
TNB,29.L1.3060.FPH3626,015,Vô hiệu hóa,2024-03-01,2025-01-01,2025-01-01,17,permanently_inactive_outside_recent_window
TNB,29.L1.3060.FPH3626D,015,Vô hiệu hóa,2024-03-01,2024-03-01,2024-03-01,27,permanently_inactive_outside_recent_window
TNB,29.L1.3060.FPH3626V,015,Vô hiệu hóa,2024-03-01,2024-12-01,2024-12-01,18,permanently_inactive_outside_recent_window
Chưa xác định,29.L1.4080.FC4801,000,Vô hiệu hóa,2024-03-01,2024-10-01,2024-10-01,20,permanently_inactive_outside_recent_window
TNB,29.L1.4080.FC4801,011,Vô hiệu hóa,2024-01-01,2024-01-01,2024-01-01,29,permanently_inactive_outside_recent_window
MT-TNG,29.L1.4080.FC4801,014,Vô hiệu hóa,2024-03-01,2024-12-01,2024-12-01,18,permanently_inactive_outside_recent_window
MT-TNG,29.L1.4080.FC4801,059,Vô hiệu hóa,2024-04-01,2024-04-01,2024-04-01,26,permanently_inactive_outside_recent_window
DNB,29.L1.4080.FC4801,097,Vô hiệu hóa,2024-04-01,2025-01-01,2025-01-01,17,permanently_inactive_outside_recent_window
MT-TNG,29.L1.4080.FC4801,099,Vô hiệu hóa,2025-01-01,2025-01-01,2025-01-01,17,permanently_inactive_outside_recent_window
Chưa xác định,29.L1.4080.FC4801,222,Vô hiệu hóa,2024-07-01,2024-07-01,2024-07-01,23,permanently_inactive_outside_recent_window
Chưa xác định,29.L1.4080.FC4801D,000,Vô hiệu hóa,2024-09-01,2024-12-01,2024-12-01,18,permanently_inactive_outside_recent_window
MT-TNG,29.L1.4080.FC4801D,001,Vô hiệu hóa,2024-04-01,2025-03-01,2025-03-01,15,permanently_inactive_outside_recent_window
DNB,29.L1.4080.FC4801D,002,Vô hiệu hóa,2024-06-01,2025-03-01,2025-03-01,15,permanently_inactive_outside_recent_window
DNB,29.L1.4080.FC4801D,008,Vô hiệu hóa,2025-04-01,2025-04-01,2025-04-01,14,permanently_inactive_outside_recent_window
DNB,29.L1.4080.FC4801D,010,Vô hiệu hóa,2024-10-01,2024-11-01,2024-11-01,19,permanently_inactive_outside_recent_window
MT-TNG,29.L1.4080.FC4801D,012,Vô hiệu hóa,2024-04-01,2024-04-01,2024-04-01,26,permanently_inactive_outside_recent_window
MT-TNG,29.L1.4080.FC4801D,014,Vô hiệu hóa,2024-05-01,2024-12-01,2024-12-01,18,permanently_inactive_outside_recent_window
DNB,29.L1.4080.FC4801D,022,Vô hiệu hóa,2024-08-01,2024-09-01,2024-09-01,21,permanently_inactive_outside_recent_window
MT-TNG,29.L1.4080.FC4801D,059,Vô hiệu hóa,2024-04-01,2024-04-01,2024-04-01,26,permanently_inactive_outside_recent_window
TNB,29.L1.4080.FC4801D,063,Vô hiệu hóa,2024-10-01,2024-10-01,2024-10-01,20,permanently_inactive_outside_recent_window
DNB,29.L1.4080.FC4801D,097,Vô hiệu hóa,2024-06-01,2024-12-01,2024-12-01,18,permanently_inactive_outside_recent_window
Chưa xác định,29.L1.4080.FC4801D,222,Vô hiệu hóa,2024-07-01,2024-08-01,2024-08-01,22,permanently_inactive_outside_recent_window
Chưa xác định,29.L1.4080.FC4801V,000,Vô hiệu hóa,2024-03-01,2024-10-01,2024-10-01,20,permanently_inactive_outside_recent_window
DNB,29.L1.4080.FC4801V,008,Vô hiệu hóa,2025-04-01,2025-04-01,2025-04-01,14,permanently_inactive_outside_recent_window
MT-TNG,29.L1.4080.FC4801V,012,Vô hiệu hóa,2024-04-01,2024-05-01,2024-05-01,25,permanently_inactive_outside_recent_window
MT-TNG,29.L1.4080.FC4801V,014,Vô hiệu hóa,2024-03-01,2024-12-01,2024-12-01,18,permanently_inactive_outside_recent_window
DNB,29.L1.4080.FC4801V,022,Vô hiệu hóa,2024-08-01,2024-09-01,2024-09-01,21,permanently_inactive_outside_recent_window
MT-TNG,29.L1.4080.FC4801V,059,Vô hiệu hóa,2024-04-01,2024-04-01,2024-04-01,26,permanently_inactive_outside_recent_window
DNB,29.L1.4080.FC4801V,097,Vô hiệu hóa,2024-04-01,2024-12-01,2024-12-01,18,permanently_inactive_outside_recent_window
Chưa xác định,29.L1.4080.FC4803,000,Vô hiệu hóa,2024-01-01,2025-04-01,2025-04-01,14,permanently_inactive_outside_recent_window
DNB,29.L1.4080.FC4803,061,Vô hiệu hóa,2024-02-01,2024-11-01,2024-11-01,19,permanently_inactive_outside_recent_window
MT-TNG,29.L1.4080.FC4803,066,Vô hiệu hóa,2024-08-01,2024-10-01,2024-10-01,20,permanently_inactive_outside_recent_window
MT-TNG,29.L1.4080.FC4803,067,Vô hiệu hóa,2024-07-01,2024-07-01,2024-07-01,23,permanently_inactive_outside_recent_window
MT-TNG,29.L1.4080.FC4803,071,Vô hiệu hóa,2024-01-01,2025-05-01,2025-05-01,13,permanently_inactive_outside_recent_window
TNB,29.L1.4080.FC4803,073,Vô hiệu hóa,2024-06-01,2025-02-01,2025-02-01,16,permanently_inactive_outside_recent_window
DNB,29.L1.4080.FC4803,074,Vô hiệu hóa,2024-08-01,2025-01-01,2025-01-01,17,permanently_inactive_outside_recent_window
DNB,29.L1.4080.FC4803,081,Vô hiệu hóa,2024-01-01,2025-04-01,2025-04-01,14,permanently_inactive_outside_recent_window
DNB,29.L1.4080.FC4803,094,Vô hiệu hóa,2024-02-01,2025-05-01,2025-05-01,13,permanently_inactive_outside_recent_window
TNB,29.L1.4080.FC4803,098,Vô hiệu hóa,2024-11-01,2025-01-01,2025-01-01,17,permanently_inactive_outside_recent_window
Chưa xác định,29.L1.4080.FC4803,222,Vô hiệu hóa,2024-08-01,2025-03-01,2025-03-01,15,permanently_inactive_outside_recent_window
Chưa xác định,29.L1.4080.FC4803D,000,Vô hiệu hóa,2024-09-01,2025-04-01,2025-04-01,14,permanently_inactive_outside_recent_window
TNB,29.L1.4080.FC4803D,050,Vô hiệu hóa,2024-07-01,2024-07-01,2024-07-01,23,permanently_inactive_outside_recent_window
DNB,29.L1.4080.FC4803D,060,Vô hiệu hóa,2024-07-01,2024-11-01,2024-11-01,19,permanently_inactive_outside_recent_window
DNB,29.L1.4080.FC4803D,061,Vô hiệu hóa,2024-04-01,2024-11-01,2024-11-01,19,permanently_inactive_outside_recent_window
MT-TNG,29.L1.4080.FC4803D,067,Vô hiệu hóa,2024-07-01,2024-07-01,2024-07-01,23,permanently_inactive_outside_recent_window
MT-TNG,29.L1.4080.FC4803D,070,Vô hiệu hóa,2024-01-01,2024-01-01,2024-01-01,29,permanently_inactive_outside_recent_window
MT-TNG,29.L1.4080.FC4803D,071,Vô hiệu hóa,2024-06-01,2025-05-01,2025-05-01,13,permanently_inactive_outside_recent_window
TNB,29.L1.4080.FC4803D,073,Vô hiệu hóa,2024-06-01,2024-07-01,2024-07-01,23,permanently_inactive_outside_recent_window
DNB,29.L1.4080.FC4803D,074,Vô hiệu hóa,2024-08-01,2025-01-01,2025-01-01,17,permanently_inactive_outside_recent_window
DNB,29.L1.4080.FC4803D,094,Vô hiệu hóa,2024-08-01,2025-05-01,2025-05-01,13,permanently_inactive_outside_recent_window
TNB,29.L1.4080.FC4803D,098,Vô hiệu hóa,2024-11-01,2024-12-01,2024-12-01,18,permanently_inactive_outside_recent_window
Chưa xác định,29.L1.4080.FC4803V,000,Vô hiệu hóa,2024-01-01,2024-10-01,2024-10-01,20,permanently_inactive_outside_recent_window
TNB,29.L1.4080.FC4803V,050,Vô hiệu hóa,2024-07-01,2025-05-01,2025-05-01,13,permanently_inactive_outside_recent_window
DNB,29.L1.4080.FC4803V,060,Vô hiệu hóa,2024-01-01,2024-12-01,2024-12-01,18,permanently_inactive_outside_recent_window
DNB,29.L1.4080.FC4803V,061,Vô hiệu hóa,2024-02-01,2024-11-01,2024-11-01,19,permanently_inactive_outside_recent_window
MT-TNG,29.L1.4080.FC4803V,064,Vô hiệu hóa,2024-04-01,2024-11-01,2024-11-01,19,permanently_inactive_outside_recent_window
MT-TNG,29.L1.4080.FC4803V,066,Vô hiệu hóa,2024-08-01,2024-08-01,2024-08-01,22,permanently_inactive_outside_recent_window
MT-TNG,29.L1.4080.FC4803V,067,Vô hiệu hóa,2024-07-01,2024-07-01,2024-07-01,23,permanently_inactive_outside_recent_window
MT-TNG,29.L1.4080.FC4803V,070,Vô hiệu hóa,2024-01-01,2024-01-01,2024-01-01,29,permanently_inactive_outside_recent_window
MT-TNG,29.L1.4080.FC4803V,071,Vô hiệu hóa,2024-01-01,2025-05-01,2025-05-01,13,permanently_inactive_outside_recent_window
MT-TNG,29.L1.4080.FC4803V,072,Vô hiệu hóa,2024-03-01,2025-01-01,2025-01-01,17,permanently_inactive_outside_recent_window
TNB,29.L1.4080.FC4803V,073,Vô hiệu hóa,2024-06-01,2024-12-01,2024-12-01,18,permanently_inactive_outside_recent_window
DNB,29.L1.4080.FC4803V,074,Vô hiệu hóa,2024-10-01,2025-01-01,2025-01-01,17,permanently_inactive_outside_recent_window
DNB,29.L1.4080.FC4803V,081,Vô hiệu hóa,2024-01-01,2024-09-01,2024-09-01,21,permanently_inactive_outside_recent_window
DNB,29.L1.4080.FC4803V,094,Vô hiệu hóa,2024-02-01,2025-05-01,2025-05-01,13,permanently_inactive_outside_recent_window
TNB,29.L1.4080.FC4803V,098,Vô hiệu hóa,2024-11-01,2024-11-01,2024-11-01,19,permanently_inactive_outside_recent_window
Chưa xác định,29.L1.4080.FC4803V,222,Vô hiệu hóa,2024-08-01,2024-09-01,2024-09-01,21,permanently_inactive_outside_recent_window
Chưa xác định,29.L1.6060.FP6602,000,Vô hiệu hóa,2024-04-01,2024-11-01,2024-11-01,19,permanently_inactive_outside_recent_window
MT-TNG,29.L1.6060.FP6602,001,Vô hiệu hóa,2024-01-01,2025-03-01,2025-03-01,15,permanently_inactive_outside_recent_window
MT-TNG,29.L1.6060.FP6602,012,Vô hiệu hóa,2024-01-01,2024-09-01,2024-09-01,21,permanently_inactive_outside_recent_window
MT-TNG,29.L1.6060.FP6602,049,Vô hiệu hóa,2024-01-01,2024-11-01,2024-11-01,19,permanently_inactive_outside_recent_window
TNB,29.L1.6060.FP6602,050,Vô hiệu hóa,2024-03-01,2024-11-01,2024-11-01,19,permanently_inactive_outside_recent_window
DNB,29.L1.6060.FP6602,060,Vô hiệu hóa,2024-08-01,2024-11-01,2024-11-01,19,permanently_inactive_outside_recent_window
DNB,29.L1.6060.FP6602,061,Vô hiệu hóa,2024-04-01,2024-11-01,2024-11-01,19,permanently_inactive_outside_recent_window
TNB,29.L1.6060.FP6602,063,Vô hiệu hóa,2024-03-01,2024-09-01,2024-09-01,21,permanently_inactive_outside_recent_window
TNB,29.L1.6060.FP6602,065,Vô hiệu hóa,2024-01-01,2024-09-01,2024-09-01,21,permanently_inactive_outside_recent_window
MT-TNG,29.L1.6060.FP6602,067,Vô hiệu hóa,2024-03-01,2024-03-01,2024-03-01,27,permanently_inactive_outside_recent_window
TNB,29.L1.6060.FP6602,069,Vô hiệu hóa,2024-02-01,2025-04-01,2025-04-01,14,permanently_inactive_outside_recent_window
MT-TNG,29.L1.6060.FP6602,070,Vô hiệu hóa,2024-04-01,2024-04-01,2024-04-01,26,permanently_inactive_outside_recent_window
TNB,29.L1.6060.FP6602,073,Vô hiệu hóa,2024-02-01,2025-01-01,2025-01-01,17,permanently_inactive_outside_recent_window
DNB,29.L1.6060.FP6602,074,Vô hiệu hóa,2024-04-01,2024-11-01,2024-11-01,19,permanently_inactive_outside_recent_window
MT-TNG,29.L1.6060.FP6602,078,Vô hiệu hóa,2024-01-01,2024-01-01,2024-01-01,29,permanently_inactive_outside_recent_window
TNB,29.L1.6060.FP6602,098,Vô hiệu hóa,2024-03-01,2024-06-01,2024-06-01,24,permanently_inactive_outside_recent_window
MT-TNG,29.L1.6060.FP6602,099,Vô hiệu hóa,2024-04-01,2024-10-01,2024-10-01,20,permanently_inactive_outside_recent_window
Chưa xác định,29.L1.6060.FP6602,222,Vô hiệu hóa,2024-03-01,2024-10-01,2024-10-01,20,permanently_inactive_outside_recent_window
Chưa xác định,29.L1.6060.FP6603,000,Vô hiệu hóa,2024-04-01,2024-05-01,2024-05-01,25,permanently_inactive_outside_recent_window
MT-TNG,29.L1.6060.FP6603,059,Vô hiệu hóa,2024-06-01,2025-02-01,2025-02-01,16,permanently_inactive_outside_recent_window
TNB,29.L1.6060.FP6603,063,Vô hiệu hóa,2024-06-01,2024-06-01,2024-06-01,24,permanently_inactive_outside_recent_window
MT-TNG,29.L1.6060.FP6603,064,Vô hiệu hóa,2024-04-01,2024-12-01,2024-12-01,18,permanently_inactive_outside_recent_window
TNB,29.L1.6060.FP6603,065,Vô hiệu hóa,2024-03-01,2025-03-01,2025-03-01,15,permanently_inactive_outside_recent_window
MT-TNG,29.L1.6060.FP6603,067,Vô hiệu hóa,2024-03-01,2024-11-01,2024-11-01,19,permanently_inactive_outside_recent_window
TNB,29.L1.6060.FP6603,069,Vô hiệu hóa,2024-02-01,2025-03-01,2025-03-01,15,permanently_inactive_outside_recent_window
MT-TNG,29.L1.6060.FP6603,070,Vô hiệu hóa,2024-01-01,2024-04-01,2024-04-01,26,permanently_inactive_outside_recent_window
MT-TNG,29.L1.6060.FP6603,071,Vô hiệu hóa,2024-01-01,2025-03-01,2025-03-01,15,permanently_inactive_outside_recent_window
MT-TNG,29.L1.6060.FP6603,072,Vô hiệu hóa,2024-03-01,2024-11-01,2024-11-01,19,permanently_inactive_outside_recent_window
DNB,29.L1.6060.FP6603,074,Vô hiệu hóa,2024-04-01,2024-10-01,2024-10-01,20,permanently_inactive_outside_recent_window
MT-TNG,29.L1.6060.FP6603,079,Vô hiệu hóa,2024-01-01,2025-02-01,2025-02-01,16,permanently_inactive_outside_recent_window
TNB,29.L1.6060.FP6603,098,Vô hiệu hóa,2024-03-01,2024-12-01,2024-12-01,18,permanently_inactive_outside_recent_window
MT-TNG,29.L1.6060.FP6603,099,Vô hiệu hóa,2024-07-01,2024-07-01,2024-07-01,23,permanently_inactive_outside_recent_window
MT-TNG,29.L1.6060.FP6604,001,Vô hiệu hóa,2024-02-01,2025-04-01,2025-04-01,14,permanently_inactive_outside_recent_window
MT-TNG,29.L1.6060.FP6604,014,Vô hiệu hóa,2024-02-01,2025-03-01,2025-03-01,15,permanently_inactive_outside_recent_window
MT-TNG,29.L1.6060.FP6604,070,Vô hiệu hóa,2024-03-01,2024-03-01,2024-03-01,27,permanently_inactive_outside_recent_window
MT-TNG,29.L1.6060.FP6604,099,Vô hiệu hóa,2024-04-01,2025-01-01,2025-01-01,17,permanently_inactive_outside_recent_window
Chưa xác định,29.L1.6060.FP6604,222,Vô hiệu hóa,2024-03-01,2024-03-01,2024-03-01,27,permanently_inactive_outside_recent_window
Chưa xác định,29.L1.6060.FP6605,000,Vô hiệu hóa,2024-04-01,2024-09-01,2024-09-01,21,permanently_inactive_outside_recent_window
MT-TNG,29.L1.6060.FP6605,059,Vô hiệu hóa,2024-02-01,2024-11-01,2024-11-01,19,permanently_inactive_outside_recent_window
DNB,29.L1.6060.FP6605,061,Vô hiệu hóa,2024-04-01,2025-02-01,2025-02-01,16,permanently_inactive_outside_recent_window
TNB,29.L1.6060.FP6605,063,Vô hiệu hóa,2024-03-01,2024-11-01,2024-11-01,19,permanently_inactive_outside_recent_window
TNB,29.L1.6060.FP6605,065,Vô hiệu hóa,2024-03-01,2025-01-01,2025-01-01,17,permanently_inactive_outside_recent_window
MT-TNG,29.L1.6060.FP6605,066,Vô hiệu hóa,2024-05-01,2025-04-01,2025-04-01,14,permanently_inactive_outside_recent_window
MT-TNG,29.L1.6060.FP6605,067,Vô hiệu hóa,2024-01-01,2024-07-01,2024-07-01,23,permanently_inactive_outside_recent_window
TNB,29.L1.6060.FP6605,069,Vô hiệu hóa,2024-02-01,2024-12-01,2024-12-01,18,permanently_inactive_outside_recent_window
MT-TNG,29.L1.6060.FP6605,070,Vô hiệu hóa,2024-03-01,2024-04-01,2024-04-01,26,permanently_inactive_outside_recent_window
MT-TNG,29.L1.6060.FP6605,072,Vô hiệu hóa,2024-04-01,2025-05-01,2025-05-01,13,permanently_inactive_outside_recent_window
DNB,29.L1.6060.FP6605,074,Vô hiệu hóa,2024-04-01,2025-05-01,2025-05-01,13,permanently_inactive_outside_recent_window
MT-TNG,29.L1.6060.FP6605,079,Vô hiệu hóa,2024-04-01,2025-04-01,2025-04-01,14,permanently_inactive_outside_recent_window
TNB,29.L1.6060.FP6605,098,Vô hiệu hóa,2024-04-01,2024-11-01,2024-11-01,19,permanently_inactive_outside_recent_window
Chưa xác định,29.L1.6060.FP6605,222,Vô hiệu hóa,2024-06-01,2024-06-01,2024-06-01,24,permanently_inactive_outside_recent_window
MT-TNG,29.L1.6060.FP6666,067,Vô hiệu hóa,2024-10-01,2024-10-01,2024-10-01,20,permanently_inactive_outside_recent_window
Chưa xác định,29.L1.6060.FPH6001,000,Vô hiệu hóa,2024-02-01,2024-11-01,2024-11-01,19,permanently_inactive_outside_recent_window
MT-TNG,29.L1.6060.FPH6001,001,Vô hiệu hóa,2024-03-01,2024-11-01,2024-11-01,19,permanently_inactive_outside_recent_window
MT-TNG,29.L1.6060.FPH6001,014,Vô hiệu hóa,2024-01-01,2025-05-01,2025-05-01,13,permanently_inactive_outside_recent_window
MT-TNG,29.L1.6060.FPH6001,049,Vô hiệu hóa,2024-01-01,2024-11-01,2024-11-01,19,permanently_inactive_outside_recent_window
DNB,29.L1.6060.FPH6001,060,Vô hiệu hóa,2024-07-01,2024-12-01,2024-12-01,18,permanently_inactive_outside_recent_window
DNB,29.L1.6060.FPH6001,061,Vô hiệu hóa,2024-04-01,2025-01-01,2025-01-01,17,permanently_inactive_outside_recent_window
TNB,29.L1.6060.FPH6001,065,Vô hiệu hóa,2024-04-01,2024-12-01,2024-12-01,18,permanently_inactive_outside_recent_window
MT-TNG,29.L1.6060.FPH6001,067,Vô hiệu hóa,2024-03-01,2024-06-01,2024-06-01,24,permanently_inactive_outside_recent_window
MT-TNG,29.L1.6060.FPH6001,070,Vô hiệu hóa,2024-03-01,2024-03-01,2024-03-01,27,permanently_inactive_outside_recent_window
DNB,29.L1.6060.FPH6001,074,Vô hiệu hóa,2024-03-01,2025-05-01,2025-05-01,13,permanently_inactive_outside_recent_window
DNB,29.L1.6060.FPH6001,081,Vô hiệu hóa,2024-03-01,2024-11-01,2024-11-01,19,permanently_inactive_outside_recent_window
MT-TNG,29.L1.6060.FPH6001,095,Vô hiệu hóa,2024-01-01,2024-01-01,2024-01-01,29,permanently_inactive_outside_recent_window
TNB,29.L1.6060.FPH6001,098,Vô hiệu hóa,2024-10-01,2025-03-01,2025-03-01,15,permanently_inactive_outside_recent_window
MT-TNG,29.L1.6060.FPH6001,099,Vô hiệu hóa,2024-04-01,2025-02-01,2025-02-01,16,permanently_inactive_outside_recent_window
Chưa xác định,29.L1.6060.FPH6001,222,Vô hiệu hóa,2024-03-01,2024-03-01,2024-03-01,27,permanently_inactive_outside_recent_window
Chưa xác định,29.L1.6060.FPU6000,000,Vô hiệu hóa,2024-11-01,2024-11-01,2024-11-01,19,permanently_inactive_outside_recent_window
MT-TNG,29.L1.6060.FPU6000,014,Vô hiệu hóa,2024-01-01,2024-01-01,2024-01-01,29,permanently_inactive_outside_recent_window
MT-TNG,29.L1.6060.FPU6000,059,Vô hiệu hóa,2024-02-01,2024-12-01,2024-12-01,18,permanently_inactive_outside_recent_window
MT-TNG,29.L1.6060.FPU6000,064,Vô hiệu hóa,2024-04-01,2024-11-01,2024-11-01,19,permanently_inactive_outside_recent_window
MT-TNG,29.L1.6060.FPU6000,067,Vô hiệu hóa,2024-01-01,2024-11-01,2024-11-01,19,permanently_inactive_outside_recent_window
MT-TNG,29.L1.6060.FPU6000,072,Vô hiệu hóa,2024-03-01,2025-04-01,2025-04-01,14,permanently_inactive_outside_recent_window
MT-TNG,29.L1.6060.FPU6000,079,Vô hiệu hóa,2024-04-01,2025-04-01,2025-04-01,14,permanently_inactive_outside_recent_window
DNB,29.L1.6060.FPU6000,081,Vô hiệu hóa,2024-11-01,2024-11-01,2024-11-01,19,permanently_inactive_outside_recent_window
MT-TNG,29.L1.6060.FPU6000,099,Vô hiệu hóa,2024-03-01,2024-03-01,2024-03-01,27,permanently_inactive_outside_recent_window
Chưa xác định,29.L1.6060.FPU6001,000,Vô hiệu hóa,2024-01-01,2024-01-01,2024-01-01,29,permanently_inactive_outside_recent_window
MT-TNG,29.L1.6060.FPU6001,001,Vô hiệu hóa,2024-01-01,2025-01-01,2025-01-01,17,permanently_inactive_outside_recent_window
MT-TNG,29.L1.6060.FPU6001,014,Vô hiệu hóa,2024-02-01,2025-05-01,2025-05-01,13,permanently_inactive_outside_recent_window
MT-TNG,29.L1.6060.FPU6001,067,Vô hiệu hóa,2024-03-01,2024-06-01,2024-06-01,24,permanently_inactive_outside_recent_window
MT-TNG,29.L1.6060.FPU6001,078,Vô hiệu hóa,2024-01-01,2024-01-01,2024-01-01,29,permanently_inactive_outside_recent_window
MT-TNG,29.L1.6060.FPU6001,095,Vô hiệu hóa,2024-01-01,2024-01-01,2024-01-01,29,permanently_inactive_outside_recent_window
MT-TNG,29.L1.6060.FPU6001,099,Vô hiệu hóa,2024-04-01,2024-12-01,2024-12-01,18,permanently_inactive_outside_recent_window
Chưa xác định,29.L1.6060.FPU6001,222,Vô hiệu hóa,2024-03-01,2024-03-01,2024-03-01,27,permanently_inactive_outside_recent_window
Chưa xác định,29.L1.6060.FPU6002,000,Vô hiệu hóa,2024-02-01,2025-04-01,2025-04-01,14,permanently_inactive_outside_recent_window
MT-TNG,29.L1.6060.FPU6002,012,Vô hiệu hóa,2024-03-01,2025-05-01,2025-05-01,13,permanently_inactive_outside_recent_window
MT-TNG,29.L1.6060.FPU6002,014,Vô hiệu hóa,2024-02-01,2025-04-01,2025-04-01,14,permanently_inactive_outside_recent_window
MT-TNG,29.L1.6060.FPU6002,049,Vô hiệu hóa,2024-03-01,2024-12-01,2024-12-01,18,permanently_inactive_outside_recent_window
TNB,29.L1.6060.FPU6002,050,Vô hiệu hóa,2024-03-01,2025-03-01,2025-03-01,15,permanently_inactive_outside_recent_window
DNB,29.L1.6060.FPU6002,061,Vô hiệu hóa,2024-03-01,2024-10-01,2024-10-01,20,permanently_inactive_outside_recent_window
TNB,29.L1.6060.FPU6002,065,Vô hiệu hóa,2024-03-01,2025-02-01,2025-02-01,16,permanently_inactive_outside_recent_window
MT-TNG,29.L1.6060.FPU6002,067,Vô hiệu hóa,2024-07-01,2024-07-01,2024-07-01,23,permanently_inactive_outside_recent_window
MT-TNG,29.L1.6060.FPU6002,070,Vô hiệu hóa,2024-03-01,2024-03-01,2024-03-01,27,permanently_inactive_outside_recent_window
DNB,29.L1.6060.FPU6002,074,Vô hiệu hóa,2024-03-01,2025-03-01,2025-03-01,15,permanently_inactive_outside_recent_window
DNB,29.L1.6060.FPU6002,081,Vô hiệu hóa,2024-03-01,2025-04-01,2025-04-01,14,permanently_inactive_outside_recent_window
TNB,29.L1.6060.FPU6002,098,Vô hiệu hóa,2024-03-01,2025-04-01,2025-04-01,14,permanently_inactive_outside_recent_window
Chưa xác định,29.L1.6060.FPU6002,222,Vô hiệu hóa,2024-03-01,2024-11-01,2024-11-01,19,permanently_inactive_outside_recent_window
Chưa xác định,29.L1.6060.FPU6003,000,Vô hiệu hóa,2024-02-01,2024-10-01,2024-10-01,20,permanently_inactive_outside_recent_window
TNB,29.L1.6060.FPU6003,050,Vô hiệu hóa,2024-02-01,2025-05-01,2025-05-01,13,permanently_inactive_outside_recent_window
MT-TNG,29.L1.6060.FPU6003,059,Vô hiệu hóa,2024-01-01,2024-08-01,2024-08-01,22,permanently_inactive_outside_recent_window
DNB,29.L1.6060.FPU6003,060,Vô hiệu hóa,2024-05-01,2024-10-01,2024-10-01,20,permanently_inactive_outside_recent_window
DNB,29.L1.6060.FPU6003,061,Vô hiệu hóa,2024-03-01,2024-12-01,2024-12-01,18,permanently_inactive_outside_recent_window
TNB,29.L1.6060.FPU6003,063,Vô hiệu hóa,2024-03-01,2024-12-01,2024-12-01,18,permanently_inactive_outside_recent_window
MT-TNG,29.L1.6060.FPU6003,064,Vô hiệu hóa,2024-01-01,2025-04-01,2025-04-01,14,permanently_inactive_outside_recent_window
TNB,29.L1.6060.FPU6003,065,Vô hiệu hóa,2024-02-01,2025-01-01,2025-01-01,17,permanently_inactive_outside_recent_window
MT-TNG,29.L1.6060.FPU6003,066,Vô hiệu hóa,2024-08-01,2024-08-01,2024-08-01,22,permanently_inactive_outside_recent_window
TNB,29.L1.6060.FPU6003,069,Vô hiệu hóa,2024-02-01,2025-03-01,2025-03-01,15,permanently_inactive_outside_recent_window
MT-TNG,29.L1.6060.FPU6003,070,Vô hiệu hóa,2024-01-01,2024-04-01,2024-04-01,26,permanently_inactive_outside_recent_window
MT-TNG,29.L1.6060.FPU6003,071,Vô hiệu hóa,2024-01-01,2024-12-01,2024-12-01,18,permanently_inactive_outside_recent_window
MT-TNG,29.L1.6060.FPU6003,072,Vô hiệu hóa,2024-01-01,2024-12-01,2024-12-01,18,permanently_inactive_outside_recent_window
TNB,29.L1.6060.FPU6003,073,Vô hiệu hóa,2024-02-01,2025-01-01,2025-01-01,17,permanently_inactive_outside_recent_window
DNB,29.L1.6060.FPU6003,074,Vô hiệu hóa,2024-03-01,2024-11-01,2024-11-01,19,permanently_inactive_outside_recent_window
DNB,29.L1.6060.FPU6003,076,Vô hiệu hóa,2024-05-01,2024-10-01,2024-10-01,20,permanently_inactive_outside_recent_window
MT-TNG,29.L1.6060.FPU6003,079,Vô hiệu hóa,2024-01-01,2025-01-01,2025-01-01,17,permanently_inactive_outside_recent_window
DNB,29.L1.6060.FPU6003,081,Vô hiệu hóa,2024-02-01,2025-03-01,2025-03-01,15,permanently_inactive_outside_recent_window
TNB,29.L1.6060.FPU6003,098,Vô hiệu hóa,2024-04-01,2025-01-01,2025-01-01,17,permanently_inactive_outside_recent_window
MT-TNG,29.L1.6060.FPU6003,123,Vô hiệu hóa,2025-05-01,2025-05-01,2025-05-01,13,permanently_inactive_outside_recent_window
Chưa xác định,29.L1.6060.FPU6003,222,Vô hiệu hóa,2024-01-01,2024-10-01,2024-10-01,20,permanently_inactive_outside_recent_window
Chưa xác định,29.L1.6060.FPU6005,000,Vô hiệu hóa,2024-04-01,2024-05-01,2024-05-01,25,permanently_inactive_outside_recent_window
TNB,29.L1.6060.FPU6005,050,Vô hiệu hóa,2024-03-01,2025-02-01,2025-02-01,16,permanently_inactive_outside_recent_window
DNB,29.L1.6060.FPU6005,060,Vô hiệu hóa,2024-06-01,2024-12-01,2024-12-01,18,permanently_inactive_outside_recent_window
DNB,29.L1.6060.FPU6005,061,Vô hiệu hóa,2024-03-01,2025-02-01,2025-02-01,16,permanently_inactive_outside_recent_window
TNB,29.L1.6060.FPU6005,063,Vô hiệu hóa,2024-03-01,2025-03-01,2025-03-01,15,permanently_inactive_outside_recent_window
TNB,29.L1.6060.FPU6005,065,Vô hiệu hóa,2024-04-01,2025-03-01,2025-03-01,15,permanently_inactive_outside_recent_window
MT-TNG,29.L1.6060.FPU6005,067,Vô hiệu hóa,2024-07-01,2024-10-01,2024-10-01,20,permanently_inactive_outside_recent_window
TNB,29.L1.6060.FPU6005,069,Vô hiệu hóa,2024-02-01,2025-02-01,2025-02-01,16,permanently_inactive_outside_recent_window
MT-TNG,29.L1.6060.FPU6005,070,Vô hiệu hóa,2024-02-01,2024-03-01,2024-03-01,27,permanently_inactive_outside_recent_window
MT-TNG,29.L1.6060.FPU6005,079,Vô hiệu hóa,2024-04-01,2025-03-01,2025-03-01,15,permanently_inactive_outside_recent_window
TNB,29.L1.6060.FPU6005,098,Vô hiệu hóa,2024-03-01,2025-01-01,2025-01-01,17,permanently_inactive_outside_recent_window
Chưa xác định,29.L1.6060.FPU6006,000,Vô hiệu hóa,2024-02-01,2025-04-01,2025-04-01,14,permanently_inactive_outside_recent_window
TNB,29.L1.6060.FPU6006,050,Vô hiệu hóa,2024-02-01,2025-03-01,2025-03-01,15,permanently_inactive_outside_recent_window
MT-TNG,29.L1.6060.FPU6006,059,Vô hiệu hóa,2024-03-01,2024-11-01,2024-11-01,19,permanently_inactive_outside_recent_window
TNB,29.L1.6060.FPU6006,065,Vô hiệu hóa,2024-04-01,2024-09-01,2024-09-01,21,permanently_inactive_outside_recent_window
MT-TNG,29.L1.6060.FPU6006,066,Vô hiệu hóa,2024-05-01,2025-03-01,2025-03-01,15,permanently_inactive_outside_recent_window
TNB,29.L1.6060.FPU6006,069,Vô hiệu hóa,2024-02-01,2024-12-01,2024-12-01,18,permanently_inactive_outside_recent_window
MT-TNG,29.L1.6060.FPU6006,070,Vô hiệu hóa,2024-04-01,2024-04-01,2024-04-01,26,permanently_inactive_outside_recent_window
DNB,29.L1.6060.FPU6006,076,Vô hiệu hóa,2024-04-01,2025-04-01,2025-04-01,14,permanently_inactive_outside_recent_window
MT-TNG,29.L1.6060.FPU6006,079,Vô hiệu hóa,2024-04-01,2024-12-01,2024-12-01,18,permanently_inactive_outside_recent_window
DNB,29.L1.6060.FPU6006,081,Vô hiệu hóa,2024-03-01,2025-04-01,2025-04-01,14,permanently_inactive_outside_recent_window
TNB,29.L1.6060.FPU6006,098,Vô hiệu hóa,2024-05-01,2025-01-01,2025-01-01,17,permanently_inactive_outside_recent_window
Chưa xác định,29.L1.6060.FPU6006,222,Vô hiệu hóa,2024-06-01,2024-06-01,2024-06-01,24,permanently_inactive_outside_recent_window
Chưa xác định,29.L1.6060.FPU6007,000,Vô hiệu hóa,2024-02-01,2025-04-01,2025-04-01,14,permanently_inactive_outside_recent_window
MT-TNG,29.L1.6060.FPU6007,059,Vô hiệu hóa,2024-01-01,2025-02-01,2025-02-01,16,permanently_inactive_outside_recent_window
DNB,29.L1.6060.FPU6007,060,Vô hiệu hóa,2024-07-01,2025-05-01,2025-05-01,13,permanently_inactive_outside_recent_window
DNB,29.L1.6060.FPU6007,061,Vô hiệu hóa,2024-03-01,2025-03-01,2025-03-01,15,permanently_inactive_outside_recent_window
TNB,29.L1.6060.FPU6007,063,Vô hiệu hóa,2024-04-01,2025-04-01,2025-04-01,14,permanently_inactive_outside_recent_window
MT-TNG,29.L1.6060.FPU6007,064,Vô hiệu hóa,2024-04-01,2025-05-01,2025-05-01,13,permanently_inactive_outside_recent_window
TNB,29.L1.6060.FPU6007,065,Vô hiệu hóa,2024-03-01,2025-02-01,2025-02-01,16,permanently_inactive_outside_recent_window
MT-TNG,29.L1.6060.FPU6007,067,Vô hiệu hóa,2024-07-01,2024-07-01,2024-07-01,23,permanently_inactive_outside_recent_window
MT-TNG,29.L1.6060.FPU6007,070,Vô hiệu hóa,2024-03-01,2024-09-01,2024-09-01,21,permanently_inactive_outside_recent_window
MT-TNG,29.L1.6060.FPU6007,072,Vô hiệu hóa,2024-02-01,2025-03-01,2025-03-01,15,permanently_inactive_outside_recent_window
DNB,29.L1.6060.FPU6007,074,Vô hiệu hóa,2024-03-01,2025-04-01,2025-04-01,14,permanently_inactive_outside_recent_window
MT-TNG,29.L1.6060.FPU6007,079,Vô hiệu hóa,2024-03-01,2025-03-01,2025-03-01,15,permanently_inactive_outside_recent_window
DNB,29.L1.6060.FPU6007,081,Vô hiệu hóa,2024-03-01,2025-04-01,2025-04-01,14,permanently_inactive_outside_recent_window
TNB,29.L1.6060.FPU6007,098,Vô hiệu hóa,2024-04-01,2025-05-01,2025-05-01,13,permanently_inactive_outside_recent_window
MT-TNG,29.L1.6060.FPU6007,099,Vô hiệu hóa,2024-11-01,2024-11-01,2024-11-01,19,permanently_inactive_outside_recent_window
Chưa xác định,29.L1.6060.FPU6007,222,Vô hiệu hóa,2024-04-01,2025-05-01,2025-05-01,13,permanently_inactive_outside_recent_window
Chưa xác định,29.L1.6060.FPU6009,000,Vô hiệu hóa,2024-02-01,2024-08-01,2024-08-01,22,permanently_inactive_outside_recent_window
DNB,29.L1.6060.FPU6009,008,Vô hiệu hóa,2024-01-01,2025-01-01,2025-01-01,17,permanently_inactive_outside_recent_window
MT-TNG,29.L1.6060.FPU6009,012,Vô hiệu hóa,2024-04-01,2025-05-01,2025-05-01,13,permanently_inactive_outside_recent_window
MT-TNG,29.L1.6060.FPU6009,014,Vô hiệu hóa,2024-03-01,2024-11-01,2024-11-01,19,permanently_inactive_outside_recent_window
DNB,29.L1.6060.FPU6009,061,Vô hiệu hóa,2024-03-01,2024-10-01,2024-10-01,20,permanently_inactive_outside_recent_window
MT-TNG,29.L1.6060.FPU6009,064,Vô hiệu hóa,2024-03-01,2024-03-01,2024-03-01,27,permanently_inactive_outside_recent_window
TNB,29.L1.6060.FPU6009,065,Vô hiệu hóa,2024-03-01,2025-04-01,2025-04-01,14,permanently_inactive_outside_recent_window
TNB,29.L1.6060.FPU6009,069,Vô hiệu hóa,2024-02-01,2025-02-01,2025-02-01,16,permanently_inactive_outside_recent_window
TNB,29.L1.6060.FPU6009,073,Vô hiệu hóa,2024-03-01,2024-12-01,2024-12-01,18,permanently_inactive_outside_recent_window
DNB,29.L1.6060.FPU6009,074,Vô hiệu hóa,2024-03-01,2025-02-01,2025-02-01,16,permanently_inactive_outside_recent_window
DNB,29.L1.6060.FPU6009,081,Vô hiệu hóa,2024-03-01,2024-12-01,2024-12-01,18,permanently_inactive_outside_recent_window
TNB,29.L1.6060.FPU6009,098,Vô hiệu hóa,2024-03-01,2025-03-01,2025-03-01,15,permanently_inactive_outside_recent_window
MT-TNG,29.L1.6060.FPU6009,099,Vô hiệu hóa,2024-04-01,2024-09-01,2024-09-01,21,permanently_inactive_outside_recent_window
Chưa xác định,29.L1.6060.FPU6009,222,Vô hiệu hóa,2024-01-01,2024-06-01,2024-06-01,24,permanently_inactive_outside_recent_window
DNB,29.L1.6060.FPU6010,061,Vô hiệu hóa,2024-03-01,2024-11-01,2024-11-01,19,permanently_inactive_outside_recent_window
MT-TNG,29.L1.6060.FPU6010,070,Vô hiệu hóa,2024-03-01,2024-03-01,2024-03-01,27,permanently_inactive_outside_recent_window
MT-TNG,29.L1.6060.FPU6010,099,Vô hiệu hóa,2024-03-01,2025-01-01,2025-01-01,17,permanently_inactive_outside_recent_window
Chưa xác định,29.L1.6060.FPU6010,222,Vô hiệu hóa,2024-02-01,2024-02-01,2024-02-01,28,permanently_inactive_outside_recent_window
MT-TNG,29.L1.6060.FPU6011,014,Vô hiệu hóa,2024-01-01,2025-05-01,2025-05-01,13,permanently_inactive_outside_recent_window
MT-TNG,29.L1.6060.FPU6011,059,Vô hiệu hóa,2025-02-01,2025-03-01,2025-03-01,15,permanently_inactive_outside_recent_window
DNB,29.L1.6060.FPU6011,061,Vô hiệu hóa,2024-03-01,2025-02-01,2025-02-01,16,permanently_inactive_outside_recent_window
MT-TNG,29.L1.6060.FPU6011,067,Vô hiệu hóa,2024-03-01,2024-06-01,2024-06-01,24,permanently_inactive_outside_recent_window
MT-TNG,29.L1.6060.FPU6011,078,Vô hiệu hóa,2024-01-01,2024-01-01,2024-01-01,29,permanently_inactive_outside_recent_window
MT-TNG,29.L1.6060.FPU6011,099,Vô hiệu hóa,2024-03-01,2024-12-01,2024-12-01,18,permanently_inactive_outside_recent_window
Chưa xác định,29.L1.6060.FPU6011,222,Vô hiệu hóa,2024-02-01,2024-02-01,2024-02-01,28,permanently_inactive_outside_recent_window
MT-TNG,29.L1.6060.FPU6012,012,Vô hiệu hóa,2024-01-01,2024-10-01,2024-10-01,20,permanently_inactive_outside_recent_window
MT-TNG,29.L1.6060.FPU6012,014,Vô hiệu hóa,2024-02-01,2025-05-01,2025-05-01,13,permanently_inactive_outside_recent_window
DNB,29.L1.6060.FPU6012,061,Vô hiệu hóa,2024-04-01,2025-05-01,2025-05-01,13,permanently_inactive_outside_recent_window
TNB,29.L1.6060.FPU6012,065,Vô hiệu hóa,2024-03-01,2025-03-01,2025-03-01,15,permanently_inactive_outside_recent_window
MT-TNG,29.L1.6060.FPU6012,067,Vô hiệu hóa,2024-03-01,2024-06-01,2024-06-01,24,permanently_inactive_outside_recent_window
DNB,29.L1.6060.FPU6012,081,Vô hiệu hóa,2024-04-01,2025-02-01,2025-02-01,16,permanently_inactive_outside_recent_window
MT-TNG,29.L1.6060.FPU6012,095,Vô hiệu hóa,2024-01-01,2024-01-01,2024-01-01,29,permanently_inactive_outside_recent_window
TNB,29.L1.6060.FPU6012,098,Vô hiệu hóa,2024-03-01,2024-05-01,2024-05-01,25,permanently_inactive_outside_recent_window
MT-TNG,29.L1.6060.FPU6012,099,Vô hiệu hóa,2024-04-01,2024-12-01,2024-12-01,18,permanently_inactive_outside_recent_window
Chưa xác định,29.L1.6060.FPU6012,222,Vô hiệu hóa,2024-02-01,2024-07-01,2024-07-01,23,permanently_inactive_outside_recent_window
Chưa xác định,29.L1.6060.FPU6013,000,Vô hiệu hóa,2024-08-01,2024-08-01,2024-08-01,22,permanently_inactive_outside_recent_window
MT-TNG,29.L1.6060.FPU6013,059,Vô hiệu hóa,2024-07-01,2024-08-01,2024-08-01,22,permanently_inactive_outside_recent_window
MT-TNG,29.L1.6060.FPU6013,067,Vô hiệu hóa,2024-01-01,2024-07-01,2024-07-01,23,permanently_inactive_outside_recent_window
MT-TNG,29.L1.6060.FPU6013,070,Vô hiệu hóa,2024-01-01,2024-01-01,2024-01-01,29,permanently_inactive_outside_recent_window
MT-TNG,29.L1.6060.FPU6013,079,Vô hiệu hóa,2024-01-01,2024-08-01,2024-08-01,22,permanently_inactive_outside_recent_window
DNB,29.L1.6060.FPU6014,002,Vô hiệu hóa,2024-01-01,2024-01-01,2024-01-01,29,permanently_inactive_outside_recent_window
DNB,29.L1.6060.FPU6014,061,Vô hiệu hóa,2024-12-01,2025-04-01,2025-04-01,14,permanently_inactive_outside_recent_window
MT-TNG,29.L1.6060.FPU6014,067,Vô hiệu hóa,2024-03-01,2024-06-01,2024-06-01,24,permanently_inactive_outside_recent_window
MT-TNG,29.L1.6060.FPU6014,070,Vô hiệu hóa,2024-04-01,2024-04-01,2024-04-01,26,permanently_inactive_outside_recent_window
MT-TNG,29.L1.6060.FPU6014,099,Vô hiệu hóa,2024-04-01,2024-12-01,2024-12-01,18,permanently_inactive_outside_recent_window
Chưa xác định,29.L1.6060.FPU6014,222,Vô hiệu hóa,2024-02-01,2024-02-01,2024-02-01,28,permanently_inactive_outside_recent_window
Chưa xác định,29.L1.6060.FPU6016,000,Vô hiệu hóa,2024-02-01,2025-03-01,2025-03-01,15,permanently_inactive_outside_recent_window
MT-TNG,29.L1.6060.FPU6016,059,Vô hiệu hóa,2024-03-01,2025-02-01,2025-02-01,16,permanently_inactive_outside_recent_window
TNB,29.L1.6060.FPU6016,063,Vô hiệu hóa,2024-04-01,2024-12-01,2024-12-01,18,permanently_inactive_outside_recent_window
MT-TNG,29.L1.6060.FPU6016,064,Vô hiệu hóa,2024-05-01,2024-12-01,2024-12-01,18,permanently_inactive_outside_recent_window
TNB,29.L1.6060.FPU6016,065,Vô hiệu hóa,2024-04-01,2024-12-01,2024-12-01,18,permanently_inactive_outside_recent_window
DNB,29.L1.6060.FPU6016,068,Vô hiệu hóa,2025-05-01,2025-05-01,2025-05-01,13,permanently_inactive_outside_recent_window
MT-TNG,29.L1.6060.FPU6016,070,Vô hiệu hóa,2024-02-01,2024-04-01,2024-04-01,26,permanently_inactive_outside_recent_window
MT-TNG,29.L1.6060.FPU6016,072,Vô hiệu hóa,2024-01-01,2025-05-01,2025-05-01,13,permanently_inactive_outside_recent_window
DNB,29.L1.6060.FPU6016,074,Vô hiệu hóa,2024-03-01,2025-04-01,2025-04-01,14,permanently_inactive_outside_recent_window
DNB,29.L1.6060.FPU6016,081,Vô hiệu hóa,2024-03-01,2025-04-01,2025-04-01,14,permanently_inactive_outside_recent_window
TNB,29.L1.6060.FPU6016,098,Vô hiệu hóa,2024-03-01,2025-04-01,2025-04-01,14,permanently_inactive_outside_recent_window
Chưa xác định,29.L1.6060.FPU6017,000,Vô hiệu hóa,2024-03-01,2024-11-01,2024-11-01,19,permanently_inactive_outside_recent_window
MT-TNG,29.L1.6060.FPU6017,059,Vô hiệu hóa,2024-11-01,2024-12-01,2024-12-01,18,permanently_inactive_outside_recent_window
MT-TNG,29.L1.6060.FPU6017,066,Vô hiệu hóa,2024-12-01,2025-01-01,2025-01-01,17,permanently_inactive_outside_recent_window
MT-TNG,29.L1.6060.FPU6017,067,Vô hiệu hóa,2024-07-01,2024-07-01,2024-07-01,23,permanently_inactive_outside_recent_window
MT-TNG,29.L1.6060.FPU6017,070,Vô hiệu hóa,2024-01-01,2024-03-01,2024-03-01,27,permanently_inactive_outside_recent_window
MT-TNG,29.L1.6060.FPU6017,072,Vô hiệu hóa,2024-01-01,2025-04-01,2025-04-01,14,permanently_inactive_outside_recent_window
MT-TNG,29.L1.6060.FPU6017,079,Vô hiệu hóa,2024-03-01,2025-01-01,2025-01-01,17,permanently_inactive_outside_recent_window
MT-TNG,29.L1.6060.FPU6017,099,Vô hiệu hóa,2025-01-01,2025-01-01,2025-01-01,17,permanently_inactive_outside_recent_window
Chưa xác định,29.L1.6060.FPU6018,000,Vô hiệu hóa,2024-06-01,2024-06-01,2024-06-01,24,permanently_inactive_outside_recent_window
MT-TNG,29.L1.6060.FPU6018,059,Vô hiệu hóa,2024-01-01,2025-02-01,2025-02-01,16,permanently_inactive_outside_recent_window
MT-TNG,29.L1.6060.FPU6018,066,Vô hiệu hóa,2024-10-01,2024-12-01,2024-12-01,18,permanently_inactive_outside_recent_window
MT-TNG,29.L1.6060.FPU6018,070,Vô hiệu hóa,2024-01-01,2024-01-01,2024-01-01,29,permanently_inactive_outside_recent_window
MT-TNG,29.L1.6060.FPU6018,079,Vô hiệu hóa,2024-01-01,2025-04-01,2025-04-01,14,permanently_inactive_outside_recent_window
MT-TNG,29.L1.6060.FPU6018,099,Vô hiệu hóa,2024-09-01,2024-09-01,2024-09-01,21,permanently_inactive_outside_recent_window
Chưa xác định,29.L1.8080.FPU8000,000,Vô hiệu hóa,2024-07-01,2025-03-01,2025-03-01,15,permanently_inactive_outside_recent_window
DNB,29.L1.8080.FPU8000,008,Vô hiệu hóa,2024-01-01,2024-07-01,2024-07-01,23,permanently_inactive_outside_recent_window
TNB,29.L1.8080.FPU8000,011,Vô hiệu hóa,2024-01-01,2024-01-01,2024-01-01,29,permanently_inactive_outside_recent_window
MT-TNG,29.L1.8080.FPU8000,012,Vô hiệu hóa,2024-01-01,2024-06-01,2024-06-01,24,permanently_inactive_outside_recent_window
TNB,29.L1.8080.FPU8000,015,Vô hiệu hóa,2024-01-01,2024-06-01,2024-06-01,24,permanently_inactive_outside_recent_window
TNB,29.L1.8080.FPU8000,016,Vô hiệu hóa,2024-12-01,2024-12-01,2024-12-01,18,permanently_inactive_outside_recent_window
TNB,29.L1.8080.FPU8000,017,Vô hiệu hóa,2024-01-01,2024-05-01,2024-05-01,25,permanently_inactive_outside_recent_window
TNB,29.L1.8080.FPU8000,018,Vô hiệu hóa,2024-01-01,2025-03-01,2025-03-01,15,permanently_inactive_outside_recent_window
DNB,29.L1.8080.FPU8000,019,Vô hiệu hóa,2024-04-01,2024-08-01,2024-08-01,22,permanently_inactive_outside_recent_window
TNB,29.L1.8080.FPU8000,024,Vô hiệu hóa,2024-01-01,2024-09-01,2024-09-01,21,permanently_inactive_outside_recent_window
TNB,29.L1.8080.FPU8000,050,Vô hiệu hóa,2024-01-01,2024-09-01,2024-09-01,21,permanently_inactive_outside_recent_window
TNB,29.L1.8080.FPU8000,063,Vô hiệu hóa,2024-01-01,2024-12-01,2024-12-01,18,permanently_inactive_outside_recent_window
TNB,29.L1.8080.FPU8000,069,Vô hiệu hóa,2024-09-01,2025-05-01,2025-05-01,13,permanently_inactive_outside_recent_window
TNB,29.L1.8080.FPU8000,073,Vô hiệu hóa,2024-01-01,2024-07-01,2024-07-01,23,permanently_inactive_outside_recent_window
DNB,29.L1.8080.FPU8000,076,Vô hiệu hóa,2024-07-01,2024-07-01,2024-07-01,23,permanently_inactive_outside_recent_window
MT-TNG,29.L1.8080.FPU8000,079,Vô hiệu hóa,2025-03-01,2025-03-01,2025-03-01,15,permanently_inactive_outside_recent_window
TNB,29.L1.8080.FPU8001,011,Vô hiệu hóa,2024-01-01,2024-08-01,2024-08-01,22,permanently_inactive_outside_recent_window
DNB,29.L1.8080.FPU8001,013,Vô hiệu hóa,2024-02-01,2025-04-01,2025-04-01,14,permanently_inactive_outside_recent_window
TNB,29.L1.8080.FPU8001,015,Vô hiệu hóa,2024-01-01,2024-04-01,2024-04-01,26,permanently_inactive_outside_recent_window
TNB,29.L1.8080.FPU8001,018,Vô hiệu hóa,2024-01-01,2025-01-01,2025-01-01,17,permanently_inactive_outside_recent_window
MT-TNG,29.L1.8080.FPU8001,023,Vô hiệu hóa,2024-01-01,2024-11-01,2024-11-01,19,permanently_inactive_outside_recent_window
TNB,29.L1.8080.FPU8001,024,Vô hiệu hóa,2024-05-01,2025-05-01,2025-05-01,13,permanently_inactive_outside_recent_window
DNB,29.L1.8080.FPU8002,008,Vô hiệu hóa,2024-04-01,2024-04-01,2024-04-01,26,permanently_inactive_outside_recent_window
DNB,29.L1.8080.FPU8002,010,Vô hiệu hóa,2024-01-01,2025-04-01,2025-04-01,14,permanently_inactive_outside_recent_window
TNB,29.L1.8080.FPU8002,011,Vô hiệu hóa,2024-01-01,2025-01-01,2025-01-01,17,permanently_inactive_outside_recent_window
MT-TNG,29.L1.8080.FPU8002,012,Vô hiệu hóa,2024-08-01,2024-10-01,2024-10-01,20,permanently_inactive_outside_recent_window
DNB,29.L1.8080.FPU8002,013,Vô hiệu hóa,2024-01-01,2024-03-01,2024-03-01,27,permanently_inactive_outside_recent_window
TNB,29.L1.8080.FPU8002,015,Vô hiệu hóa,2024-01-01,2024-07-01,2024-07-01,23,permanently_inactive_outside_recent_window
TNB,29.L1.8080.FPU8002,017,Vô hiệu hóa,2024-03-01,2025-01-01,2025-01-01,17,permanently_inactive_outside_recent_window
DNB,29.L1.8080.FPU8002,019,Vô hiệu hóa,2024-01-01,2024-12-01,2024-12-01,18,permanently_inactive_outside_recent_window
MT-TNG,29.L1.8080.FPU8002,023,Vô hiệu hóa,2024-01-01,2024-01-01,2024-01-01,29,permanently_inactive_outside_recent_window
TNB,29.L1.8080.FPU8002,024,Vô hiệu hóa,2024-02-01,2024-02-01,2024-02-01,28,permanently_inactive_outside_recent_window
MT-TNG,29.L1.8080.FPU8002,049,Vô hiệu hóa,2024-03-01,2024-05-01,2024-05-01,25,permanently_inactive_outside_recent_window
Chưa xác định,29.L1.8080.FPU8003,000,Vô hiệu hóa,2024-01-01,2024-07-01,2024-07-01,23,permanently_inactive_outside_recent_window
TNB,29.L1.8080.FPU8003,050,Vô hiệu hóa,2024-01-01,2024-09-01,2024-09-01,21,permanently_inactive_outside_recent_window
DNB,29.L1.8080.FPU8003,061,Vô hiệu hóa,2024-03-01,2024-06-01,2024-06-01,24,permanently_inactive_outside_recent_window
TNB,29.L1.8080.FPU8003,063,Vô hiệu hóa,2024-01-01,2024-11-01,2024-11-01,19,permanently_inactive_outside_recent_window
MT-TNG,29.L1.8080.FPU8003,064,Vô hiệu hóa,2024-01-01,2024-08-01,2024-08-01,22,permanently_inactive_outside_recent_window
TNB,29.L1.8080.FPU8003,065,Vô hiệu hóa,2024-04-01,2025-05-01,2025-05-01,13,permanently_inactive_outside_recent_window
TNB,29.L1.8080.FPU8003,073,Vô hiệu hóa,2024-01-01,2025-02-01,2025-02-01,16,permanently_inactive_outside_recent_window
DNB,29.L1.8080.FPU8003,074,Vô hiệu hóa,2024-04-01,2024-07-01,2024-07-01,23,permanently_inactive_outside_recent_window
DNB,29.L1.8080.FPU8003,076,Vô hiệu hóa,2024-07-01,2024-08-01,2024-08-01,22,permanently_inactive_outside_recent_window
MT-TNG,29.L1.8080.FPU8003,079,Vô hiệu hóa,2024-01-01,2024-11-01,2024-11-01,19,permanently_inactive_outside_recent_window
DNB,29.L1.8080.FPU8003,081,Vô hiệu hóa,2024-01-01,2024-05-01,2024-05-01,25,permanently_inactive_outside_recent_window
TNB,29.L1.8080.FPU8003,098,Vô hiệu hóa,2024-06-01,2024-10-01,2024-10-01,20,permanently_inactive_outside_recent_window
Chưa xác định,29.L1.8080.FPU8005,000,Vô hiệu hóa,2024-01-01,2024-04-01,2024-04-01,26,permanently_inactive_outside_recent_window
DNB,29.L1.8080.FPU8005,061,Vô hiệu hóa,2024-04-01,2024-05-01,2024-05-01,25,permanently_inactive_outside_recent_window
MT-TNG,29.L1.8080.FPU8005,064,Vô hiệu hóa,2024-03-01,2024-03-01,2024-03-01,27,permanently_inactive_outside_recent_window
TNB,29.L1.8080.FPU8005,065,Vô hiệu hóa,2024-01-01,2024-04-01,2024-04-01,26,permanently_inactive_outside_recent_window
TNB,29.L1.8080.FPU8005,069,Vô hiệu hóa,2024-01-01,2024-04-01,2024-04-01,26,permanently_inactive_outside_recent_window
TNB,29.L1.8080.FPU8005,073,Vô hiệu hóa,2024-03-01,2024-07-01,2024-07-01,23,permanently_inactive_outside_recent_window
MT-TNG,29.L1.8080.FPU8005,079,Vô hiệu hóa,2024-03-01,2024-05-01,2024-05-01,25,permanently_inactive_outside_recent_window
DNB,29.L1.8080.FPU8005,081,Vô hiệu hóa,2024-01-01,2024-04-01,2024-04-01,26,permanently_inactive_outside_recent_window
Chưa xác định,29.L1.8080.FPU8005,222,Vô hiệu hóa,2024-04-01,2024-05-01,2024-05-01,25,permanently_inactive_outside_recent_window
Chưa xác định,29.L1.8080.FPU8006,000,Vô hiệu hóa,2024-01-01,2024-08-01,2024-08-01,22,permanently_inactive_outside_recent_window
TNB,29.L1.8080.FPU8006,050,Vô hiệu hóa,2024-01-01,2024-08-01,2024-08-01,22,permanently_inactive_outside_recent_window
DNB,29.L1.8080.FPU8006,061,Vô hiệu hóa,2024-01-01,2024-11-01,2024-11-01,19,permanently_inactive_outside_recent_window
TNB,29.L1.8080.FPU8006,063,Vô hiệu hóa,2024-02-01,2025-03-01,2025-03-01,15,permanently_inactive_outside_recent_window
TNB,29.L1.8080.FPU8006,073,Vô hiệu hóa,2024-03-01,2024-09-01,2024-09-01,21,permanently_inactive_outside_recent_window
DNB,29.L1.8080.FPU8006,074,Vô hiệu hóa,2024-08-01,2024-12-01,2024-12-01,18,permanently_inactive_outside_recent_window
DNB,29.L1.8080.FPU8006,081,Vô hiệu hóa,2024-01-01,2024-08-01,2024-08-01,22,permanently_inactive_outside_recent_window
TNB,29.L1.8080.FPU8006,098,Vô hiệu hóa,2024-03-01,2025-04-01,2025-04-01,14,permanently_inactive_outside_recent_window
Chưa xác định,29.L1.8080.FPU8007,000,Vô hiệu hóa,2024-05-01,2024-07-01,2024-07-01,23,permanently_inactive_outside_recent_window
DNB,29.L1.8080.FPU8007,013,Vô hiệu hóa,2024-01-01,2025-04-01,2025-04-01,14,permanently_inactive_outside_recent_window
MT-TNG,29.L1.8080.FPU8007,064,Vô hiệu hóa,2024-04-01,2025-01-01,2025-01-01,17,permanently_inactive_outside_recent_window
DNB,29.L1.8080.FPU8007,074,Vô hiệu hóa,2024-06-01,2024-07-01,2024-07-01,23,permanently_inactive_outside_recent_window
MT-TNG,29.L1.8080.FPU8007,079,Vô hiệu hóa,2024-03-01,2024-03-01,2024-03-01,27,permanently_inactive_outside_recent_window
DNB,29.L1.8080.FPU8007,081,Vô hiệu hóa,2024-05-01,2024-11-01,2024-11-01,19,permanently_inactive_outside_recent_window
TNB,29.L1.8080.FPU8007,098,Vô hiệu hóa,2024-05-01,2025-03-01,2025-03-01,15,permanently_inactive_outside_recent_window
Chưa xác định,29.L1.8080.FPU8007,222,Vô hiệu hóa,2024-10-01,2025-03-01,2025-03-01,15,permanently_inactive_outside_recent_window
DNB,29.L1.8080.FPU8011,010,Vô hiệu hóa,2024-01-01,2025-04-01,2025-04-01,14,permanently_inactive_outside_recent_window
TNB,29.L1.8080.FPU8011,011,Vô hiệu hóa,2024-01-01,2024-10-01,2024-10-01,20,permanently_inactive_outside_recent_window
MT-TNG,29.L1.8080.FPU8011,012,Vô hiệu hóa,2024-01-01,2024-01-01,2024-01-01,29,permanently_inactive_outside_recent_window
DNB,29.L1.8080.FPU8011,013,Vô hiệu hóa,2024-01-01,2024-01-01,2024-01-01,29,permanently_inactive_outside_recent_window
TNB,29.L1.8080.FPU8011,015,Vô hiệu hóa,2024-03-01,2024-03-01,2024-03-01,27,permanently_inactive_outside_recent_window
TNB,29.L1.8080.FPU8011,016,Vô hiệu hóa,2024-01-01,2024-02-01,2024-02-01,28,permanently_inactive_outside_recent_window
TNB,29.L1.8080.FPU8011,017,Vô hiệu hóa,2024-06-01,2025-01-01,2025-01-01,17,permanently_inactive_outside_recent_window
TNB,29.L1.8080.FPU8011,018,Vô hiệu hóa,2024-01-01,2025-01-01,2025-01-01,17,permanently_inactive_outside_recent_window
MT-TNG,29.L1.8080.FPU8011,023,Vô hiệu hóa,2024-01-01,2024-01-01,2024-01-01,29,permanently_inactive_outside_recent_window
TNB,29.L1.8080.FPU8011,024,Vô hiệu hóa,2024-01-01,2024-04-01,2024-04-01,26,permanently_inactive_outside_recent_window
Chưa xác định,29.L1.8080.FPU8013,000,Vô hiệu hóa,2024-01-01,2024-08-01,2024-08-01,22,permanently_inactive_outside_recent_window
TNB,29.L1.8080.FPU8013,050,Vô hiệu hóa,2024-01-01,2025-03-01,2025-03-01,15,permanently_inactive_outside_recent_window
MT-TNG,29.L1.8080.FPU8013,064,Vô hiệu hóa,2024-01-01,2024-08-01,2024-08-01,22,permanently_inactive_outside_recent_window
TNB,29.L1.8080.FPU8013,065,Vô hiệu hóa,2024-01-01,2024-09-01,2024-09-01,21,permanently_inactive_outside_recent_window
TNB,29.L1.8080.FPU8013,069,Vô hiệu hóa,2024-03-01,2024-05-01,2024-05-01,25,permanently_inactive_outside_recent_window
TNB,29.L1.8080.FPU8013,073,Vô hiệu hóa,2024-03-01,2024-12-01,2024-12-01,18,permanently_inactive_outside_recent_window
DNB,29.L1.8080.FPU8013,074,Vô hiệu hóa,2024-05-01,2024-12-01,2024-12-01,18,permanently_inactive_outside_recent_window
MT-TNG,29.L1.8080.FPU8013,079,Vô hiệu hóa,2024-04-01,2024-06-01,2024-06-01,24,permanently_inactive_outside_recent_window
DNB,29.L1.8080.FPU8013,081,Vô hiệu hóa,2024-01-01,2024-08-01,2024-08-01,22,permanently_inactive_outside_recent_window
TNB,29.L1.8080.FPU8013,098,Vô hiệu hóa,2024-04-01,2025-03-01,2025-03-01,15,permanently_inactive_outside_recent_window
Chưa xác định,29.L1.8080.FPU8013,222,Vô hiệu hóa,2024-01-01,2024-08-01,2024-08-01,22,permanently_inactive_outside_recent_window
DNB,29.L1.8080.FPU8014,008,Vô hiệu hóa,2024-06-01,2025-03-01,2025-03-01,15,permanently_inactive_outside_recent_window
TNB,29.L1.8080.FPU8014,011,Vô hiệu hóa,2024-06-01,2025-01-01,2025-01-01,17,permanently_inactive_outside_recent_window
DNB,29.L1.8080.FPU8014,013,Vô hiệu hóa,2024-03-01,2024-03-01,2024-03-01,27,permanently_inactive_outside_recent_window
MT-TNG,29.L1.8080.FPU8014,023,Vô hiệu hóa,2024-03-01,2024-03-01,2024-03-01,27,permanently_inactive_outside_recent_window
TNB,29.L1.8080.FPU8014,024,Vô hiệu hóa,2024-01-01,2025-05-01,2025-05-01,13,permanently_inactive_outside_recent_window
Chưa xác định,29.L1.8080.FPU8016,000,Vô hiệu hóa,2024-03-01,2025-04-01,2025-04-01,14,permanently_inactive_outside_recent_window
TNB,29.L1.8080.FPU8016,050,Vô hiệu hóa,2024-03-01,2024-11-01,2024-11-01,19,permanently_inactive_outside_recent_window
DNB,29.L1.8080.FPU8016,061,Vô hiệu hóa,2024-01-01,2024-12-01,2024-12-01,18,permanently_inactive_outside_recent_window
TNB,29.L1.8080.FPU8016,063,Vô hiệu hóa,2024-01-01,2024-05-01,2024-05-01,25,permanently_inactive_outside_recent_window
MT-TNG,29.L1.8080.FPU8016,064,Vô hiệu hóa,2024-04-01,2025-02-01,2025-02-01,16,permanently_inactive_outside_recent_window
TNB,29.L1.8080.FPU8016,073,Vô hiệu hóa,2024-04-01,2025-04-01,2025-04-01,14,permanently_inactive_outside_recent_window
MT-TNG,29.L1.8080.FPU8016,079,Vô hiệu hóa,2024-03-01,2024-08-01,2024-08-01,22,permanently_inactive_outside_recent_window
DNB,29.L1.8080.FPU8016,081,Vô hiệu hóa,2024-03-01,2025-04-01,2025-04-01,14,permanently_inactive_outside_recent_window
Chưa xác định,29.L1.8080.FPU8016,222,Vô hiệu hóa,2024-08-01,2024-12-01,2024-12-01,18,permanently_inactive_outside_recent_window
Chưa xác định,29.L1.8080.FPU8017,000,Vô hiệu hóa,2024-01-01,2024-05-01,2024-05-01,25,permanently_inactive_outside_recent_window
TNB,29.L1.8080.FPU8017,063,Vô hiệu hóa,2024-01-01,2024-07-01,2024-07-01,23,permanently_inactive_outside_recent_window
TNB,29.L1.8080.FPU8017,065,Vô hiệu hóa,2024-04-01,2024-06-01,2024-06-01,24,permanently_inactive_outside_recent_window
TNB,29.L1.8080.FPU8017,069,Vô hiệu hóa,2024-01-01,2024-06-01,2024-06-01,24,permanently_inactive_outside_recent_window
TNB,29.L1.8080.FPU8017,073,Vô hiệu hóa,2024-01-01,2025-03-01,2025-03-01,15,permanently_inactive_outside_recent_window
DNB,29.L1.8080.FPU8017,074,Vô hiệu hóa,2024-05-01,2024-05-01,2024-05-01,25,permanently_inactive_outside_recent_window
MT-TNG,29.L1.8080.FPU8017,079,Vô hiệu hóa,2024-05-01,2024-05-01,2024-05-01,25,permanently_inactive_outside_recent_window
DNB,29.L1.8080.FPU8017,081,Vô hiệu hóa,2024-01-01,2024-06-01,2024-06-01,24,permanently_inactive_outside_recent_window
Chưa xác định,29.L1.8080.FPU8888,000,Vô hiệu hóa,2024-03-01,2024-07-01,2024-07-01,23,permanently_inactive_outside_recent_window
DNB,29.L1.8080.FPU8888,008,Vô hiệu hóa,2024-03-01,2024-08-01,2024-08-01,22,permanently_inactive_outside_recent_window
DNB,29.L1.8080.FPU8888,010,Vô hiệu hóa,2024-01-01,2024-07-01,2024-07-01,23,permanently_inactive_outside_recent_window
TNB,29.L1.8080.FPU8888,011,Vô hiệu hóa,2024-04-01,2024-04-01,2024-04-01,26,permanently_inactive_outside_recent_window
MT-TNG,29.L1.8080.FPU8888,012,Vô hiệu hóa,2024-01-01,2024-09-01,2024-09-01,21,permanently_inactive_outside_recent_window
DNB,29.L1.8080.FPU8888,013,Vô hiệu hóa,2024-04-01,2024-05-01,2024-05-01,25,permanently_inactive_outside_recent_window
TNB,29.L1.8080.FPU8888,015,Vô hiệu hóa,2024-01-01,2024-08-01,2024-08-01,22,permanently_inactive_outside_recent_window
TNB,29.L1.8080.FPU8888,017,Vô hiệu hóa,2024-01-01,2024-07-01,2024-07-01,23,permanently_inactive_outside_recent_window
TNB,29.L1.8080.FPU8888,018,Vô hiệu hóa,2024-02-01,2024-07-01,2024-07-01,23,permanently_inactive_outside_recent_window
DNB,29.L1.8080.FPU8888,019,Vô hiệu hóa,2024-03-01,2024-12-01,2024-12-01,18,permanently_inactive_outside_recent_window
DNB,29.L1.8080.FPU8888,022,Vô hiệu hóa,2024-03-01,2024-05-01,2024-05-01,25,permanently_inactive_outside_recent_window
TNB,29.L1.8080.FPU8888,024,Vô hiệu hóa,2024-03-01,2024-10-01,2024-10-01,20,permanently_inactive_outside_recent_window
TNB,29.L1.8080.FPU8888,050,Vô hiệu hóa,2024-01-01,2025-02-01,2025-02-01,16,permanently_inactive_outside_recent_window
TNB,29.L1.8080.FPU8888,063,Vô hiệu hóa,2024-01-01,2024-04-01,2024-04-01,26,permanently_inactive_outside_recent_window
TNB,29.L1.8080.FPU8888,065,Vô hiệu hóa,2024-02-01,2024-06-01,2024-06-01,24,permanently_inactive_outside_recent_window
TNB,29.L1.8080.FPU8888,069,Vô hiệu hóa,2024-04-01,2024-08-01,2024-08-01,22,permanently_inactive_outside_recent_window
TNB,29.L1.8080.FPU8888,073,Vô hiệu hóa,2024-01-01,2024-07-01,2024-07-01,23,permanently_inactive_outside_recent_window
DNB,29.L1.8080.FPU8888,076,Vô hiệu hóa,2024-02-01,2024-07-01,2024-07-01,23,permanently_inactive_outside_recent_window
DNB,29.L1.8080.FPU8888,094,Vô hiệu hóa,2024-04-01,2024-08-01,2024-08-01,22,permanently_inactive_outside_recent_window
TNB,29.L1.8080.FPU8888,098,Vô hiệu hóa,2024-06-01,2024-06-01,2024-06-01,24,permanently_inactive_outside_recent_window
MT-TNG,36.L1.3060.USC3601,001,Vô hiệu hóa,2024-02-01,2024-09-01,2024-09-01,21,permanently_inactive_outside_recent_window
DNB,36.L1.3060.USC3601,002,Vô hiệu hóa,2024-03-01,2025-05-01,2025-05-01,13,permanently_inactive_outside_recent_window
DNB,36.L1.3060.USC3601,008,Vô hiệu hóa,2024-01-01,2024-06-01,2024-06-01,24,permanently_inactive_outside_recent_window
TNB,36.L1.3060.USC3601,011,Vô hiệu hóa,2024-03-01,2025-01-01,2025-01-01,17,permanently_inactive_outside_recent_window
DNB,36.L1.3060.USC3601,013,Vô hiệu hóa,2024-02-01,2024-11-01,2024-11-01,19,permanently_inactive_outside_recent_window
MT-TNG,36.L1.3060.USC3601,014,Vô hiệu hóa,2024-01-01,2024-06-01,2024-06-01,24,permanently_inactive_outside_recent_window
TNB,36.L1.3060.USC3601,017,Vô hiệu hóa,2024-01-01,2024-06-01,2024-06-01,24,permanently_inactive_outside_recent_window
DNB,36.L1.3060.USC3601,019,Vô hiệu hóa,2024-03-01,2024-07-01,2024-07-01,23,permanently_inactive_outside_recent_window
DNB,36.L1.3060.USC3601,022,Vô hiệu hóa,2024-02-01,2024-07-01,2024-07-01,23,permanently_inactive_outside_recent_window
MT-TNG,36.L1.3060.USC3601,023,Vô hiệu hóa,2024-01-01,2024-08-01,2024-08-01,22,permanently_inactive_outside_recent_window
TNB,36.L1.3060.USC3601,024,Vô hiệu hóa,2024-02-01,2024-07-01,2024-07-01,23,permanently_inactive_outside_recent_window
MT-TNG,36.L1.3060.USC3601,067,Vô hiệu hóa,2024-03-01,2024-10-01,2024-10-01,20,permanently_inactive_outside_recent_window
MT-TNG,36.L1.3060.USC3601,070,Vô hiệu hóa,2024-03-01,2024-03-01,2024-03-01,27,permanently_inactive_outside_recent_window
MT-TNG,36.L1.3060.USC3601,099,Vô hiệu hóa,2024-03-01,2025-03-01,2025-03-01,15,permanently_inactive_outside_recent_window
Chưa xác định,36.L1.3060.USC3601D,000,Vô hiệu hóa,2024-03-01,2024-03-01,2024-03-01,27,permanently_inactive_outside_recent_window
MT-TNG,36.L1.3060.USC3601D,001,Vô hiệu hóa,2024-04-01,2024-09-01,2024-09-01,21,permanently_inactive_outside_recent_window
DNB,36.L1.3060.USC3601D,002,Vô hiệu hóa,2024-03-01,2025-03-01,2025-03-01,15,permanently_inactive_outside_recent_window
TNB,36.L1.3060.USC3601D,011,Vô hiệu hóa,2024-03-01,2025-01-01,2025-01-01,17,permanently_inactive_outside_recent_window
MT-TNG,36.L1.3060.USC3601D,012,Vô hiệu hóa,2024-02-01,2025-05-01,2025-05-01,13,permanently_inactive_outside_recent_window
MT-TNG,36.L1.3060.USC3601D,014,Vô hiệu hóa,2024-01-01,2024-08-01,2024-08-01,22,permanently_inactive_outside_recent_window
TNB,36.L1.3060.USC3601D,016,Vô hiệu hóa,2024-02-01,2024-07-01,2024-07-01,23,permanently_inactive_outside_recent_window
DNB,36.L1.3060.USC3601D,019,Vô hiệu hóa,2024-03-01,2025-04-01,2025-04-01,14,permanently_inactive_outside_recent_window
MT-TNG,36.L1.3060.USC3601D,023,Vô hiệu hóa,2024-01-01,2025-03-01,2025-03-01,15,permanently_inactive_outside_recent_window
MT-TNG,36.L1.3060.USC3601D,067,Vô hiệu hóa,2024-03-01,2024-08-01,2024-08-01,22,permanently_inactive_outside_recent_window
MT-TNG,36.L1.3060.USC3601D,070,Vô hiệu hóa,2024-03-01,2024-03-01,2024-03-01,27,permanently_inactive_outside_recent_window
MT-TNG,36.L1.3060.USC3601D,099,Vô hiệu hóa,2024-03-01,2025-03-01,2025-03-01,15,permanently_inactive_outside_recent_window
MT-TNG,36.L1.3060.USC3601V,001,Vô hiệu hóa,2024-02-01,2024-08-01,2024-08-01,22,permanently_inactive_outside_recent_window
DNB,36.L1.3060.USC3601V,002,Vô hiệu hóa,2024-03-01,2025-02-01,2025-02-01,16,permanently_inactive_outside_recent_window
TNB,36.L1.3060.USC3601V,011,Vô hiệu hóa,2024-03-01,2025-01-01,2025-01-01,17,permanently_inactive_outside_recent_window
MT-TNG,36.L1.3060.USC3601V,012,Vô hiệu hóa,2024-02-01,2024-10-01,2024-10-01,20,permanently_inactive_outside_recent_window
DNB,36.L1.3060.USC3601V,013,Vô hiệu hóa,2024-02-01,2024-08-01,2024-08-01,22,permanently_inactive_outside_recent_window
MT-TNG,36.L1.3060.USC3601V,014,Vô hiệu hóa,2024-01-01,2024-12-01,2024-12-01,18,permanently_inactive_outside_recent_window
MT-TNG,36.L1.3060.USC3601V,023,Vô hiệu hóa,2024-01-01,2024-07-01,2024-07-01,23,permanently_inactive_outside_recent_window
TNB,36.L1.3060.USC3601V,024,Vô hiệu hóa,2024-02-01,2024-10-01,2024-10-01,20,permanently_inactive_outside_recent_window
MT-TNG,36.L1.3060.USC3601V,049,Vô hiệu hóa,2024-02-01,2024-09-01,2024-09-01,21,permanently_inactive_outside_recent_window
MT-TNG,36.L1.3060.USC3601V,067,Vô hiệu hóa,2024-03-01,2024-10-01,2024-10-01,20,permanently_inactive_outside_recent_window
MT-TNG,36.L1.3060.USC3601V,099,Vô hiệu hóa,2024-03-01,2025-03-01,2025-03-01,15,permanently_inactive_outside_recent_window
Chưa xác định,36.L1.3060.USC3602,000,Vô hiệu hóa,2024-01-01,2024-11-01,2024-11-01,19,permanently_inactive_outside_recent_window
TNB,36.L1.3060.USC3602,050,Vô hiệu hóa,2024-01-01,2024-10-01,2024-10-01,20,permanently_inactive_outside_recent_window
MT-TNG,36.L1.3060.USC3602,059,Vô hiệu hóa,2024-02-01,2024-08-01,2024-08-01,22,permanently_inactive_outside_recent_window
DNB,36.L1.3060.USC3602,060,Vô hiệu hóa,2024-02-01,2024-11-01,2024-11-01,19,permanently_inactive_outside_recent_window
DNB,36.L1.3060.USC3602,061,Vô hiệu hóa,2024-02-01,2024-10-01,2024-10-01,20,permanently_inactive_outside_recent_window
MT-TNG,36.L1.3060.USC3602,064,Vô hiệu hóa,2024-03-01,2024-06-01,2024-06-01,24,permanently_inactive_outside_recent_window
TNB,36.L1.3060.USC3602,065,Vô hiệu hóa,2024-02-01,2024-10-01,2024-10-01,20,permanently_inactive_outside_recent_window
MT-TNG,36.L1.3060.USC3602,067,Vô hiệu hóa,2024-03-01,2024-10-01,2024-10-01,20,permanently_inactive_outside_recent_window
TNB,36.L1.3060.USC3602,069,Vô hiệu hóa,2024-01-01,2024-11-01,2024-11-01,19,permanently_inactive_outside_recent_window
MT-TNG,36.L1.3060.USC3602,070,Vô hiệu hóa,2024-03-01,2024-03-01,2024-03-01,27,permanently_inactive_outside_recent_window
MT-TNG,36.L1.3060.USC3602,071,Vô hiệu hóa,2024-02-01,2024-06-01,2024-06-01,24,permanently_inactive_outside_recent_window
MT-TNG,36.L1.3060.USC3602,079,Vô hiệu hóa,2024-03-01,2024-08-01,2024-08-01,22,permanently_inactive_outside_recent_window
DNB,36.L1.3060.USC3602,081,Vô hiệu hóa,2024-03-01,2024-11-01,2024-11-01,19,permanently_inactive_outside_recent_window
Chưa xác định,36.L1.3060.USC3602,093,Vô hiệu hóa,2024-06-01,2024-10-01,2024-10-01,20,permanently_inactive_outside_recent_window
DNB,36.L1.3060.USC3602,094,Vô hiệu hóa,2024-03-01,2025-05-01,2025-05-01,13,permanently_inactive_outside_recent_window
Chưa xác định,36.L1.3060.USC3602,222,Vô hiệu hóa,2024-04-01,2024-04-01,2024-04-01,26,permanently_inactive_outside_recent_window
Chưa xác định,36.L1.3060.USC3602D,000,Vô hiệu hóa,2024-01-01,2024-04-01,2024-04-01,26,permanently_inactive_outside_recent_window
TNB,36.L1.3060.USC3602D,050,Vô hiệu hóa,2024-03-01,2024-10-01,2024-10-01,20,permanently_inactive_outside_recent_window
MT-TNG,36.L1.3060.USC3602D,059,Vô hiệu hóa,2024-02-01,2024-08-01,2024-08-01,22,permanently_inactive_outside_recent_window
DNB,36.L1.3060.USC3602D,061,Vô hiệu hóa,2024-02-01,2024-06-01,2024-06-01,24,permanently_inactive_outside_recent_window
TNB,36.L1.3060.USC3602D,065,Vô hiệu hóa,2024-02-01,2024-05-01,2024-05-01,25,permanently_inactive_outside_recent_window
MT-TNG,36.L1.3060.USC3602D,067,Vô hiệu hóa,2024-03-01,2024-05-01,2024-05-01,25,permanently_inactive_outside_recent_window
TNB,36.L1.3060.USC3602D,069,Vô hiệu hóa,2024-02-01,2024-06-01,2024-06-01,24,permanently_inactive_outside_recent_window
MT-TNG,36.L1.3060.USC3602D,070,Vô hiệu hóa,2024-03-01,2024-03-01,2024-03-01,27,permanently_inactive_outside_recent_window
MT-TNG,36.L1.3060.USC3602D,072,Vô hiệu hóa,2024-01-01,2024-08-01,2024-08-01,22,permanently_inactive_outside_recent_window
TNB,36.L1.3060.USC3602D,073,Vô hiệu hóa,2024-02-01,2024-12-01,2024-12-01,18,permanently_inactive_outside_recent_window
DNB,36.L1.3060.USC3602D,074,Vô hiệu hóa,2024-04-01,2024-08-01,2024-08-01,22,permanently_inactive_outside_recent_window
MT-TNG,36.L1.3060.USC3602D,079,Vô hiệu hóa,2024-03-01,2024-11-01,2024-11-01,19,permanently_inactive_outside_recent_window
DNB,36.L1.3060.USC3602D,081,Vô hiệu hóa,2024-04-01,2024-06-01,2024-06-01,24,permanently_inactive_outside_recent_window
Chưa xác định,36.L1.3060.USC3602D,093,Vô hiệu hóa,2024-08-01,2024-10-01,2024-10-01,20,permanently_inactive_outside_recent_window
TNB,36.L1.3060.USC3602D,098,Vô hiệu hóa,2024-02-01,2024-10-01,2024-10-01,20,permanently_inactive_outside_recent_window
Chưa xác định,36.L1.3060.USC3602V,000,Vô hiệu hóa,2024-01-01,2024-11-01,2024-11-01,19,permanently_inactive_outside_recent_window
MT-TNG,36.L1.3060.USC3602V,059,Vô hiệu hóa,2024-02-01,2024-08-01,2024-08-01,22,permanently_inactive_outside_recent_window
TNB,36.L1.3060.USC3602V,065,Vô hiệu hóa,2024-02-01,2025-01-01,2025-01-01,17,permanently_inactive_outside_recent_window
MT-TNG,36.L1.3060.USC3602V,067,Vô hiệu hóa,2024-03-01,2024-10-01,2024-10-01,20,permanently_inactive_outside_recent_window
TNB,36.L1.3060.USC3602V,069,Vô hiệu hóa,2024-02-01,2024-05-01,2024-05-01,25,permanently_inactive_outside_recent_window
MT-TNG,36.L1.3060.USC3602V,070,Vô hiệu hóa,2024-03-01,2024-03-01,2024-03-01,27,permanently_inactive_outside_recent_window
MT-TNG,36.L1.3060.USC3602V,079,Vô hiệu hóa,2024-03-01,2024-12-01,2024-12-01,18,permanently_inactive_outside_recent_window
DNB,36.L1.3060.USC3602V,081,Vô hiệu hóa,2024-03-01,2024-11-01,2024-11-01,19,permanently_inactive_outside_recent_window
Chưa xác định,36.L1.3060.USC3602V,093,Vô hiệu hóa,2024-08-01,2024-08-01,2024-08-01,22,permanently_inactive_outside_recent_window
DNB,36.L1.3060.USC3602V,094,Vô hiệu hóa,2024-03-01,2025-05-01,2025-05-01,13,permanently_inactive_outside_recent_window
Chưa xác định,36.L1.3060.USC3602V,222,Vô hiệu hóa,2024-04-01,2024-04-01,2024-04-01,26,permanently_inactive_outside_recent_window
Chưa xác định,36.L1.3060.USC3603,000,Vô hiệu hóa,2024-02-01,2025-03-01,2025-03-01,15,permanently_inactive_outside_recent_window
TNB,36.L1.3060.USC3603,024,Vô hiệu hóa,2024-04-01,2024-04-01,2024-04-01,26,permanently_inactive_outside_recent_window
TNB,36.L1.3060.USC3603,050,Vô hiệu hóa,2024-02-01,2024-06-01,2024-06-01,24,permanently_inactive_outside_recent_window
MT-TNG,36.L1.3060.USC3603,059,Vô hiệu hóa,2024-02-01,2024-11-01,2024-11-01,19,permanently_inactive_outside_recent_window
DNB,36.L1.3060.USC3603,061,Vô hiệu hóa,2024-02-01,2024-10-01,2024-10-01,20,permanently_inactive_outside_recent_window
TNB,36.L1.3060.USC3603,063,Vô hiệu hóa,2024-02-01,2024-06-01,2024-06-01,24,permanently_inactive_outside_recent_window
MT-TNG,36.L1.3060.USC3603,067,Vô hiệu hóa,2024-04-01,2024-04-01,2024-04-01,26,permanently_inactive_outside_recent_window
TNB,36.L1.3060.USC3603,069,Vô hiệu hóa,2024-02-01,2024-06-01,2024-06-01,24,permanently_inactive_outside_recent_window
MT-TNG,36.L1.3060.USC3603,070,Vô hiệu hóa,2024-03-01,2024-03-01,2024-03-01,27,permanently_inactive_outside_recent_window
MT-TNG,36.L1.3060.USC3603,071,Vô hiệu hóa,2024-02-01,2024-08-01,2024-08-01,22,permanently_inactive_outside_recent_window
MT-TNG,36.L1.3060.USC3603,079,Vô hiệu hóa,2024-02-01,2024-06-01,2024-06-01,24,permanently_inactive_outside_recent_window
DNB,36.L1.3060.USC3603,081,Vô hiệu hóa,2024-02-01,2025-04-01,2025-04-01,14,permanently_inactive_outside_recent_window
DNB,36.L1.3060.USC3603,094,Vô hiệu hóa,2024-03-01,2025-05-01,2025-05-01,13,permanently_inactive_outside_recent_window
Chưa xác định,36.L1.3060.USC3603,222,Vô hiệu hóa,2024-04-01,2024-05-01,2024-05-01,25,permanently_inactive_outside_recent_window
Chưa xác định,36.L1.3060.USC3603D,000,Vô hiệu hóa,2024-02-01,2025-03-01,2025-03-01,15,permanently_inactive_outside_recent_window
MT-TNG,36.L1.3060.USC3603D,059,Vô hiệu hóa,2024-03-01,2024-08-01,2024-08-01,22,permanently_inactive_outside_recent_window
DNB,36.L1.3060.USC3603D,061,Vô hiệu hóa,2024-03-01,2024-05-01,2024-05-01,25,permanently_inactive_outside_recent_window
TNB,36.L1.3060.USC3603D,065,Vô hiệu hóa,2024-03-01,2024-06-01,2024-06-01,24,permanently_inactive_outside_recent_window
MT-TNG,36.L1.3060.USC3603D,067,Vô hiệu hóa,2024-04-01,2024-04-01,2024-04-01,26,permanently_inactive_outside_recent_window
TNB,36.L1.3060.USC3603D,069,Vô hiệu hóa,2024-02-01,2024-06-01,2024-06-01,24,permanently_inactive_outside_recent_window
MT-TNG,36.L1.3060.USC3603D,070,Vô hiệu hóa,2024-03-01,2024-03-01,2024-03-01,27,permanently_inactive_outside_recent_window
MT-TNG,36.L1.3060.USC3603D,072,Vô hiệu hóa,2024-03-01,2025-03-01,2025-03-01,15,permanently_inactive_outside_recent_window
MT-TNG,36.L1.3060.USC3603D,079,Vô hiệu hóa,2024-03-01,2024-08-01,2024-08-01,22,permanently_inactive_outside_recent_window
DNB,36.L1.3060.USC3603D,081,Vô hiệu hóa,2024-02-01,2024-11-01,2024-11-01,19,permanently_inactive_outside_recent_window
DNB,36.L1.3060.USC3603D,094,Vô hiệu hóa,2024-03-01,2025-05-01,2025-05-01,13,permanently_inactive_outside_recent_window
Chưa xác định,36.L1.3060.USC3603D,222,Vô hiệu hóa,2024-05-01,2024-05-01,2024-05-01,25,permanently_inactive_outside_recent_window
Chưa xác định,36.L1.3060.USC3603V,000,Vô hiệu hóa,2024-02-01,2025-03-01,2025-03-01,15,permanently_inactive_outside_recent_window
MT-TNG,36.L1.3060.USC3603V,059,Vô hiệu hóa,2024-02-01,2024-07-01,2024-07-01,23,permanently_inactive_outside_recent_window
DNB,36.L1.3060.USC3603V,061,Vô hiệu hóa,2024-02-01,2024-09-01,2024-09-01,21,permanently_inactive_outside_recent_window
MT-TNG,36.L1.3060.USC3603V,067,Vô hiệu hóa,2024-04-01,2024-04-01,2024-04-01,26,permanently_inactive_outside_recent_window
TNB,36.L1.3060.USC3603V,069,Vô hiệu hóa,2024-02-01,2024-05-01,2024-05-01,25,permanently_inactive_outside_recent_window
MT-TNG,36.L1.3060.USC3603V,070,Vô hiệu hóa,2024-03-01,2024-03-01,2024-03-01,27,permanently_inactive_outside_recent_window
TNB,36.L1.3060.USC3603V,073,Vô hiệu hóa,2024-02-01,2024-10-01,2024-10-01,20,permanently_inactive_outside_recent_window
DNB,36.L1.3060.USC3603V,076,Vô hiệu hóa,2024-02-01,2024-06-01,2024-06-01,24,permanently_inactive_outside_recent_window
MT-TNG,36.L1.3060.USC3603V,079,Vô hiệu hóa,2024-02-01,2024-07-01,2024-07-01,23,permanently_inactive_outside_recent_window
DNB,36.L1.3060.USC3603V,081,Vô hiệu hóa,2024-02-01,2025-04-01,2025-04-01,14,permanently_inactive_outside_recent_window
DNB,36.L1.3060.USC3603V,094,Vô hiệu hóa,2024-03-01,2025-05-01,2025-05-01,13,permanently_inactive_outside_recent_window
Chưa xác định,36.L1.3060.USC3603V,222,Vô hiệu hóa,2024-04-01,2024-06-01,2024-06-01,24,permanently_inactive_outside_recent_window
Chưa xác định,36.L1.3060.USC3604,000,Vô hiệu hóa,2024-03-01,2024-03-01,2024-03-01,27,permanently_inactive_outside_recent_window
DNB,36.L1.3060.USC3604,008,Vô hiệu hóa,2024-03-01,2025-03-01,2025-03-01,15,permanently_inactive_outside_recent_window
TNB,36.L1.3060.USC3604,011,Vô hiệu hóa,2024-03-01,2025-02-01,2025-02-01,16,permanently_inactive_outside_recent_window
DNB,36.L1.3060.USC3604,013,Vô hiệu hóa,2024-03-01,2024-10-01,2024-10-01,20,permanently_inactive_outside_recent_window
MT-TNG,36.L1.3060.USC3604,014,Vô hiệu hóa,2024-02-01,2025-03-01,2025-03-01,15,permanently_inactive_outside_recent_window
TNB,36.L1.3060.USC3604,015,Vô hiệu hóa,2024-03-01,2025-03-01,2025-03-01,15,permanently_inactive_outside_recent_window
TNB,36.L1.3060.USC3604,016,Vô hiệu hóa,2024-02-01,2024-12-01,2024-12-01,18,permanently_inactive_outside_recent_window
DNB,36.L1.3060.USC3604,022,Vô hiệu hóa,2024-03-01,2025-05-01,2025-05-01,13,permanently_inactive_outside_recent_window
TNB,36.L1.3060.USC3604,024,Vô hiệu hóa,2024-02-01,2024-09-01,2024-09-01,21,permanently_inactive_outside_recent_window
MT-TNG,36.L1.3060.USC3604,067,Vô hiệu hóa,2024-03-01,2024-04-01,2024-04-01,26,permanently_inactive_outside_recent_window
MT-TNG,36.L1.3060.USC3604,099,Vô hiệu hóa,2024-03-01,2025-02-01,2025-02-01,16,permanently_inactive_outside_recent_window
Chưa xác định,36.L1.3060.USC3604D,000,Vô hiệu hóa,2024-03-01,2024-03-01,2024-03-01,27,permanently_inactive_outside_recent_window
DNB,36.L1.3060.USC3604D,002,Vô hiệu hóa,2024-05-01,2024-06-01,2024-06-01,24,permanently_inactive_outside_recent_window
TNB,36.L1.3060.USC3604D,011,Vô hiệu hóa,2024-04-01,2025-01-01,2025-01-01,17,permanently_inactive_outside_recent_window
MT-TNG,36.L1.3060.USC3604D,012,Vô hiệu hóa,2024-03-01,2024-12-01,2024-12-01,18,permanently_inactive_outside_recent_window
MT-TNG,36.L1.3060.USC3604D,014,Vô hiệu hóa,2024-02-01,2025-02-01,2025-02-01,16,permanently_inactive_outside_recent_window
TNB,36.L1.3060.USC3604D,015,Vô hiệu hóa,2024-03-01,2025-03-01,2025-03-01,15,permanently_inactive_outside_recent_window
TNB,36.L1.3060.USC3604D,016,Vô hiệu hóa,2024-03-01,2024-09-01,2024-09-01,21,permanently_inactive_outside_recent_window
TNB,36.L1.3060.USC3604D,017,Vô hiệu hóa,2024-03-01,2024-11-01,2024-11-01,19,permanently_inactive_outside_recent_window
DNB,36.L1.3060.USC3604D,022,Vô hiệu hóa,2024-03-01,2025-05-01,2025-05-01,13,permanently_inactive_outside_recent_window
MT-TNG,36.L1.3060.USC3604D,023,Vô hiệu hóa,2024-03-01,2025-05-01,2025-05-01,13,permanently_inactive_outside_recent_window
TNB,36.L1.3060.USC3604D,024,Vô hiệu hóa,2024-03-01,2025-02-01,2025-02-01,16,permanently_inactive_outside_recent_window
MT-TNG,36.L1.3060.USC3604D,067,Vô hiệu hóa,2024-03-01,2024-05-01,2024-05-01,25,permanently_inactive_outside_recent_window
MT-TNG,36.L1.3060.USC3604D,099,Vô hiệu hóa,2024-03-01,2024-12-01,2024-12-01,18,permanently_inactive_outside_recent_window
DNB,36.L1.3060.USC3604V,008,Vô hiệu hóa,2024-03-01,2025-03-01,2025-03-01,15,permanently_inactive_outside_recent_window
TNB,36.L1.3060.USC3604V,011,Vô hiệu hóa,2024-03-01,2025-01-01,2025-01-01,17,permanently_inactive_outside_recent_window
DNB,36.L1.3060.USC3604V,013,Vô hiệu hóa,2024-03-01,2024-10-01,2024-10-01,20,permanently_inactive_outside_recent_window
MT-TNG,36.L1.3060.USC3604V,014,Vô hiệu hóa,2024-02-01,2025-02-01,2025-02-01,16,permanently_inactive_outside_recent_window
TNB,36.L1.3060.USC3604V,015,Vô hiệu hóa,2024-03-01,2025-04-01,2025-04-01,14,permanently_inactive_outside_recent_window
TNB,36.L1.3060.USC3604V,016,Vô hiệu hóa,2024-03-01,2024-12-01,2024-12-01,18,permanently_inactive_outside_recent_window
DNB,36.L1.3060.USC3604V,022,Vô hiệu hóa,2024-03-01,2024-06-01,2024-06-01,24,permanently_inactive_outside_recent_window
MT-TNG,36.L1.3060.USC3604V,023,Vô hiệu hóa,2024-03-01,2025-04-01,2025-04-01,14,permanently_inactive_outside_recent_window
TNB,36.L1.3060.USC3604V,024,Vô hiệu hóa,2024-02-01,2024-10-01,2024-10-01,20,permanently_inactive_outside_recent_window
MT-TNG,36.L1.3060.USC3604V,067,Vô hiệu hóa,2024-03-01,2024-04-01,2024-04-01,26,permanently_inactive_outside_recent_window
MT-TNG,36.L1.3060.USC3604V,099,Vô hiệu hóa,2024-03-01,2025-02-01,2025-02-01,16,permanently_inactive_outside_recent_window
Chưa xác định,36.L1.3060.USC3621,000,Vô hiệu hóa,2024-02-01,2024-12-01,2024-12-01,18,permanently_inactive_outside_recent_window
TNB,36.L1.3060.USC3621,050,Vô hiệu hóa,2024-03-01,2024-10-01,2024-10-01,20,permanently_inactive_outside_recent_window
MT-TNG,36.L1.3060.USC3621,059,Vô hiệu hóa,2024-02-01,2024-12-01,2024-12-01,18,permanently_inactive_outside_recent_window
DNB,36.L1.3060.USC3621,061,Vô hiệu hóa,2024-03-01,2024-12-01,2024-12-01,18,permanently_inactive_outside_recent_window
TNB,36.L1.3060.USC3621,063,Vô hiệu hóa,2024-03-01,2024-09-01,2024-09-01,21,permanently_inactive_outside_recent_window
TNB,36.L1.3060.USC3621,065,Vô hiệu hóa,2024-03-01,2024-12-01,2024-12-01,18,permanently_inactive_outside_recent_window
MT-TNG,36.L1.3060.USC3621,067,Vô hiệu hóa,2024-03-01,2024-06-01,2024-06-01,24,permanently_inactive_outside_recent_window
TNB,36.L1.3060.USC3621,069,Vô hiệu hóa,2024-02-01,2024-08-01,2024-08-01,22,permanently_inactive_outside_recent_window
MT-TNG,36.L1.3060.USC3621,070,Vô hiệu hóa,2024-03-01,2024-03-01,2024-03-01,27,permanently_inactive_outside_recent_window
DNB,36.L1.3060.USC3621,074,Vô hiệu hóa,2024-03-01,2024-12-01,2024-12-01,18,permanently_inactive_outside_recent_window
MT-TNG,36.L1.3060.USC3621,079,Vô hiệu hóa,2024-05-01,2025-04-01,2025-04-01,14,permanently_inactive_outside_recent_window
DNB,36.L1.3060.USC3621,081,Vô hiệu hóa,2024-03-01,2025-01-01,2025-01-01,17,permanently_inactive_outside_recent_window
Chưa xác định,36.L1.3060.USC3621,093,Vô hiệu hóa,2024-06-01,2024-06-01,2024-06-01,24,permanently_inactive_outside_recent_window
DNB,36.L1.3060.USC3621,094,Vô hiệu hóa,2024-03-01,2025-05-01,2025-05-01,13,permanently_inactive_outside_recent_window
TNB,36.L1.3060.USC3621,098,Vô hiệu hóa,2024-03-01,2025-01-01,2025-01-01,17,permanently_inactive_outside_recent_window
Chưa xác định,36.L1.3060.USC3621,222,Vô hiệu hóa,2024-04-01,2025-01-01,2025-01-01,17,permanently_inactive_outside_recent_window
Chưa xác định,36.L1.3060.USC3621D,000,Vô hiệu hóa,2024-02-01,2024-10-01,2024-10-01,20,permanently_inactive_outside_recent_window
TNB,36.L1.3060.USC3621D,050,Vô hiệu hóa,2024-03-01,2025-01-01,2025-01-01,17,permanently_inactive_outside_recent_window
MT-TNG,36.L1.3060.USC3621D,059,Vô hiệu hóa,2024-03-01,2024-10-01,2024-10-01,20,permanently_inactive_outside_recent_window
DNB,36.L1.3060.USC3621D,060,Vô hiệu hóa,2024-04-01,2025-03-01,2025-03-01,15,permanently_inactive_outside_recent_window
DNB,36.L1.3060.USC3621D,061,Vô hiệu hóa,2024-03-01,2024-12-01,2024-12-01,18,permanently_inactive_outside_recent_window
TNB,36.L1.3060.USC3621D,063,Vô hiệu hóa,2024-03-01,2024-09-01,2024-09-01,21,permanently_inactive_outside_recent_window
MT-TNG,36.L1.3060.USC3621D,064,Vô hiệu hóa,2024-02-01,2024-12-01,2024-12-01,18,permanently_inactive_outside_recent_window
TNB,36.L1.3060.USC3621D,065,Vô hiệu hóa,2024-03-01,2024-10-01,2024-10-01,20,permanently_inactive_outside_recent_window
MT-TNG,36.L1.3060.USC3621D,067,Vô hiệu hóa,2024-03-01,2024-06-01,2024-06-01,24,permanently_inactive_outside_recent_window
TNB,36.L1.3060.USC3621D,069,Vô hiệu hóa,2024-02-01,2024-10-01,2024-10-01,20,permanently_inactive_outside_recent_window
MT-TNG,36.L1.3060.USC3621D,070,Vô hiệu hóa,2024-03-01,2024-03-01,2024-03-01,27,permanently_inactive_outside_recent_window
MT-TNG,36.L1.3060.USC3621D,071,Vô hiệu hóa,2024-02-01,2025-01-01,2025-01-01,17,permanently_inactive_outside_recent_window
MT-TNG,36.L1.3060.USC3621D,072,Vô hiệu hóa,2024-02-01,2025-03-01,2025-03-01,15,permanently_inactive_outside_recent_window
DNB,36.L1.3060.USC3621D,074,Vô hiệu hóa,2024-03-01,2024-12-01,2024-12-01,18,permanently_inactive_outside_recent_window
DNB,36.L1.3060.USC3621D,076,Vô hiệu hóa,2024-03-01,2024-11-01,2024-11-01,19,permanently_inactive_outside_recent_window
MT-TNG,36.L1.3060.USC3621D,079,Vô hiệu hóa,2024-05-01,2024-12-01,2024-12-01,18,permanently_inactive_outside_recent_window
DNB,36.L1.3060.USC3621D,081,Vô hiệu hóa,2024-03-01,2024-12-01,2024-12-01,18,permanently_inactive_outside_recent_window
Chưa xác định,36.L1.3060.USC3621D,093,Vô hiệu hóa,2024-06-01,2024-06-01,2024-06-01,24,permanently_inactive_outside_recent_window
DNB,36.L1.3060.USC3621D,094,Vô hiệu hóa,2024-03-01,2024-10-01,2024-10-01,20,permanently_inactive_outside_recent_window
TNB,36.L1.3060.USC3621D,098,Vô hiệu hóa,2024-03-01,2024-10-01,2024-10-01,20,permanently_inactive_outside_recent_window
Chưa xác định,36.L1.3060.USC3621D,222,Vô hiệu hóa,2024-04-01,2024-12-01,2024-12-01,18,permanently_inactive_outside_recent_window
Chưa xác định,36.L1.3060.USC3622,000,Vô hiệu hóa,2024-02-01,2025-01-01,2025-01-01,17,permanently_inactive_outside_recent_window
TNB,36.L1.3060.USC3622,050,Vô hiệu hóa,2024-03-01,2024-10-01,2024-10-01,20,permanently_inactive_outside_recent_window
MT-TNG,36.L1.3060.USC3622,059,Vô hiệu hóa,2024-02-01,2025-01-01,2025-01-01,17,permanently_inactive_outside_recent_window
DNB,36.L1.3060.USC3622,061,Vô hiệu hóa,2024-03-01,2024-12-01,2024-12-01,18,permanently_inactive_outside_recent_window
TNB,36.L1.3060.USC3622,063,Vô hiệu hóa,2024-03-01,2024-09-01,2024-09-01,21,permanently_inactive_outside_recent_window
TNB,36.L1.3060.USC3622,065,Vô hiệu hóa,2024-03-01,2024-12-01,2024-12-01,18,permanently_inactive_outside_recent_window
MT-TNG,36.L1.3060.USC3622,067,Vô hiệu hóa,2024-03-01,2024-06-01,2024-06-01,24,permanently_inactive_outside_recent_window
TNB,36.L1.3060.USC3622,069,Vô hiệu hóa,2024-02-01,2024-10-01,2024-10-01,20,permanently_inactive_outside_recent_window
MT-TNG,36.L1.3060.USC3622,070,Vô hiệu hóa,2024-03-01,2024-03-01,2024-03-01,27,permanently_inactive_outside_recent_window
MT-TNG,36.L1.3060.USC3622,071,Vô hiệu hóa,2024-02-01,2025-01-01,2025-01-01,17,permanently_inactive_outside_recent_window
TNB,36.L1.3060.USC3622,073,Vô hiệu hóa,2024-03-01,2025-01-01,2025-01-01,17,permanently_inactive_outside_recent_window
DNB,36.L1.3060.USC3622,074,Vô hiệu hóa,2024-03-01,2025-02-01,2025-02-01,16,permanently_inactive_outside_recent_window
DNB,36.L1.3060.USC3622,076,Vô hiệu hóa,2024-02-01,2024-12-01,2024-12-01,18,permanently_inactive_outside_recent_window
MT-TNG,36.L1.3060.USC3622,079,Vô hiệu hóa,2024-05-01,2025-04-01,2025-04-01,14,permanently_inactive_outside_recent_window
DNB,36.L1.3060.USC3622,081,Vô hiệu hóa,2024-03-01,2025-01-01,2025-01-01,17,permanently_inactive_outside_recent_window
Chưa xác định,36.L1.3060.USC3622,093,Vô hiệu hóa,2024-06-01,2024-06-01,2024-06-01,24,permanently_inactive_outside_recent_window
DNB,36.L1.3060.USC3622,094,Vô hiệu hóa,2024-03-01,2025-05-01,2025-05-01,13,permanently_inactive_outside_recent_window
TNB,36.L1.3060.USC3622,098,Vô hiệu hóa,2024-03-01,2025-04-01,2025-04-01,14,permanently_inactive_outside_recent_window
Chưa xác định,36.L1.3060.USC3622,222,Vô hiệu hóa,2024-04-01,2025-01-01,2025-01-01,17,permanently_inactive_outside_recent_window
Chưa xác định,36.L1.3060.USC3623,000,Vô hiệu hóa,2024-02-01,2024-09-01,2024-09-01,21,permanently_inactive_outside_recent_window
TNB,36.L1.3060.USC3623,050,Vô hiệu hóa,2024-02-01,2025-05-01,2025-05-01,13,permanently_inactive_outside_recent_window
DNB,36.L1.3060.USC3623,060,Vô hiệu hóa,2024-03-01,2025-01-01,2025-01-01,17,permanently_inactive_outside_recent_window
DNB,36.L1.3060.USC3623,061,Vô hiệu hóa,2024-04-01,2024-12-01,2024-12-01,18,permanently_inactive_outside_recent_window
TNB,36.L1.3060.USC3623,063,Vô hiệu hóa,2024-03-01,2025-05-01,2025-05-01,13,permanently_inactive_outside_recent_window
TNB,36.L1.3060.USC3623,065,Vô hiệu hóa,2024-03-01,2025-05-01,2025-05-01,13,permanently_inactive_outside_recent_window
MT-TNG,36.L1.3060.USC3623,071,Vô hiệu hóa,2024-03-01,2025-04-01,2025-04-01,14,permanently_inactive_outside_recent_window
DNB,36.L1.3060.USC3623,074,Vô hiệu hóa,2024-04-01,2025-04-01,2025-04-01,14,permanently_inactive_outside_recent_window
MT-TNG,36.L1.3060.USC3623,079,Vô hiệu hóa,2024-04-01,2025-04-01,2025-04-01,14,permanently_inactive_outside_recent_window
DNB,36.L1.3060.USC3623,081,Vô hiệu hóa,2024-04-01,2024-12-01,2024-12-01,18,permanently_inactive_outside_recent_window
DNB,36.L1.3060.USC3623,094,Vô hiệu hóa,2024-05-01,2025-05-01,2025-05-01,13,permanently_inactive_outside_recent_window
Chưa xác định,36.L1.3060.USC3623,222,Vô hiệu hóa,2024-05-01,2025-04-01,2025-04-01,14,permanently_inactive_outside_recent_window
Chưa xác định,36.L1.3060.USC3623D,000,Vô hiệu hóa,2024-02-01,2024-11-01,2024-11-01,19,permanently_inactive_outside_recent_window
TNB,36.L1.3060.USC3623D,050,Vô hiệu hóa,2024-02-01,2025-02-01,2025-02-01,16,permanently_inactive_outside_recent_window
DNB,36.L1.3060.USC3623D,060,Vô hiệu hóa,2024-04-01,2024-12-01,2024-12-01,18,permanently_inactive_outside_recent_window
DNB,36.L1.3060.USC3623D,061,Vô hiệu hóa,2024-04-01,2024-12-01,2024-12-01,18,permanently_inactive_outside_recent_window
TNB,36.L1.3060.USC3623D,063,Vô hiệu hóa,2024-03-01,2025-05-01,2025-05-01,13,permanently_inactive_outside_recent_window
TNB,36.L1.3060.USC3623D,065,Vô hiệu hóa,2024-03-01,2025-04-01,2025-04-01,14,permanently_inactive_outside_recent_window
TNB,36.L1.3060.USC3623D,069,Vô hiệu hóa,2024-02-01,2024-12-01,2024-12-01,18,permanently_inactive_outside_recent_window
MT-TNG,36.L1.3060.USC3623D,071,Vô hiệu hóa,2024-03-01,2025-04-01,2025-04-01,14,permanently_inactive_outside_recent_window
MT-TNG,36.L1.3060.USC3623D,072,Vô hiệu hóa,2024-08-01,2024-11-01,2024-11-01,19,permanently_inactive_outside_recent_window
DNB,36.L1.3060.USC3623D,074,Vô hiệu hóa,2024-04-01,2025-02-01,2025-02-01,16,permanently_inactive_outside_recent_window
DNB,36.L1.3060.USC3623D,076,Vô hiệu hóa,2024-03-01,2024-09-01,2024-09-01,21,permanently_inactive_outside_recent_window
MT-TNG,36.L1.3060.USC3623D,079,Vô hiệu hóa,2024-04-01,2025-04-01,2025-04-01,14,permanently_inactive_outside_recent_window
DNB,36.L1.3060.USC3623D,081,Vô hiệu hóa,2024-04-01,2024-12-01,2024-12-01,18,permanently_inactive_outside_recent_window
DNB,36.L1.3060.USC3623D,094,Vô hiệu hóa,2024-05-01,2025-05-01,2025-05-01,13,permanently_inactive_outside_recent_window
TNB,36.L1.3060.USC3623D,098,Vô hiệu hóa,2024-05-01,2024-09-01,2024-09-01,21,permanently_inactive_outside_recent_window
Chưa xác định,36.L1.3060.USC3623D,222,Vô hiệu hóa,2024-06-01,2024-12-01,2024-12-01,18,permanently_inactive_outside_recent_window
Chưa xác định,36.L1.3060.USC3624,000,Vô hiệu hóa,2024-02-01,2024-12-01,2024-12-01,18,permanently_inactive_outside_recent_window
TNB,36.L1.3060.USC3624,050,Vô hiệu hóa,2024-02-01,2025-05-01,2025-05-01,13,permanently_inactive_outside_recent_window
DNB,36.L1.3060.USC3624,060,Vô hiệu hóa,2024-03-01,2024-12-01,2024-12-01,18,permanently_inactive_outside_recent_window
DNB,36.L1.3060.USC3624,061,Vô hiệu hóa,2024-04-01,2025-01-01,2025-01-01,17,permanently_inactive_outside_recent_window
TNB,36.L1.3060.USC3624,065,Vô hiệu hóa,2024-03-01,2025-05-01,2025-05-01,13,permanently_inactive_outside_recent_window
TNB,36.L1.3060.USC3624,069,Vô hiệu hóa,2024-02-01,2024-12-01,2024-12-01,18,permanently_inactive_outside_recent_window
MT-TNG,36.L1.3060.USC3624,072,Vô hiệu hóa,2024-04-01,2025-05-01,2025-05-01,13,permanently_inactive_outside_recent_window
DNB,36.L1.3060.USC3624,074,Vô hiệu hóa,2024-03-01,2025-03-01,2025-03-01,15,permanently_inactive_outside_recent_window
DNB,36.L1.3060.USC3624,076,Vô hiệu hóa,2024-03-01,2024-12-01,2024-12-01,18,permanently_inactive_outside_recent_window
MT-TNG,36.L1.3060.USC3624,079,Vô hiệu hóa,2024-03-01,2025-04-01,2025-04-01,14,permanently_inactive_outside_recent_window
DNB,36.L1.3060.USC3624,081,Vô hiệu hóa,2024-04-01,2025-02-01,2025-02-01,16,permanently_inactive_outside_recent_window
DNB,36.L1.3060.USC3624,094,Vô hiệu hóa,2024-04-01,2025-05-01,2025-05-01,13,permanently_inactive_outside_recent_window
TNB,36.L1.3060.USC3624,098,Vô hiệu hóa,2024-04-01,2025-02-01,2025-02-01,16,permanently_inactive_outside_recent_window
Chưa xác định,36.L1.3060.USC3624,222,Vô hiệu hóa,2024-04-01,2025-01-01,2025-01-01,17,permanently_inactive_outside_recent_window
Chưa xác định,36.L1.3060.USC3625,000,Vô hiệu hóa,2024-01-01,2024-10-01,2024-10-01,20,permanently_inactive_outside_recent_window
MT-TNG,36.L1.3060.USC3625,059,Vô hiệu hóa,2024-02-01,2024-12-01,2024-12-01,18,permanently_inactive_outside_recent_window
DNB,36.L1.3060.USC3625,060,Vô hiệu hóa,2024-03-01,2024-10-01,2024-10-01,20,permanently_inactive_outside_recent_window
MT-TNG,36.L1.3060.USC3625,067,Vô hiệu hóa,2024-03-01,2024-05-01,2024-05-01,25,permanently_inactive_outside_recent_window
TNB,36.L1.3060.USC3625,069,Vô hiệu hóa,2024-02-01,2024-09-01,2024-09-01,21,permanently_inactive_outside_recent_window
MT-TNG,36.L1.3060.USC3625,070,Vô hiệu hóa,2024-03-01,2024-03-01,2024-03-01,27,permanently_inactive_outside_recent_window
MT-TNG,36.L1.3060.USC3625,072,Vô hiệu hóa,2024-02-01,2025-05-01,2025-05-01,13,permanently_inactive_outside_recent_window
DNB,36.L1.3060.USC3625,076,Vô hiệu hóa,2024-02-01,2025-05-01,2025-05-01,13,permanently_inactive_outside_recent_window
MT-TNG,36.L1.3060.USC3625,079,Vô hiệu hóa,2024-03-01,2025-04-01,2025-04-01,14,permanently_inactive_outside_recent_window
DNB,36.L1.3060.USC3625,081,Vô hiệu hóa,2024-03-01,2024-12-01,2024-12-01,18,permanently_inactive_outside_recent_window
Chưa xác định,36.L1.3060.USC3625,093,Vô hiệu hóa,2024-06-01,2024-08-01,2024-08-01,22,permanently_inactive_outside_recent_window
DNB,36.L1.3060.USC3625,094,Vô hiệu hóa,2024-04-01,2024-10-01,2024-10-01,20,permanently_inactive_outside_recent_window
TNB,36.L1.3060.USC3625,098,Vô hiệu hóa,2024-07-01,2025-02-01,2025-02-01,16,permanently_inactive_outside_recent_window
MT-TNG,36.L1.3060.USC3625,123,Vô hiệu hóa,2025-05-01,2025-05-01,2025-05-01,13,permanently_inactive_outside_recent_window
Chưa xác định,36.L1.3060.USC3625,222,Vô hiệu hóa,2024-04-01,2024-09-01,2024-09-01,21,permanently_inactive_outside_recent_window
Chưa xác định,36.L1.3060.USC3625D,000,Vô hiệu hóa,2024-01-01,2024-12-01,2024-12-01,18,permanently_inactive_outside_recent_window
MT-TNG,36.L1.3060.USC3625D,059,Vô hiệu hóa,2024-02-01,2025-01-01,2025-01-01,17,permanently_inactive_outside_recent_window
DNB,36.L1.3060.USC3625D,060,Vô hiệu hóa,2024-03-01,2024-10-01,2024-10-01,20,permanently_inactive_outside_recent_window
DNB,36.L1.3060.USC3625D,061,Vô hiệu hóa,2024-03-01,2024-11-01,2024-11-01,19,permanently_inactive_outside_recent_window
MT-TNG,36.L1.3060.USC3625D,064,Vô hiệu hóa,2024-03-01,2024-12-01,2024-12-01,18,permanently_inactive_outside_recent_window
TNB,36.L1.3060.USC3625D,065,Vô hiệu hóa,2024-03-01,2024-12-01,2024-12-01,18,permanently_inactive_outside_recent_window
MT-TNG,36.L1.3060.USC3625D,067,Vô hiệu hóa,2024-03-01,2024-05-01,2024-05-01,25,permanently_inactive_outside_recent_window
TNB,36.L1.3060.USC3625D,069,Vô hiệu hóa,2024-02-01,2024-09-01,2024-09-01,21,permanently_inactive_outside_recent_window
MT-TNG,36.L1.3060.USC3625D,070,Vô hiệu hóa,2024-03-01,2024-03-01,2024-03-01,27,permanently_inactive_outside_recent_window
MT-TNG,36.L1.3060.USC3625D,072,Vô hiệu hóa,2024-02-01,2025-05-01,2025-05-01,13,permanently_inactive_outside_recent_window
DNB,36.L1.3060.USC3625D,074,Vô hiệu hóa,2024-05-01,2024-11-01,2024-11-01,19,permanently_inactive_outside_recent_window
DNB,36.L1.3060.USC3625D,076,Vô hiệu hóa,2024-03-01,2024-12-01,2024-12-01,18,permanently_inactive_outside_recent_window
MT-TNG,36.L1.3060.USC3625D,079,Vô hiệu hóa,2024-03-01,2025-03-01,2025-03-01,15,permanently_inactive_outside_recent_window
DNB,36.L1.3060.USC3625D,081,Vô hiệu hóa,2024-04-01,2024-12-01,2024-12-01,18,permanently_inactive_outside_recent_window
Chưa xác định,36.L1.3060.USC3625D,093,Vô hiệu hóa,2024-06-01,2024-08-01,2024-08-01,22,permanently_inactive_outside_recent_window
DNB,36.L1.3060.USC3625D,094,Vô hiệu hóa,2024-04-01,2024-10-01,2024-10-01,20,permanently_inactive_outside_recent_window
TNB,36.L1.3060.USC3625D,098,Vô hiệu hóa,2024-07-01,2024-07-01,2024-07-01,23,permanently_inactive_outside_recent_window
Chưa xác định,36.L1.3060.USC3625D,222,Vô hiệu hóa,2024-03-01,2024-11-01,2024-11-01,19,permanently_inactive_outside_recent_window
Chưa xác định,36.L1.3060.USC3626,000,Vô hiệu hóa,2024-01-01,2024-12-01,2024-12-01,18,permanently_inactive_outside_recent_window
MT-TNG,36.L1.3060.USC3626,059,Vô hiệu hóa,2024-02-01,2024-09-01,2024-09-01,21,permanently_inactive_outside_recent_window
DNB,36.L1.3060.USC3626,060,Vô hiệu hóa,2024-03-01,2024-09-01,2024-09-01,21,permanently_inactive_outside_recent_window
TNB,36.L1.3060.USC3626,065,Vô hiệu hóa,2024-03-01,2025-05-01,2025-05-01,13,permanently_inactive_outside_recent_window
MT-TNG,36.L1.3060.USC3626,067,Vô hiệu hóa,2024-03-01,2024-05-01,2024-05-01,25,permanently_inactive_outside_recent_window
TNB,36.L1.3060.USC3626,069,Vô hiệu hóa,2024-02-01,2024-09-01,2024-09-01,21,permanently_inactive_outside_recent_window
MT-TNG,36.L1.3060.USC3626,070,Vô hiệu hóa,2024-03-01,2024-03-01,2024-03-01,27,permanently_inactive_outside_recent_window
MT-TNG,36.L1.3060.USC3626,072,Vô hiệu hóa,2024-02-01,2025-05-01,2025-05-01,13,permanently_inactive_outside_recent_window
DNB,36.L1.3060.USC3626,074,Vô hiệu hóa,2024-03-01,2024-12-01,2024-12-01,18,permanently_inactive_outside_recent_window
DNB,36.L1.3060.USC3626,076,Vô hiệu hóa,2024-02-01,2024-11-01,2024-11-01,19,permanently_inactive_outside_recent_window
MT-TNG,36.L1.3060.USC3626,079,Vô hiệu hóa,2024-03-01,2025-02-01,2025-02-01,16,permanently_inactive_outside_recent_window
DNB,36.L1.3060.USC3626,081,Vô hiệu hóa,2024-03-01,2024-12-01,2024-12-01,18,permanently_inactive_outside_recent_window
Chưa xác định,36.L1.3060.USC3626,093,Vô hiệu hóa,2024-06-01,2024-07-01,2024-07-01,23,permanently_inactive_outside_recent_window
DNB,36.L1.3060.USC3626,094,Vô hiệu hóa,2024-04-01,2024-10-01,2024-10-01,20,permanently_inactive_outside_recent_window
TNB,36.L1.3060.USC3626,098,Vô hiệu hóa,2024-07-01,2024-07-01,2024-07-01,23,permanently_inactive_outside_recent_window
Chưa xác định,36.L1.3060.USC3626,222,Vô hiệu hóa,2024-03-01,2024-12-01,2024-12-01,18,permanently_inactive_outside_recent_window
Chưa xác định,36.L1.3060.USC3627,000,Vô hiệu hóa,2024-01-01,2025-04-01,2025-04-01,14,permanently_inactive_outside_recent_window
TNB,36.L1.3060.USC3627,050,Vô hiệu hóa,2024-03-01,2025-01-01,2025-01-01,17,permanently_inactive_outside_recent_window
MT-TNG,36.L1.3060.USC3627,059,Vô hiệu hóa,2024-06-01,2025-03-01,2025-03-01,15,permanently_inactive_outside_recent_window
DNB,36.L1.3060.USC3627,060,Vô hiệu hóa,2024-03-01,2024-11-01,2024-11-01,19,permanently_inactive_outside_recent_window
DNB,36.L1.3060.USC3627,061,Vô hiệu hóa,2024-04-01,2024-12-01,2024-12-01,18,permanently_inactive_outside_recent_window
TNB,36.L1.3060.USC3627,065,Vô hiệu hóa,2024-03-01,2025-01-01,2025-01-01,17,permanently_inactive_outside_recent_window
DNB,36.L1.3060.USC3627,068,Vô hiệu hóa,2025-05-01,2025-05-01,2025-05-01,13,permanently_inactive_outside_recent_window
TNB,36.L1.3060.USC3627,069,Vô hiệu hóa,2024-02-01,2024-11-01,2024-11-01,19,permanently_inactive_outside_recent_window
DNB,36.L1.3060.USC3627,081,Vô hiệu hóa,2024-03-01,2025-04-01,2025-04-01,14,permanently_inactive_outside_recent_window
Chưa xác định,36.L1.3060.USC3627,093,Vô hiệu hóa,2024-06-01,2024-08-01,2024-08-01,22,permanently_inactive_outside_recent_window
DNB,36.L1.3060.USC3627,094,Vô hiệu hóa,2024-03-01,2025-05-01,2025-05-01,13,permanently_inactive_outside_recent_window
TNB,36.L1.3060.USC3627,098,Vô hiệu hóa,2024-03-01,2025-02-01,2025-02-01,16,permanently_inactive_outside_recent_window
Chưa xác định,36.L1.3060.USC3627,222,Vô hiệu hóa,2024-05-01,2024-10-01,2024-10-01,20,permanently_inactive_outside_recent_window
Chưa xác định,36.L1.3060.USC3627D,000,Vô hiệu hóa,2024-01-01,2024-12-01,2024-12-01,18,permanently_inactive_outside_recent_window
TNB,36.L1.3060.USC3627D,050,Vô hiệu hóa,2024-03-01,2024-12-01,2024-12-01,18,permanently_inactive_outside_recent_window
MT-TNG,36.L1.3060.USC3627D,059,Vô hiệu hóa,2024-06-01,2025-03-01,2025-03-01,15,permanently_inactive_outside_recent_window
DNB,36.L1.3060.USC3627D,060,Vô hiệu hóa,2024-03-01,2024-11-01,2024-11-01,19,permanently_inactive_outside_recent_window
DNB,36.L1.3060.USC3627D,061,Vô hiệu hóa,2024-03-01,2025-01-01,2025-01-01,17,permanently_inactive_outside_recent_window
TNB,36.L1.3060.USC3627D,063,Vô hiệu hóa,2024-04-01,2025-01-01,2025-01-01,17,permanently_inactive_outside_recent_window
MT-TNG,36.L1.3060.USC3627D,064,Vô hiệu hóa,2024-03-01,2024-11-01,2024-11-01,19,permanently_inactive_outside_recent_window
TNB,36.L1.3060.USC3627D,065,Vô hiệu hóa,2024-03-01,2025-01-01,2025-01-01,17,permanently_inactive_outside_recent_window
MT-TNG,36.L1.3060.USC3627D,072,Vô hiệu hóa,2024-03-01,2025-02-01,2025-02-01,16,permanently_inactive_outside_recent_window
DNB,36.L1.3060.USC3627D,074,Vô hiệu hóa,2024-05-01,2025-02-01,2025-02-01,16,permanently_inactive_outside_recent_window
DNB,36.L1.3060.USC3627D,076,Vô hiệu hóa,2024-03-01,2025-03-01,2025-03-01,15,permanently_inactive_outside_recent_window
DNB,36.L1.3060.USC3627D,081,Vô hiệu hóa,2024-03-01,2024-12-01,2024-12-01,18,permanently_inactive_outside_recent_window
Chưa xác định,36.L1.3060.USC3627D,093,Vô hiệu hóa,2024-06-01,2024-07-01,2024-07-01,23,permanently_inactive_outside_recent_window
DNB,36.L1.3060.USC3627D,094,Vô hiệu hóa,2024-03-01,2024-11-01,2024-11-01,19,permanently_inactive_outside_recent_window
TNB,36.L1.3060.USC3627D,098,Vô hiệu hóa,2024-03-01,2025-02-01,2025-02-01,16,permanently_inactive_outside_recent_window
Chưa xác định,36.L1.3060.USC3627D,222,Vô hiệu hóa,2024-05-01,2024-11-01,2024-11-01,19,permanently_inactive_outside_recent_window
Chưa xác định,36.L1.3060.USC3628,000,Vô hiệu hóa,2024-01-01,2025-01-01,2025-01-01,17,permanently_inactive_outside_recent_window
TNB,36.L1.3060.USC3628,050,Vô hiệu hóa,2024-03-01,2025-01-01,2025-01-01,17,permanently_inactive_outside_recent_window
MT-TNG,36.L1.3060.USC3628,059,Vô hiệu hóa,2024-06-01,2024-11-01,2024-11-01,19,permanently_inactive_outside_recent_window
DNB,36.L1.3060.USC3628,060,Vô hiệu hóa,2024-03-01,2024-11-01,2024-11-01,19,permanently_inactive_outside_recent_window
DNB,36.L1.3060.USC3628,061,Vô hiệu hóa,2024-03-01,2025-01-01,2025-01-01,17,permanently_inactive_outside_recent_window
TNB,36.L1.3060.USC3628,065,Vô hiệu hóa,2024-03-01,2025-01-01,2025-01-01,17,permanently_inactive_outside_recent_window
TNB,36.L1.3060.USC3628,069,Vô hiệu hóa,2024-02-01,2024-12-01,2024-12-01,18,permanently_inactive_outside_recent_window
MT-TNG,36.L1.3060.USC3628,072,Vô hiệu hóa,2024-03-01,2025-04-01,2025-04-01,14,permanently_inactive_outside_recent_window
DNB,36.L1.3060.USC3628,074,Vô hiệu hóa,2024-05-01,2024-10-01,2024-10-01,20,permanently_inactive_outside_recent_window
DNB,36.L1.3060.USC3628,076,Vô hiệu hóa,2024-03-01,2025-03-01,2025-03-01,15,permanently_inactive_outside_recent_window
DNB,36.L1.3060.USC3628,081,Vô hiệu hóa,2024-03-01,2024-12-01,2024-12-01,18,permanently_inactive_outside_recent_window
Chưa xác định,36.L1.3060.USC3628,093,Vô hiệu hóa,2024-06-01,2024-09-01,2024-09-01,21,permanently_inactive_outside_recent_window
DNB,36.L1.3060.USC3628,094,Vô hiệu hóa,2024-03-01,2024-12-01,2024-12-01,18,permanently_inactive_outside_recent_window
TNB,36.L1.3060.USC3628,098,Vô hiệu hóa,2024-03-01,2025-02-01,2025-02-01,16,permanently_inactive_outside_recent_window
Chưa xác định,36.L1.3060.USC3628,222,Vô hiệu hóa,2024-05-01,2024-11-01,2024-11-01,19,permanently_inactive_outside_recent_window
Chưa xác định,36.L1.3060.USC3629,000,Vô hiệu hóa,2024-01-01,2025-04-01,2025-04-01,14,permanently_inactive_outside_recent_window
TNB,36.L1.3060.USC3629,050,Vô hiệu hóa,2024-03-01,2025-01-01,2025-01-01,17,permanently_inactive_outside_recent_window
DNB,36.L1.3060.USC3629,061,Vô hiệu hóa,2024-02-01,2025-04-01,2025-04-01,14,permanently_inactive_outside_recent_window
TNB,36.L1.3060.USC3629,063,Vô hiệu hóa,2024-03-01,2025-05-01,2025-05-01,13,permanently_inactive_outside_recent_window
MT-TNG,36.L1.3060.USC3629,067,Vô hiệu hóa,2024-04-01,2024-04-01,2024-04-01,26,permanently_inactive_outside_recent_window
TNB,36.L1.3060.USC3629,069,Vô hiệu hóa,2024-02-01,2024-12-01,2024-12-01,18,permanently_inactive_outside_recent_window
DNB,36.L1.3060.USC3629,074,Vô hiệu hóa,2024-03-01,2024-11-01,2024-11-01,19,permanently_inactive_outside_recent_window
MT-TNG,36.L1.3060.USC3629,079,Vô hiệu hóa,2024-04-01,2025-04-01,2025-04-01,14,permanently_inactive_outside_recent_window
DNB,36.L1.3060.USC3629,081,Vô hiệu hóa,2024-03-01,2025-04-01,2025-04-01,14,permanently_inactive_outside_recent_window
Chưa xác định,36.L1.3060.USC3629,093,Vô hiệu hóa,2024-05-01,2024-05-01,2024-05-01,25,permanently_inactive_outside_recent_window
DNB,36.L1.3060.USC3629,094,Vô hiệu hóa,2024-03-01,2025-05-01,2025-05-01,13,permanently_inactive_outside_recent_window
Chưa xác định,36.L1.3060.USC3629,222,Vô hiệu hóa,2024-06-01,2024-06-01,2024-06-01,24,permanently_inactive_outside_recent_window
Chưa xác định,36.L1.3060.USC3629D,000,Vô hiệu hóa,2024-01-01,2025-03-01,2025-03-01,15,permanently_inactive_outside_recent_window
TNB,36.L1.3060.USC3629D,050,Vô hiệu hóa,2024-03-01,2025-05-01,2025-05-01,13,permanently_inactive_outside_recent_window
MT-TNG,36.L1.3060.USC3629D,059,Vô hiệu hóa,2024-05-01,2024-05-01,2024-05-01,25,permanently_inactive_outside_recent_window
DNB,36.L1.3060.USC3629D,061,Vô hiệu hóa,2024-02-01,2025-04-01,2025-04-01,14,permanently_inactive_outside_recent_window
TNB,36.L1.3060.USC3629D,063,Vô hiệu hóa,2024-03-01,2025-05-01,2025-05-01,13,permanently_inactive_outside_recent_window
MT-TNG,36.L1.3060.USC3629D,067,Vô hiệu hóa,2024-04-01,2024-04-01,2024-04-01,26,permanently_inactive_outside_recent_window
TNB,36.L1.3060.USC3629D,069,Vô hiệu hóa,2024-02-01,2024-12-01,2024-12-01,18,permanently_inactive_outside_recent_window
DNB,36.L1.3060.USC3629D,074,Vô hiệu hóa,2024-03-01,2024-11-01,2024-11-01,19,permanently_inactive_outside_recent_window
DNB,36.L1.3060.USC3629D,076,Vô hiệu hóa,2024-03-01,2024-12-01,2024-12-01,18,permanently_inactive_outside_recent_window
MT-TNG,36.L1.3060.USC3629D,079,Vô hiệu hóa,2024-04-01,2025-04-01,2025-04-01,14,permanently_inactive_outside_recent_window
DNB,36.L1.3060.USC3629D,081,Vô hiệu hóa,2024-03-01,2024-12-01,2024-12-01,18,permanently_inactive_outside_recent_window
Chưa xác định,36.L1.3060.USC3629D,093,Vô hiệu hóa,2024-05-01,2024-07-01,2024-07-01,23,permanently_inactive_outside_recent_window
DNB,36.L1.3060.USC3629D,094,Vô hiệu hóa,2024-03-01,2025-05-01,2025-05-01,13,permanently_inactive_outside_recent_window
TNB,36.L1.3060.USC3629D,098,Vô hiệu hóa,2024-06-01,2025-05-01,2025-05-01,13,permanently_inactive_outside_recent_window
Chưa xác định,36.L1.3060.USC3629D,222,Vô hiệu hóa,2024-04-01,2024-11-01,2024-11-01,19,permanently_inactive_outside_recent_window
Chưa xác định,36.L1.3060.USC3630,000,Vô hiệu hóa,2024-01-01,2024-12-01,2024-12-01,18,permanently_inactive_outside_recent_window
TNB,36.L1.3060.USC3630,050,Vô hiệu hóa,2024-03-01,2024-12-01,2024-12-01,18,permanently_inactive_outside_recent_window
DNB,36.L1.3060.USC3630,060,Vô hiệu hóa,2024-03-01,2025-03-01,2025-03-01,15,permanently_inactive_outside_recent_window
DNB,36.L1.3060.USC3630,061,Vô hiệu hóa,2024-02-01,2024-10-01,2024-10-01,20,permanently_inactive_outside_recent_window
TNB,36.L1.3060.USC3630,063,Vô hiệu hóa,2024-03-01,2024-12-01,2024-12-01,18,permanently_inactive_outside_recent_window
TNB,36.L1.3060.USC3630,065,Vô hiệu hóa,2024-03-01,2025-01-01,2025-01-01,17,permanently_inactive_outside_recent_window
MT-TNG,36.L1.3060.USC3630,067,Vô hiệu hóa,2024-04-01,2024-05-01,2024-05-01,25,permanently_inactive_outside_recent_window
TNB,36.L1.3060.USC3630,069,Vô hiệu hóa,2024-02-01,2024-12-01,2024-12-01,18,permanently_inactive_outside_recent_window
MT-TNG,36.L1.3060.USC3630,070,Vô hiệu hóa,2024-03-01,2024-03-01,2024-03-01,27,permanently_inactive_outside_recent_window
MT-TNG,36.L1.3060.USC3630,072,Vô hiệu hóa,2024-02-01,2024-11-01,2024-11-01,19,permanently_inactive_outside_recent_window
DNB,36.L1.3060.USC3630,074,Vô hiệu hóa,2024-03-01,2024-11-01,2024-11-01,19,permanently_inactive_outside_recent_window
MT-TNG,36.L1.3060.USC3630,079,Vô hiệu hóa,2024-04-01,2024-11-01,2024-11-01,19,permanently_inactive_outside_recent_window
DNB,36.L1.3060.USC3630,081,Vô hiệu hóa,2024-03-01,2024-12-01,2024-12-01,18,permanently_inactive_outside_recent_window
Chưa xác định,36.L1.3060.USC3630,093,Vô hiệu hóa,2024-05-01,2024-05-01,2024-05-01,25,permanently_inactive_outside_recent_window
DNB,36.L1.3060.USC3630,094,Vô hiệu hóa,2024-03-01,2024-12-01,2024-12-01,18,permanently_inactive_outside_recent_window
TNB,36.L1.3060.USC3630,098,Vô hiệu hóa,2024-04-01,2025-04-01,2025-04-01,14,permanently_inactive_outside_recent_window
Chưa xác định,36.L1.3060.USC3630,222,Vô hiệu hóa,2024-03-01,2024-10-01,2024-10-01,20,permanently_inactive_outside_recent_window
Chưa xác định,36.L1.3060.USC3631,000,Vô hiệu hóa,2024-03-01,2024-05-01,2024-05-01,25,permanently_inactive_outside_recent_window
MT-TNG,36.L1.3060.USC3631,001,Vô hiệu hóa,2024-05-01,2024-12-01,2024-12-01,18,permanently_inactive_outside_recent_window
DNB,36.L1.3060.USC3631,008,Vô hiệu hóa,2024-03-01,2024-11-01,2024-11-01,19,permanently_inactive_outside_recent_window
DNB,36.L1.3060.USC3631,010,Vô hiệu hóa,2024-03-01,2024-11-01,2024-11-01,19,permanently_inactive_outside_recent_window
MT-TNG,36.L1.3060.USC3631,012,Vô hiệu hóa,2024-03-01,2024-12-01,2024-12-01,18,permanently_inactive_outside_recent_window
MT-TNG,36.L1.3060.USC3631,014,Vô hiệu hóa,2024-03-01,2025-01-01,2025-01-01,17,permanently_inactive_outside_recent_window
TNB,36.L1.3060.USC3631,015,Vô hiệu hóa,2024-02-01,2024-10-01,2024-10-01,20,permanently_inactive_outside_recent_window
TNB,36.L1.3060.USC3631,016,Vô hiệu hóa,2024-02-01,2024-11-01,2024-11-01,19,permanently_inactive_outside_recent_window
TNB,36.L1.3060.USC3631,018,Vô hiệu hóa,2024-02-01,2024-12-01,2024-12-01,18,permanently_inactive_outside_recent_window
DNB,36.L1.3060.USC3631,022,Vô hiệu hóa,2024-03-01,2024-11-01,2024-11-01,19,permanently_inactive_outside_recent_window
MT-TNG,36.L1.3060.USC3631,023,Vô hiệu hóa,2024-03-01,2024-11-01,2024-11-01,19,permanently_inactive_outside_recent_window
TNB,36.L1.3060.USC3631,024,Vô hiệu hóa,2024-03-01,2025-01-01,2025-01-01,17,permanently_inactive_outside_recent_window
MT-TNG,36.L1.3060.USC3631,099,Vô hiệu hóa,2024-03-01,2025-03-01,2025-03-01,15,permanently_inactive_outside_recent_window
MT-TNG,36.L1.3060.USC3631D,001,Vô hiệu hóa,2024-07-01,2024-11-01,2024-11-01,19,permanently_inactive_outside_recent_window
DNB,36.L1.3060.USC3631D,002,Vô hiệu hóa,2024-04-01,2024-11-01,2024-11-01,19,permanently_inactive_outside_recent_window
DNB,36.L1.3060.USC3631D,008,Vô hiệu hóa,2024-04-01,2024-11-01,2024-11-01,19,permanently_inactive_outside_recent_window
DNB,36.L1.3060.USC3631D,010,Vô hiệu hóa,2024-03-01,2024-09-01,2024-09-01,21,permanently_inactive_outside_recent_window
TNB,36.L1.3060.USC3631D,011,Vô hiệu hóa,2024-03-01,2024-11-01,2024-11-01,19,permanently_inactive_outside_recent_window
MT-TNG,36.L1.3060.USC3631D,012,Vô hiệu hóa,2024-03-01,2024-11-01,2024-11-01,19,permanently_inactive_outside_recent_window
DNB,36.L1.3060.USC3631D,013,Vô hiệu hóa,2024-03-01,2024-11-01,2024-11-01,19,permanently_inactive_outside_recent_window
TNB,36.L1.3060.USC3631D,015,Vô hiệu hóa,2024-03-01,2024-10-01,2024-10-01,20,permanently_inactive_outside_recent_window
TNB,36.L1.3060.USC3631D,016,Vô hiệu hóa,2024-02-01,2024-11-01,2024-11-01,19,permanently_inactive_outside_recent_window
TNB,36.L1.3060.USC3631D,017,Vô hiệu hóa,2024-01-01,2025-01-01,2025-01-01,17,permanently_inactive_outside_recent_window
TNB,36.L1.3060.USC3631D,018,Vô hiệu hóa,2024-02-01,2024-12-01,2024-12-01,18,permanently_inactive_outside_recent_window
DNB,36.L1.3060.USC3631D,019,Vô hiệu hóa,2024-04-01,2024-11-01,2024-11-01,19,permanently_inactive_outside_recent_window
DNB,36.L1.3060.USC3631D,022,Vô hiệu hóa,2024-03-01,2024-11-01,2024-11-01,19,permanently_inactive_outside_recent_window
MT-TNG,36.L1.3060.USC3631D,023,Vô hiệu hóa,2024-04-01,2024-11-01,2024-11-01,19,permanently_inactive_outside_recent_window
TNB,36.L1.3060.USC3631D,050,Vô hiệu hóa,2024-04-01,2024-04-01,2024-04-01,26,permanently_inactive_outside_recent_window
Chưa xác định,36.L1.3060.USC3631D,093,Vô hiệu hóa,2024-06-01,2024-06-01,2024-06-01,24,permanently_inactive_outside_recent_window
MT-TNG,36.L1.3060.USC3631D,099,Vô hiệu hóa,2024-03-01,2025-02-01,2025-02-01,16,permanently_inactive_outside_recent_window
Chưa xác định,36.L1.3060.USC3632,000,Vô hiệu hóa,2024-03-01,2024-05-01,2024-05-01,25,permanently_inactive_outside_recent_window
DNB,36.L1.3060.USC3632,008,Vô hiệu hóa,2024-03-01,2024-10-01,2024-10-01,20,permanently_inactive_outside_recent_window
DNB,36.L1.3060.USC3632,010,Vô hiệu hóa,2024-03-01,2024-10-01,2024-10-01,20,permanently_inactive_outside_recent_window
TNB,36.L1.3060.USC3632,011,Vô hiệu hóa,2024-03-01,2024-11-01,2024-11-01,19,permanently_inactive_outside_recent_window
DNB,36.L1.3060.USC3632,013,Vô hiệu hóa,2024-03-01,2024-11-01,2024-11-01,19,permanently_inactive_outside_recent_window
MT-TNG,36.L1.3060.USC3632,014,Vô hiệu hóa,2024-03-01,2024-12-01,2024-12-01,18,permanently_inactive_outside_recent_window
TNB,36.L1.3060.USC3632,015,Vô hiệu hóa,2024-02-01,2024-10-01,2024-10-01,20,permanently_inactive_outside_recent_window
TNB,36.L1.3060.USC3632,016,Vô hiệu hóa,2024-02-01,2024-11-01,2024-11-01,19,permanently_inactive_outside_recent_window
TNB,36.L1.3060.USC3632,017,Vô hiệu hóa,2024-01-01,2025-01-01,2025-01-01,17,permanently_inactive_outside_recent_window
DNB,36.L1.3060.USC3632,019,Vô hiệu hóa,2024-04-01,2024-12-01,2024-12-01,18,permanently_inactive_outside_recent_window
DNB,36.L1.3060.USC3632,022,Vô hiệu hóa,2024-03-01,2024-10-01,2024-10-01,20,permanently_inactive_outside_recent_window
MT-TNG,36.L1.3060.USC3632,023,Vô hiệu hóa,2024-03-01,2024-12-01,2024-12-01,18,permanently_inactive_outside_recent_window
TNB,36.L1.3060.USC3632,024,Vô hiệu hóa,2024-03-01,2025-01-01,2025-01-01,17,permanently_inactive_outside_recent_window
MT-TNG,36.L1.3060.USC3632,099,Vô hiệu hóa,2024-03-01,2025-02-01,2025-02-01,16,permanently_inactive_outside_recent_window
Chưa xác định,36.L1.3060.USC3633,000,Vô hiệu hóa,2024-03-01,2024-03-01,2024-03-01,27,permanently_inactive_outside_recent_window
DNB,36.L1.3060.USC3633,002,Vô hiệu hóa,2024-05-01,2024-12-01,2024-12-01,18,permanently_inactive_outside_recent_window
DNB,36.L1.3060.USC3633,008,Vô hiệu hóa,2024-03-01,2025-03-01,2025-03-01,15,permanently_inactive_outside_recent_window
TNB,36.L1.3060.USC3633,011,Vô hiệu hóa,2024-03-01,2024-09-01,2024-09-01,21,permanently_inactive_outside_recent_window
MT-TNG,36.L1.3060.USC3633,012,Vô hiệu hóa,2024-04-01,2025-01-01,2025-01-01,17,permanently_inactive_outside_recent_window
TNB,36.L1.3060.USC3633,016,Vô hiệu hóa,2024-03-01,2025-04-01,2025-04-01,14,permanently_inactive_outside_recent_window
TNB,36.L1.3060.USC3633,018,Vô hiệu hóa,2024-03-01,2025-02-01,2025-02-01,16,permanently_inactive_outside_recent_window
DNB,36.L1.3060.USC3633,022,Vô hiệu hóa,2024-04-01,2025-05-01,2025-05-01,13,permanently_inactive_outside_recent_window
MT-TNG,36.L1.3060.USC3633,099,Vô hiệu hóa,2024-05-01,2025-03-01,2025-03-01,15,permanently_inactive_outside_recent_window
Chưa xác định,36.L1.3060.USC3633D,000,Vô hiệu hóa,2024-03-01,2024-03-01,2024-03-01,27,permanently_inactive_outside_recent_window
DNB,36.L1.3060.USC3633D,002,Vô hiệu hóa,2024-05-01,2024-11-01,2024-11-01,19,permanently_inactive_outside_recent_window
DNB,36.L1.3060.USC3633D,008,Vô hiệu hóa,2024-03-01,2025-02-01,2025-02-01,16,permanently_inactive_outside_recent_window
TNB,36.L1.3060.USC3633D,011,Vô hiệu hóa,2024-03-01,2024-12-01,2024-12-01,18,permanently_inactive_outside_recent_window
MT-TNG,36.L1.3060.USC3633D,012,Vô hiệu hóa,2024-04-01,2024-08-01,2024-08-01,22,permanently_inactive_outside_recent_window
DNB,36.L1.3060.USC3633D,013,Vô hiệu hóa,2024-10-01,2025-03-01,2025-03-01,15,permanently_inactive_outside_recent_window
MT-TNG,36.L1.3060.USC3633D,014,Vô hiệu hóa,2024-07-01,2025-02-01,2025-02-01,16,permanently_inactive_outside_recent_window
TNB,36.L1.3060.USC3633D,015,Vô hiệu hóa,2024-03-01,2025-03-01,2025-03-01,15,permanently_inactive_outside_recent_window
TNB,36.L1.3060.USC3633D,016,Vô hiệu hóa,2024-03-01,2024-12-01,2024-12-01,18,permanently_inactive_outside_recent_window
TNB,36.L1.3060.USC3633D,017,Vô hiệu hóa,2024-03-01,2024-12-01,2024-12-01,18,permanently_inactive_outside_recent_window
TNB,36.L1.3060.USC3633D,018,Vô hiệu hóa,2024-03-01,2025-02-01,2025-02-01,16,permanently_inactive_outside_recent_window
DNB,36.L1.3060.USC3633D,022,Vô hiệu hóa,2024-06-01,2025-05-01,2025-05-01,13,permanently_inactive_outside_recent_window
MT-TNG,36.L1.3060.USC3633D,049,Vô hiệu hóa,2024-03-01,2025-04-01,2025-04-01,14,permanently_inactive_outside_recent_window
MT-TNG,36.L1.3060.USC3633D,099,Vô hiệu hóa,2024-05-01,2025-03-01,2025-03-01,15,permanently_inactive_outside_recent_window
Chưa xác định,36.L1.3060.USC3634,000,Vô hiệu hóa,2024-03-01,2024-03-01,2024-03-01,27,permanently_inactive_outside_recent_window
DNB,36.L1.3060.USC3634,002,Vô hiệu hóa,2024-03-01,2025-01-01,2025-01-01,17,permanently_inactive_outside_recent_window
DNB,36.L1.3060.USC3634,008,Vô hiệu hóa,2024-03-01,2025-02-01,2025-02-01,16,permanently_inactive_outside_recent_window
TNB,36.L1.3060.USC3634,011,Vô hiệu hóa,2024-03-01,2024-12-01,2024-12-01,18,permanently_inactive_outside_recent_window
DNB,36.L1.3060.USC3634,013,Vô hiệu hóa,2024-03-01,2025-03-01,2025-03-01,15,permanently_inactive_outside_recent_window
MT-TNG,36.L1.3060.USC3634,014,Vô hiệu hóa,2024-03-01,2025-05-01,2025-05-01,13,permanently_inactive_outside_recent_window
TNB,36.L1.3060.USC3634,015,Vô hiệu hóa,2024-03-01,2025-03-01,2025-03-01,15,permanently_inactive_outside_recent_window
TNB,36.L1.3060.USC3634,017,Vô hiệu hóa,2024-03-01,2025-03-01,2025-03-01,15,permanently_inactive_outside_recent_window
TNB,36.L1.3060.USC3634,018,Vô hiệu hóa,2024-03-01,2025-04-01,2025-04-01,14,permanently_inactive_outside_recent_window
DNB,36.L1.3060.USC3634,022,Vô hiệu hóa,2024-04-01,2025-02-01,2025-02-01,16,permanently_inactive_outside_recent_window
TNB,36.L1.3060.USC3634,024,Vô hiệu hóa,2024-05-01,2025-04-01,2025-04-01,14,permanently_inactive_outside_recent_window
Chưa xác định,36.L1.3060.USC3634,093,Vô hiệu hóa,2024-07-01,2024-08-01,2024-08-01,22,permanently_inactive_outside_recent_window
MT-TNG,36.L1.3060.USC3634,099,Vô hiệu hóa,2024-05-01,2025-03-01,2025-03-01,15,permanently_inactive_outside_recent_window
DNB,36.L1.3060.USC3635,008,Vô hiệu hóa,2024-03-01,2025-04-01,2025-04-01,14,permanently_inactive_outside_recent_window
MT-TNG,36.L1.3060.USC3635,012,Vô hiệu hóa,2024-02-01,2024-12-01,2024-12-01,18,permanently_inactive_outside_recent_window
DNB,36.L1.3060.USC3635,013,Vô hiệu hóa,2024-04-01,2024-07-01,2024-07-01,23,permanently_inactive_outside_recent_window
TNB,36.L1.3060.USC3635,015,Vô hiệu hóa,2024-03-01,2024-12-01,2024-12-01,18,permanently_inactive_outside_recent_window
TNB,36.L1.3060.USC3635,018,Vô hiệu hóa,2024-03-01,2025-04-01,2025-04-01,14,permanently_inactive_outside_recent_window
MT-TNG,36.L1.3060.USC3635,070,Vô hiệu hóa,2024-03-01,2024-03-01,2024-03-01,27,permanently_inactive_outside_recent_window
Chưa xác định,36.L1.3060.USC3635,093,Vô hiệu hóa,2024-09-01,2024-09-01,2024-09-01,21,permanently_inactive_outside_recent_window
MT-TNG,36.L1.3060.USC3635,099,Vô hiệu hóa,2024-02-01,2025-03-01,2025-03-01,15,permanently_inactive_outside_recent_window
DNB,36.L1.3060.USC3635D,008,Vô hiệu hóa,2024-03-01,2025-01-01,2025-01-01,17,permanently_inactive_outside_recent_window
TNB,36.L1.3060.USC3635D,011,Vô hiệu hóa,2024-04-01,2025-04-01,2025-04-01,14,permanently_inactive_outside_recent_window
MT-TNG,36.L1.3060.USC3635D,012,Vô hiệu hóa,2024-02-01,2025-04-01,2025-04-01,14,permanently_inactive_outside_recent_window
DNB,36.L1.3060.USC3635D,013,Vô hiệu hóa,2024-04-01,2025-03-01,2025-03-01,15,permanently_inactive_outside_recent_window
TNB,36.L1.3060.USC3635D,015,Vô hiệu hóa,2024-03-01,2024-12-01,2024-12-01,18,permanently_inactive_outside_recent_window
TNB,36.L1.3060.USC3635D,016,Vô hiệu hóa,2024-03-01,2024-12-01,2024-12-01,18,permanently_inactive_outside_recent_window
TNB,36.L1.3060.USC3635D,018,Vô hiệu hóa,2024-03-01,2025-01-01,2025-01-01,17,permanently_inactive_outside_recent_window
MT-TNG,36.L1.3060.USC3635D,023,Vô hiệu hóa,2024-02-01,2024-10-01,2024-10-01,20,permanently_inactive_outside_recent_window
TNB,36.L1.3060.USC3635D,024,Vô hiệu hóa,2024-03-01,2024-10-01,2024-10-01,20,permanently_inactive_outside_recent_window
MT-TNG,36.L1.3060.USC3635D,070,Vô hiệu hóa,2024-03-01,2024-03-01,2024-03-01,27,permanently_inactive_outside_recent_window
MT-TNG,36.L1.3060.USC3635D,099,Vô hiệu hóa,2024-04-01,2025-03-01,2025-03-01,15,permanently_inactive_outside_recent_window
DNB,36.L1.3060.USC3636,008,Vô hiệu hóa,2024-01-01,2025-01-01,2025-01-01,17,permanently_inactive_outside_recent_window
DNB,36.L1.3060.USC3636,010,Vô hiệu hóa,2024-03-01,2024-12-01,2024-12-01,18,permanently_inactive_outside_recent_window
TNB,36.L1.3060.USC3636,011,Vô hiệu hóa,2024-04-01,2025-01-01,2025-01-01,17,permanently_inactive_outside_recent_window
MT-TNG,36.L1.3060.USC3636,012,Vô hiệu hóa,2024-02-01,2024-12-01,2024-12-01,18,permanently_inactive_outside_recent_window
DNB,36.L1.3060.USC3636,013,Vô hiệu hóa,2024-04-01,2025-03-01,2025-03-01,15,permanently_inactive_outside_recent_window
MT-TNG,36.L1.3060.USC3636,014,Vô hiệu hóa,2024-02-01,2025-04-01,2025-04-01,14,permanently_inactive_outside_recent_window
TNB,36.L1.3060.USC3636,015,Vô hiệu hóa,2024-03-01,2024-12-01,2024-12-01,18,permanently_inactive_outside_recent_window
TNB,36.L1.3060.USC3636,016,Vô hiệu hóa,2024-03-01,2025-05-01,2025-05-01,13,permanently_inactive_outside_recent_window
TNB,36.L1.3060.USC3636,017,Vô hiệu hóa,2024-01-01,2025-04-01,2025-04-01,14,permanently_inactive_outside_recent_window
DNB,36.L1.3060.USC3636,019,Vô hiệu hóa,2024-03-01,2025-02-01,2025-02-01,16,permanently_inactive_outside_recent_window
MT-TNG,36.L1.3060.USC3636,023,Vô hiệu hóa,2024-03-01,2024-11-01,2024-11-01,19,permanently_inactive_outside_recent_window
TNB,36.L1.3060.USC3636,024,Vô hiệu hóa,2024-03-01,2024-10-01,2024-10-01,20,permanently_inactive_outside_recent_window
MT-TNG,36.L1.3060.USC3636,070,Vô hiệu hóa,2024-03-01,2024-03-01,2024-03-01,27,permanently_inactive_outside_recent_window
Chưa xác định,36.L1.3060.USC3636,093,Vô hiệu hóa,2024-06-01,2024-06-01,2024-06-01,24,permanently_inactive_outside_recent_window
MT-TNG,36.L1.3060.USC3636,099,Vô hiệu hóa,2024-04-01,2025-03-01,2025-03-01,15,permanently_inactive_outside_recent_window
Chưa xác định,36.L1.3060.USC3637,000,Vô hiệu hóa,2024-02-01,2024-02-01,2024-02-01,28,permanently_inactive_outside_recent_window
MT-TNG,36.L1.3060.USC3637,001,Vô hiệu hóa,2024-03-01,2025-03-01,2025-03-01,15,permanently_inactive_outside_recent_window
DNB,36.L1.3060.USC3637,010,Vô hiệu hóa,2024-03-01,2025-05-01,2025-05-01,13,permanently_inactive_outside_recent_window
TNB,36.L1.3060.USC3637,011,Vô hiệu hóa,2024-04-01,2025-04-01,2025-04-01,14,permanently_inactive_outside_recent_window
MT-TNG,36.L1.3060.USC3637,012,Vô hiệu hóa,2024-03-01,2024-11-01,2024-11-01,19,permanently_inactive_outside_recent_window
DNB,36.L1.3060.USC3637,013,Vô hiệu hóa,2024-03-01,2025-01-01,2025-01-01,17,permanently_inactive_outside_recent_window
MT-TNG,36.L1.3060.USC3637,014,Vô hiệu hóa,2024-02-01,2025-04-01,2025-04-01,14,permanently_inactive_outside_recent_window
TNB,36.L1.3060.USC3637,015,Vô hiệu hóa,2024-02-01,2024-11-01,2024-11-01,19,permanently_inactive_outside_recent_window
TNB,36.L1.3060.USC3637,016,Vô hiệu hóa,2024-02-01,2024-12-01,2024-12-01,18,permanently_inactive_outside_recent_window
TNB,36.L1.3060.USC3637,017,Vô hiệu hóa,2024-02-01,2025-03-01,2025-03-01,15,permanently_inactive_outside_recent_window
TNB,36.L1.3060.USC3637,018,Vô hiệu hóa,2024-03-01,2025-02-01,2025-02-01,16,permanently_inactive_outside_recent_window
TNB,36.L1.3060.USC3637,024,Vô hiệu hóa,2024-03-01,2024-07-01,2024-07-01,23,permanently_inactive_outside_recent_window
MT-TNG,36.L1.3060.USC3637,067,Vô hiệu hóa,2024-05-01,2024-05-01,2024-05-01,25,permanently_inactive_outside_recent_window
TNB,36.L1.3060.USC3637,098,Vô hiệu hóa,2024-06-01,2024-06-01,2024-06-01,24,permanently_inactive_outside_recent_window
MT-TNG,36.L1.3060.USC3637,099,Vô hiệu hóa,2024-03-01,2025-03-01,2025-03-01,15,permanently_inactive_outside_recent_window
Chưa xác định,36.L1.3060.USC3637D,000,Vô hiệu hóa,2024-02-01,2024-04-01,2024-04-01,26,permanently_inactive_outside_recent_window
MT-TNG,36.L1.3060.USC3637D,001,Vô hiệu hóa,2024-04-01,2025-04-01,2025-04-01,14,permanently_inactive_outside_recent_window
DNB,36.L1.3060.USC3637D,002,Vô hiệu hóa,2024-04-01,2025-05-01,2025-05-01,13,permanently_inactive_outside_recent_window
DNB,36.L1.3060.USC3637D,010,Vô hiệu hóa,2024-03-01,2025-05-01,2025-05-01,13,permanently_inactive_outside_recent_window
TNB,36.L1.3060.USC3637D,011,Vô hiệu hóa,2024-04-01,2025-04-01,2025-04-01,14,permanently_inactive_outside_recent_window
DNB,36.L1.3060.USC3637D,013,Vô hiệu hóa,2024-03-01,2025-01-01,2025-01-01,17,permanently_inactive_outside_recent_window
MT-TNG,36.L1.3060.USC3637D,014,Vô hiệu hóa,2024-02-01,2025-04-01,2025-04-01,14,permanently_inactive_outside_recent_window
TNB,36.L1.3060.USC3637D,015,Vô hiệu hóa,2024-02-01,2024-08-01,2024-08-01,22,permanently_inactive_outside_recent_window
TNB,36.L1.3060.USC3637D,016,Vô hiệu hóa,2024-04-01,2024-11-01,2024-11-01,19,permanently_inactive_outside_recent_window
TNB,36.L1.3060.USC3637D,017,Vô hiệu hóa,2024-03-01,2024-12-01,2024-12-01,18,permanently_inactive_outside_recent_window
TNB,36.L1.3060.USC3637D,018,Vô hiệu hóa,2024-03-01,2024-12-01,2024-12-01,18,permanently_inactive_outside_recent_window
DNB,36.L1.3060.USC3637D,019,Vô hiệu hóa,2024-02-01,2025-03-01,2025-03-01,15,permanently_inactive_outside_recent_window
MT-TNG,36.L1.3060.USC3637D,023,Vô hiệu hóa,2024-03-01,2024-12-01,2024-12-01,18,permanently_inactive_outside_recent_window
TNB,36.L1.3060.USC3637D,024,Vô hiệu hóa,2024-03-01,2024-12-01,2024-12-01,18,permanently_inactive_outside_recent_window
MT-TNG,36.L1.3060.USC3637D,067,Vô hiệu hóa,2024-05-01,2024-05-01,2024-05-01,25,permanently_inactive_outside_recent_window
TNB,36.L1.3060.USC3637D,098,Vô hiệu hóa,2024-06-01,2024-07-01,2024-07-01,23,permanently_inactive_outside_recent_window
MT-TNG,36.L1.3060.USC3637D,099,Vô hiệu hóa,2024-03-01,2025-03-01,2025-03-01,15,permanently_inactive_outside_recent_window
Chưa xác định,36.L1.3060.USC3638,000,Vô hiệu hóa,2024-02-01,2024-03-01,2024-03-01,27,permanently_inactive_outside_recent_window
MT-TNG,36.L1.3060.USC3638,001,Vô hiệu hóa,2024-04-01,2024-09-01,2024-09-01,21,permanently_inactive_outside_recent_window
DNB,36.L1.3060.USC3638,010,Vô hiệu hóa,2024-03-01,2024-07-01,2024-07-01,23,permanently_inactive_outside_recent_window
TNB,36.L1.3060.USC3638,011,Vô hiệu hóa,2024-04-01,2024-12-01,2024-12-01,18,permanently_inactive_outside_recent_window
MT-TNG,36.L1.3060.USC3638,012,Vô hiệu hóa,2024-03-01,2024-10-01,2024-10-01,20,permanently_inactive_outside_recent_window
DNB,36.L1.3060.USC3638,013,Vô hiệu hóa,2024-03-01,2024-09-01,2024-09-01,21,permanently_inactive_outside_recent_window
TNB,36.L1.3060.USC3638,015,Vô hiệu hóa,2024-02-01,2024-11-01,2024-11-01,19,permanently_inactive_outside_recent_window
TNB,36.L1.3060.USC3638,016,Vô hiệu hóa,2024-02-01,2024-12-01,2024-12-01,18,permanently_inactive_outside_recent_window
TNB,36.L1.3060.USC3638,017,Vô hiệu hóa,2024-02-01,2024-11-01,2024-11-01,19,permanently_inactive_outside_recent_window
TNB,36.L1.3060.USC3638,018,Vô hiệu hóa,2024-03-01,2024-09-01,2024-09-01,21,permanently_inactive_outside_recent_window
DNB,36.L1.3060.USC3638,019,Vô hiệu hóa,2024-02-01,2024-09-01,2024-09-01,21,permanently_inactive_outside_recent_window
MT-TNG,36.L1.3060.USC3638,023,Vô hiệu hóa,2024-03-01,2024-08-01,2024-08-01,22,permanently_inactive_outside_recent_window
TNB,36.L1.3060.USC3638,024,Vô hiệu hóa,2024-03-01,2024-07-01,2024-07-01,23,permanently_inactive_outside_recent_window
MT-TNG,36.L1.3060.USC3638,067,Vô hiệu hóa,2024-05-01,2024-05-01,2024-05-01,25,permanently_inactive_outside_recent_window
TNB,36.L1.3060.USC3638,098,Vô hiệu hóa,2024-06-01,2024-06-01,2024-06-01,24,permanently_inactive_outside_recent_window
MT-TNG,36.L1.3060.USC3638,099,Vô hiệu hóa,2024-03-01,2025-03-01,2025-03-01,15,permanently_inactive_outside_recent_window
Chưa xác định,36.L1.3060.USC3639,000,Vô hiệu hóa,2024-04-01,2024-05-01,2024-05-01,25,permanently_inactive_outside_recent_window
MT-TNG,36.L1.3060.USC3639,001,Vô hiệu hóa,2024-03-01,2024-09-01,2024-09-01,21,permanently_inactive_outside_recent_window
DNB,36.L1.3060.USC3639,002,Vô hiệu hóa,2024-03-01,2024-12-01,2024-12-01,18,permanently_inactive_outside_recent_window
TNB,36.L1.3060.USC3639,011,Vô hiệu hóa,2024-03-01,2025-01-01,2025-01-01,17,permanently_inactive_outside_recent_window
MT-TNG,36.L1.3060.USC3639,012,Vô hiệu hóa,2024-03-01,2025-01-01,2025-01-01,17,permanently_inactive_outside_recent_window
DNB,36.L1.3060.USC3639,013,Vô hiệu hóa,2024-03-01,2024-12-01,2024-12-01,18,permanently_inactive_outside_recent_window
MT-TNG,36.L1.3060.USC3639,014,Vô hiệu hóa,2024-04-01,2025-04-01,2025-04-01,14,permanently_inactive_outside_recent_window
TNB,36.L1.3060.USC3639,015,Vô hiệu hóa,2024-03-01,2025-03-01,2025-03-01,15,permanently_inactive_outside_recent_window
TNB,36.L1.3060.USC3639,016,Vô hiệu hóa,2024-04-01,2025-05-01,2025-05-01,13,permanently_inactive_outside_recent_window
MT-TNG,36.L1.3060.USC3639,023,Vô hiệu hóa,2024-02-01,2025-02-01,2025-02-01,16,permanently_inactive_outside_recent_window
TNB,36.L1.3060.USC3639,024,Vô hiệu hóa,2024-08-01,2025-05-01,2025-05-01,13,permanently_inactive_outside_recent_window
MT-TNG,36.L1.3060.USC3639,067,Vô hiệu hóa,2024-04-01,2024-05-01,2024-05-01,25,permanently_inactive_outside_recent_window
Chưa xác định,36.L1.3060.USC3639,093,Vô hiệu hóa,2024-05-01,2024-05-01,2024-05-01,25,permanently_inactive_outside_recent_window
Chưa xác định,36.L1.3060.USC3639D,000,Vô hiệu hóa,2024-02-01,2024-05-01,2024-05-01,25,permanently_inactive_outside_recent_window
MT-TNG,36.L1.3060.USC3639D,001,Vô hiệu hóa,2024-03-01,2024-08-01,2024-08-01,22,permanently_inactive_outside_recent_window
DNB,36.L1.3060.USC3639D,002,Vô hiệu hóa,2024-03-01,2024-10-01,2024-10-01,20,permanently_inactive_outside_recent_window
TNB,36.L1.3060.USC3639D,011,Vô hiệu hóa,2024-03-01,2024-12-01,2024-12-01,18,permanently_inactive_outside_recent_window
MT-TNG,36.L1.3060.USC3639D,012,Vô hiệu hóa,2024-03-01,2025-05-01,2025-05-01,13,permanently_inactive_outside_recent_window
DNB,36.L1.3060.USC3639D,013,Vô hiệu hóa,2024-03-01,2024-10-01,2024-10-01,20,permanently_inactive_outside_recent_window
MT-TNG,36.L1.3060.USC3639D,014,Vô hiệu hóa,2024-04-01,2025-04-01,2025-04-01,14,permanently_inactive_outside_recent_window
TNB,36.L1.3060.USC3639D,015,Vô hiệu hóa,2024-03-01,2025-04-01,2025-04-01,14,permanently_inactive_outside_recent_window
TNB,36.L1.3060.USC3639D,016,Vô hiệu hóa,2024-04-01,2025-05-01,2025-05-01,13,permanently_inactive_outside_recent_window
MT-TNG,36.L1.3060.USC3639D,023,Vô hiệu hóa,2024-02-01,2025-02-01,2025-02-01,16,permanently_inactive_outside_recent_window
TNB,36.L1.3060.USC3639D,024,Vô hiệu hóa,2024-04-01,2024-04-01,2024-04-01,26,permanently_inactive_outside_recent_window
MT-TNG,36.L1.3060.USC3639D,067,Vô hiệu hóa,2024-04-01,2024-05-01,2024-05-01,25,permanently_inactive_outside_recent_window
Chưa xác định,36.L1.3060.USC3639D,093,Vô hiệu hóa,2024-05-01,2024-05-01,2024-05-01,25,permanently_inactive_outside_recent_window
Chưa xác định,36.L1.3060.USC3640,000,Vô hiệu hóa,2024-04-01,2024-05-01,2024-05-01,25,permanently_inactive_outside_recent_window
MT-TNG,36.L1.3060.USC3640,001,Vô hiệu hóa,2024-03-01,2025-03-01,2025-03-01,15,permanently_inactive_outside_recent_window
DNB,36.L1.3060.USC3640,008,Vô hiệu hóa,2024-02-01,2025-01-01,2025-01-01,17,permanently_inactive_outside_recent_window
TNB,36.L1.3060.USC3640,011,Vô hiệu hóa,2024-03-01,2025-01-01,2025-01-01,17,permanently_inactive_outside_recent_window
MT-TNG,36.L1.3060.USC3640,012,Vô hiệu hóa,2024-03-01,2025-04-01,2025-04-01,14,permanently_inactive_outside_recent_window
DNB,36.L1.3060.USC3640,013,Vô hiệu hóa,2024-03-01,2024-12-01,2024-12-01,18,permanently_inactive_outside_recent_window
MT-TNG,36.L1.3060.USC3640,014,Vô hiệu hóa,2024-04-01,2025-04-01,2025-04-01,14,permanently_inactive_outside_recent_window
TNB,36.L1.3060.USC3640,015,Vô hiệu hóa,2024-03-01,2024-11-01,2024-11-01,19,permanently_inactive_outside_recent_window
TNB,36.L1.3060.USC3640,016,Vô hiệu hóa,2024-03-01,2024-11-01,2024-11-01,19,permanently_inactive_outside_recent_window
TNB,36.L1.3060.USC3640,017,Vô hiệu hóa,2024-03-01,2024-12-01,2024-12-01,18,permanently_inactive_outside_recent_window
DNB,36.L1.3060.USC3640,022,Vô hiệu hóa,2024-03-01,2024-10-01,2024-10-01,20,permanently_inactive_outside_recent_window
MT-TNG,36.L1.3060.USC3640,023,Vô hiệu hóa,2024-02-01,2024-10-01,2024-10-01,20,permanently_inactive_outside_recent_window
TNB,36.L1.3060.USC3640,024,Vô hiệu hóa,2024-04-01,2024-04-01,2024-04-01,26,permanently_inactive_outside_recent_window
MT-TNG,36.L1.3060.USC3640,067,Vô hiệu hóa,2024-04-01,2024-05-01,2024-05-01,25,permanently_inactive_outside_recent_window
Chưa xác định,36.L1.3060.USC3640,093,Vô hiệu hóa,2024-05-01,2024-05-01,2024-05-01,25,permanently_inactive_outside_recent_window
Chưa xác định,36.L1.3060.USC3641,000,Vô hiệu hóa,2024-03-01,2024-12-01,2024-12-01,18,permanently_inactive_outside_recent_window
MT-TNG,36.L1.3060.USC3641,012,Vô hiệu hóa,2024-04-01,2024-04-01,2024-04-01,26,permanently_inactive_outside_recent_window
MT-TNG,36.L1.3060.USC3641,059,Vô hiệu hóa,2024-06-01,2025-01-01,2025-01-01,17,permanently_inactive_outside_recent_window
MT-TNG,36.L1.3060.USC3641,064,Vô hiệu hóa,2024-04-01,2025-03-01,2025-03-01,15,permanently_inactive_outside_recent_window
TNB,36.L1.3060.USC3641,065,Vô hiệu hóa,2024-09-01,2024-12-01,2024-12-01,18,permanently_inactive_outside_recent_window
DNB,36.L1.3060.USC3641,074,Vô hiệu hóa,2024-04-01,2025-01-01,2025-01-01,17,permanently_inactive_outside_recent_window
DNB,36.L1.3060.USC3641,076,Vô hiệu hóa,2024-03-01,2025-05-01,2025-05-01,13,permanently_inactive_outside_recent_window
MT-TNG,36.L1.3060.USC3641,079,Vô hiệu hóa,2024-08-01,2025-03-01,2025-03-01,15,permanently_inactive_outside_recent_window
DNB,36.L1.3060.USC3641,081,Vô hiệu hóa,2024-03-01,2025-01-01,2025-01-01,17,permanently_inactive_outside_recent_window
Chưa xác định,36.L1.3060.USC3641,222,Vô hiệu hóa,2024-06-01,2025-03-01,2025-03-01,15,permanently_inactive_outside_recent_window
Chưa xác định,36.L1.3060.USC3641D,000,Vô hiệu hóa,2024-03-01,2024-12-01,2024-12-01,18,permanently_inactive_outside_recent_window
MT-TNG,36.L1.3060.USC3641D,012,Vô hiệu hóa,2024-04-01,2024-04-01,2024-04-01,26,permanently_inactive_outside_recent_window
MT-TNG,36.L1.3060.USC3641D,059,Vô hiệu hóa,2024-06-01,2025-01-01,2025-01-01,17,permanently_inactive_outside_recent_window
DNB,36.L1.3060.USC3641D,060,Vô hiệu hóa,2024-05-01,2025-02-01,2025-02-01,16,permanently_inactive_outside_recent_window
DNB,36.L1.3060.USC3641D,061,Vô hiệu hóa,2024-04-01,2025-02-01,2025-02-01,16,permanently_inactive_outside_recent_window
MT-TNG,36.L1.3060.USC3641D,064,Vô hiệu hóa,2024-04-01,2025-01-01,2025-01-01,17,permanently_inactive_outside_recent_window
MT-TNG,36.L1.3060.USC3641D,071,Vô hiệu hóa,2024-06-01,2025-03-01,2025-03-01,15,permanently_inactive_outside_recent_window
MT-TNG,36.L1.3060.USC3641D,072,Vô hiệu hóa,2024-03-01,2025-05-01,2025-05-01,13,permanently_inactive_outside_recent_window
DNB,36.L1.3060.USC3641D,074,Vô hiệu hóa,2024-07-01,2025-01-01,2025-01-01,17,permanently_inactive_outside_recent_window
DNB,36.L1.3060.USC3641D,076,Vô hiệu hóa,2024-04-01,2024-11-01,2024-11-01,19,permanently_inactive_outside_recent_window
MT-TNG,36.L1.3060.USC3641D,079,Vô hiệu hóa,2024-09-01,2025-03-01,2025-03-01,15,permanently_inactive_outside_recent_window
DNB,36.L1.3060.USC3641D,081,Vô hiệu hóa,2024-03-01,2024-12-01,2024-12-01,18,permanently_inactive_outside_recent_window
TNB,36.L1.3060.USC3641D,098,Vô hiệu hóa,2024-05-01,2024-06-01,2024-06-01,24,permanently_inactive_outside_recent_window
MT-TNG,36.L1.3060.USC3641D,123,Vô hiệu hóa,2025-05-01,2025-05-01,2025-05-01,13,permanently_inactive_outside_recent_window
Chưa xác định,36.L1.3060.USC3641D,222,Vô hiệu hóa,2024-05-01,2025-01-01,2025-01-01,17,permanently_inactive_outside_recent_window
Chưa xác định,36.L1.3060.USC3642,000,Vô hiệu hóa,2024-03-01,2025-02-01,2025-02-01,16,permanently_inactive_outside_recent_window
MT-TNG,36.L1.3060.USC3642,012,Vô hiệu hóa,2024-04-01,2024-04-01,2024-04-01,26,permanently_inactive_outside_recent_window
TNB,36.L1.3060.USC3642,050,Vô hiệu hóa,2024-03-01,2024-12-01,2024-12-01,18,permanently_inactive_outside_recent_window
MT-TNG,36.L1.3060.USC3642,059,Vô hiệu hóa,2024-06-01,2024-12-01,2024-12-01,18,permanently_inactive_outside_recent_window
DNB,36.L1.3060.USC3642,060,Vô hiệu hóa,2024-04-01,2025-02-01,2025-02-01,16,permanently_inactive_outside_recent_window
DNB,36.L1.3060.USC3642,061,Vô hiệu hóa,2024-04-01,2025-01-01,2025-01-01,17,permanently_inactive_outside_recent_window
MT-TNG,36.L1.3060.USC3642,064,Vô hiệu hóa,2024-04-01,2025-01-01,2025-01-01,17,permanently_inactive_outside_recent_window
TNB,36.L1.3060.USC3642,065,Vô hiệu hóa,2024-10-01,2025-04-01,2025-04-01,14,permanently_inactive_outside_recent_window
DNB,36.L1.3060.USC3642,074,Vô hiệu hóa,2024-04-01,2025-01-01,2025-01-01,17,permanently_inactive_outside_recent_window
DNB,36.L1.3060.USC3642,076,Vô hiệu hóa,2024-03-01,2024-12-01,2024-12-01,18,permanently_inactive_outside_recent_window
MT-TNG,36.L1.3060.USC3642,079,Vô hiệu hóa,2024-08-01,2025-01-01,2025-01-01,17,permanently_inactive_outside_recent_window
DNB,36.L1.3060.USC3642,081,Vô hiệu hóa,2024-03-01,2025-03-01,2025-03-01,15,permanently_inactive_outside_recent_window
DNB,36.L1.3060.USC3642,094,Vô hiệu hóa,2024-05-01,2025-02-01,2025-02-01,16,permanently_inactive_outside_recent_window
Chưa xác định,36.L1.3060.USC3642,222,Vô hiệu hóa,2024-06-01,2025-01-01,2025-01-01,17,permanently_inactive_outside_recent_window
Chưa xác định,36.L1.3060.USC3645,000,Vô hiệu hóa,2024-03-01,2024-11-01,2024-11-01,19,permanently_inactive_outside_recent_window
MT-TNG,36.L1.3060.USC3645,059,Vô hiệu hóa,2024-03-01,2025-03-01,2025-03-01,15,permanently_inactive_outside_recent_window
TNB,36.L1.3060.USC3645,065,Vô hiệu hóa,2024-10-01,2025-03-01,2025-03-01,15,permanently_inactive_outside_recent_window
MT-TNG,36.L1.3060.USC3645,067,Vô hiệu hóa,2024-04-01,2024-04-01,2024-04-01,26,permanently_inactive_outside_recent_window
TNB,36.L1.3060.USC3645,069,Vô hiệu hóa,2024-05-01,2024-12-01,2024-12-01,18,permanently_inactive_outside_recent_window
Chưa xác định,36.L1.3060.USC3645,093,Vô hiệu hóa,2024-08-01,2024-08-01,2024-08-01,22,permanently_inactive_outside_recent_window
Chưa xác định,36.L1.3060.USC3645,222,Vô hiệu hóa,2024-05-01,2024-10-01,2024-10-01,20,permanently_inactive_outside_recent_window
Chưa xác định,36.L1.3060.USC3645D,000,Vô hiệu hóa,2024-03-01,2024-10-01,2024-10-01,20,permanently_inactive_outside_recent_window
MT-TNG,36.L1.3060.USC3645D,059,Vô hiệu hóa,2024-04-01,2025-03-01,2025-03-01,15,permanently_inactive_outside_recent_window
MT-TNG,36.L1.3060.USC3645D,067,Vô hiệu hóa,2024-04-01,2024-04-01,2024-04-01,26,permanently_inactive_outside_recent_window
TNB,36.L1.3060.USC3645D,069,Vô hiệu hóa,2024-06-01,2024-09-01,2024-09-01,21,permanently_inactive_outside_recent_window
TNB,36.L1.3060.USC3645D,073,Vô hiệu hóa,2024-03-01,2025-04-01,2025-04-01,14,permanently_inactive_outside_recent_window
DNB,36.L1.3060.USC3645D,076,Vô hiệu hóa,2024-04-01,2024-10-01,2024-10-01,20,permanently_inactive_outside_recent_window
Chưa xác định,36.L1.3060.USC3645D,222,Vô hiệu hóa,2024-06-01,2024-10-01,2024-10-01,20,permanently_inactive_outside_recent_window
Chưa xác định,36.L1.3060.USC3646,000,Vô hiệu hóa,2024-03-01,2024-10-01,2024-10-01,20,permanently_inactive_outside_recent_window
MT-TNG,36.L1.3060.USC3646,059,Vô hiệu hóa,2024-04-01,2025-03-01,2025-03-01,15,permanently_inactive_outside_recent_window
TNB,36.L1.3060.USC3646,065,Vô hiệu hóa,2024-09-01,2025-02-01,2025-02-01,16,permanently_inactive_outside_recent_window
MT-TNG,36.L1.3060.USC3646,067,Vô hiệu hóa,2024-04-01,2024-04-01,2024-04-01,26,permanently_inactive_outside_recent_window
TNB,36.L1.3060.USC3646,069,Vô hiệu hóa,2024-05-01,2024-12-01,2024-12-01,18,permanently_inactive_outside_recent_window
MT-TNG,36.L1.3060.USC3646,071,Vô hiệu hóa,2024-04-01,2025-01-01,2025-01-01,17,permanently_inactive_outside_recent_window
TNB,36.L1.3060.USC3646,073,Vô hiệu hóa,2024-03-01,2025-01-01,2025-01-01,17,permanently_inactive_outside_recent_window
Chưa xác định,36.L1.3060.USC3646,093,Vô hiệu hóa,2024-05-01,2024-08-01,2024-08-01,22,permanently_inactive_outside_recent_window
Chưa xác định,36.L1.3060.USC3646,222,Vô hiệu hóa,2024-10-01,2024-10-01,2024-10-01,20,permanently_inactive_outside_recent_window
Chưa xác định,36.L1.3060.USC3647,000,Vô hiệu hóa,2024-03-01,2024-04-01,2024-04-01,26,permanently_inactive_outside_recent_window
MT-TNG,36.L1.3060.USC3647,001,Vô hiệu hóa,2024-03-01,2024-07-01,2024-07-01,23,permanently_inactive_outside_recent_window
DNB,36.L1.3060.USC3647,002,Vô hiệu hóa,2024-03-01,2024-11-01,2024-11-01,19,permanently_inactive_outside_recent_window
DNB,36.L1.3060.USC3647,008,Vô hiệu hóa,2024-03-01,2025-02-01,2025-02-01,16,permanently_inactive_outside_recent_window
TNB,36.L1.3060.USC3647,011,Vô hiệu hóa,2024-05-01,2024-08-01,2024-08-01,22,permanently_inactive_outside_recent_window
MT-TNG,36.L1.3060.USC3647,012,Vô hiệu hóa,2024-06-01,2024-07-01,2024-07-01,23,permanently_inactive_outside_recent_window
DNB,36.L1.3060.USC3647,013,Vô hiệu hóa,2024-05-01,2024-08-01,2024-08-01,22,permanently_inactive_outside_recent_window
MT-TNG,36.L1.3060.USC3647,014,Vô hiệu hóa,2024-04-01,2024-08-01,2024-08-01,22,permanently_inactive_outside_recent_window
TNB,36.L1.3060.USC3647,015,Vô hiệu hóa,2024-03-01,2024-06-01,2024-06-01,24,permanently_inactive_outside_recent_window
TNB,36.L1.3060.USC3647,016,Vô hiệu hóa,2024-03-01,2024-09-01,2024-09-01,21,permanently_inactive_outside_recent_window
TNB,36.L1.3060.USC3647,017,Vô hiệu hóa,2024-04-01,2024-09-01,2024-09-01,21,permanently_inactive_outside_recent_window
TNB,36.L1.3060.USC3647,018,Vô hiệu hóa,2024-04-01,2024-11-01,2024-11-01,19,permanently_inactive_outside_recent_window
DNB,36.L1.3060.USC3647,019,Vô hiệu hóa,2024-04-01,2024-09-01,2024-09-01,21,permanently_inactive_outside_recent_window
DNB,36.L1.3060.USC3647,022,Vô hiệu hóa,2024-03-01,2025-05-01,2025-05-01,13,permanently_inactive_outside_recent_window
TNB,36.L1.3060.USC3647,024,Vô hiệu hóa,2024-04-01,2024-07-01,2024-07-01,23,permanently_inactive_outside_recent_window
MT-TNG,36.L1.3060.USC3647,067,Vô hiệu hóa,2024-04-01,2024-07-01,2024-07-01,23,permanently_inactive_outside_recent_window
MT-TNG,36.L1.3060.USC3647,070,Vô hiệu hóa,2024-03-01,2024-03-01,2024-03-01,27,permanently_inactive_outside_recent_window
MT-TNG,36.L1.3060.USC3647,099,Vô hiệu hóa,2024-04-01,2024-08-01,2024-08-01,22,permanently_inactive_outside_recent_window
Chưa xác định,36.L1.3060.USC3647D,000,Vô hiệu hóa,2024-03-01,2024-04-01,2024-04-01,26,permanently_inactive_outside_recent_window
DNB,36.L1.3060.USC3647D,002,Vô hiệu hóa,2024-04-01,2025-02-01,2025-02-01,16,permanently_inactive_outside_recent_window
DNB,36.L1.3060.USC3647D,008,Vô hiệu hóa,2024-04-01,2025-02-01,2025-02-01,16,permanently_inactive_outside_recent_window
TNB,36.L1.3060.USC3647D,011,Vô hiệu hóa,2024-05-01,2024-08-01,2024-08-01,22,permanently_inactive_outside_recent_window
MT-TNG,36.L1.3060.USC3647D,012,Vô hiệu hóa,2024-06-01,2024-11-01,2024-11-01,19,permanently_inactive_outside_recent_window
TNB,36.L1.3060.USC3647D,015,Vô hiệu hóa,2024-03-01,2024-05-01,2024-05-01,25,permanently_inactive_outside_recent_window
TNB,36.L1.3060.USC3647D,016,Vô hiệu hóa,2024-03-01,2024-07-01,2024-07-01,23,permanently_inactive_outside_recent_window
TNB,36.L1.3060.USC3647D,017,Vô hiệu hóa,2024-04-01,2024-09-01,2024-09-01,21,permanently_inactive_outside_recent_window
TNB,36.L1.3060.USC3647D,018,Vô hiệu hóa,2024-04-01,2024-09-01,2024-09-01,21,permanently_inactive_outside_recent_window
TNB,36.L1.3060.USC3647D,024,Vô hiệu hóa,2024-04-01,2024-08-01,2024-08-01,22,permanently_inactive_outside_recent_window
MT-TNG,36.L1.3060.USC3647D,067,Vô hiệu hóa,2024-04-01,2024-04-01,2024-04-01,26,permanently_inactive_outside_recent_window
MT-TNG,36.L1.3060.USC3647D,070,Vô hiệu hóa,2024-03-01,2024-03-01,2024-03-01,27,permanently_inactive_outside_recent_window
Chưa xác định,36.L1.3060.USC3647D,093,Vô hiệu hóa,2024-08-01,2024-08-01,2024-08-01,22,permanently_inactive_outside_recent_window
MT-TNG,36.L1.3060.USC3647D,099,Vô hiệu hóa,2024-04-01,2024-08-01,2024-08-01,22,permanently_inactive_outside_recent_window
Chưa xác định,36.L1.3060.USC3648,000,Vô hiệu hóa,2024-03-01,2024-04-01,2024-04-01,26,permanently_inactive_outside_recent_window
MT-TNG,36.L1.3060.USC3648,001,Vô hiệu hóa,2024-03-01,2024-08-01,2024-08-01,22,permanently_inactive_outside_recent_window
DNB,36.L1.3060.USC3648,002,Vô hiệu hóa,2024-03-01,2024-11-01,2024-11-01,19,permanently_inactive_outside_recent_window
DNB,36.L1.3060.USC3648,008,Vô hiệu hóa,2024-03-01,2024-10-01,2024-10-01,20,permanently_inactive_outside_recent_window
DNB,36.L1.3060.USC3648,010,Vô hiệu hóa,2024-04-01,2024-09-01,2024-09-01,21,permanently_inactive_outside_recent_window
TNB,36.L1.3060.USC3648,011,Vô hiệu hóa,2024-05-01,2024-08-01,2024-08-01,22,permanently_inactive_outside_recent_window
MT-TNG,36.L1.3060.USC3648,012,Vô hiệu hóa,2024-04-01,2024-10-01,2024-10-01,20,permanently_inactive_outside_recent_window
DNB,36.L1.3060.USC3648,013,Vô hiệu hóa,2024-03-01,2024-09-01,2024-09-01,21,permanently_inactive_outside_recent_window
TNB,36.L1.3060.USC3648,015,Vô hiệu hóa,2024-03-01,2024-07-01,2024-07-01,23,permanently_inactive_outside_recent_window
TNB,36.L1.3060.USC3648,016,Vô hiệu hóa,2024-03-01,2024-10-01,2024-10-01,20,permanently_inactive_outside_recent_window
TNB,36.L1.3060.USC3648,017,Vô hiệu hóa,2024-03-01,2024-09-01,2024-09-01,21,permanently_inactive_outside_recent_window
TNB,36.L1.3060.USC3648,018,Vô hiệu hóa,2024-04-01,2024-11-01,2024-11-01,19,permanently_inactive_outside_recent_window
DNB,36.L1.3060.USC3648,019,Vô hiệu hóa,2024-04-01,2025-02-01,2025-02-01,16,permanently_inactive_outside_recent_window
DNB,36.L1.3060.USC3648,022,Vô hiệu hóa,2024-03-01,2025-05-01,2025-05-01,13,permanently_inactive_outside_recent_window
TNB,36.L1.3060.USC3648,024,Vô hiệu hóa,2024-04-01,2024-08-01,2024-08-01,22,permanently_inactive_outside_recent_window
MT-TNG,36.L1.3060.USC3648,067,Vô hiệu hóa,2024-04-01,2024-07-01,2024-07-01,23,permanently_inactive_outside_recent_window
MT-TNG,36.L1.3060.USC3648,070,Vô hiệu hóa,2024-03-01,2024-03-01,2024-03-01,27,permanently_inactive_outside_recent_window
Chưa xác định,36.L1.3060.USC3648,093,Vô hiệu hóa,2024-06-01,2024-06-01,2024-06-01,24,permanently_inactive_outside_recent_window
MT-TNG,36.L1.3060.USC3648,099,Vô hiệu hóa,2024-04-01,2024-08-01,2024-08-01,22,permanently_inactive_outside_recent_window
Chưa xác định,36.L1.3060.USC3649,000,Vô hiệu hóa,2024-03-01,2025-01-01,2025-01-01,17,permanently_inactive_outside_recent_window
TNB,36.L1.3060.USC3649,050,Vô hiệu hóa,2024-06-01,2024-12-01,2024-12-01,18,permanently_inactive_outside_recent_window
MT-TNG,36.L1.3060.USC3649,059,Vô hiệu hóa,2024-05-01,2025-01-01,2025-01-01,17,permanently_inactive_outside_recent_window
TNB,36.L1.3060.USC3649,063,Vô hiệu hóa,2024-06-01,2025-02-01,2025-02-01,16,permanently_inactive_outside_recent_window
TNB,36.L1.3060.USC3649,069,Vô hiệu hóa,2024-05-01,2025-02-01,2025-02-01,16,permanently_inactive_outside_recent_window
MT-TNG,36.L1.3060.USC3649,079,Vô hiệu hóa,2024-07-01,2025-03-01,2025-03-01,15,permanently_inactive_outside_recent_window
DNB,36.L1.3060.USC3649,081,Vô hiệu hóa,2024-04-01,2025-01-01,2025-01-01,17,permanently_inactive_outside_recent_window
Chưa xác định,36.L1.3060.USC3649,222,Vô hiệu hóa,2024-10-01,2024-10-01,2024-10-01,20,permanently_inactive_outside_recent_window
Chưa xác định,36.L1.3060.USC3649D,000,Vô hiệu hóa,2024-03-01,2024-11-01,2024-11-01,19,permanently_inactive_outside_recent_window
MT-TNG,36.L1.3060.USC3649D,059,Vô hiệu hóa,2024-05-01,2025-01-01,2025-01-01,17,permanently_inactive_outside_recent_window
TNB,36.L1.3060.USC3649D,063,Vô hiệu hóa,2024-06-01,2024-07-01,2024-07-01,23,permanently_inactive_outside_recent_window
TNB,36.L1.3060.USC3649D,069,Vô hiệu hóa,2024-04-01,2024-07-01,2024-07-01,23,permanently_inactive_outside_recent_window
MT-TNG,36.L1.3060.USC3649D,079,Vô hiệu hóa,2025-03-01,2025-04-01,2025-04-01,14,permanently_inactive_outside_recent_window
DNB,36.L1.3060.USC3649D,081,Vô hiệu hóa,2024-04-01,2024-04-01,2024-04-01,26,permanently_inactive_outside_recent_window
Chưa xác định,36.L1.3060.USC3649D,222,Vô hiệu hóa,2024-05-01,2024-07-01,2024-07-01,23,permanently_inactive_outside_recent_window
Chưa xác định,36.L1.3060.USC3650,000,Vô hiệu hóa,2024-03-01,2024-12-01,2024-12-01,18,permanently_inactive_outside_recent_window
TNB,36.L1.3060.USC3650,050,Vô hiệu hóa,2024-06-01,2024-12-01,2024-12-01,18,permanently_inactive_outside_recent_window
MT-TNG,36.L1.3060.USC3650,059,Vô hiệu hóa,2024-04-01,2025-01-01,2025-01-01,17,permanently_inactive_outside_recent_window
DNB,36.L1.3060.USC3650,060,Vô hiệu hóa,2024-05-01,2024-12-01,2024-12-01,18,permanently_inactive_outside_recent_window
DNB,36.L1.3060.USC3650,061,Vô hiệu hóa,2024-05-01,2025-02-01,2025-02-01,16,permanently_inactive_outside_recent_window
TNB,36.L1.3060.USC3650,069,Vô hiệu hóa,2024-05-01,2024-10-01,2024-10-01,20,permanently_inactive_outside_recent_window
MT-TNG,36.L1.3060.USC3650,072,Vô hiệu hóa,2024-07-01,2024-10-01,2024-10-01,20,permanently_inactive_outside_recent_window
MT-TNG,36.L1.3060.USC3650,079,Vô hiệu hóa,2024-06-01,2024-10-01,2024-10-01,20,permanently_inactive_outside_recent_window
DNB,36.L1.3060.USC3650,081,Vô hiệu hóa,2024-04-01,2024-12-01,2024-12-01,18,permanently_inactive_outside_recent_window
Chưa xác định,36.L1.3060.USC3650,093,Vô hiệu hóa,2024-07-01,2024-07-01,2024-07-01,23,permanently_inactive_outside_recent_window
Chưa xác định,36.L1.3060.USC3650,222,Vô hiệu hóa,2024-06-01,2024-10-01,2024-10-01,20,permanently_inactive_outside_recent_window
Chưa xác định,36.L1.3060.USC3651,000,Vô hiệu hóa,2024-03-01,2024-04-01,2024-04-01,26,permanently_inactive_outside_recent_window
MT-TNG,36.L1.3060.USC3651,001,Vô hiệu hóa,2024-04-01,2024-08-01,2024-08-01,22,permanently_inactive_outside_recent_window
DNB,36.L1.3060.USC3651,008,Vô hiệu hóa,2024-03-01,2025-02-01,2025-02-01,16,permanently_inactive_outside_recent_window
MT-TNG,36.L1.3060.USC3651,012,Vô hiệu hóa,2024-07-01,2024-12-01,2024-12-01,18,permanently_inactive_outside_recent_window
DNB,36.L1.3060.USC3651,013,Vô hiệu hóa,2024-05-01,2024-10-01,2024-10-01,20,permanently_inactive_outside_recent_window
MT-TNG,36.L1.3060.USC3651,014,Vô hiệu hóa,2024-04-01,2025-04-01,2025-04-01,14,permanently_inactive_outside_recent_window
TNB,36.L1.3060.USC3651,015,Vô hiệu hóa,2024-03-01,2025-04-01,2025-04-01,14,permanently_inactive_outside_recent_window
TNB,36.L1.3060.USC3651,016,Vô hiệu hóa,2024-04-01,2025-05-01,2025-05-01,13,permanently_inactive_outside_recent_window
DNB,36.L1.3060.USC3651,022,Vô hiệu hóa,2024-04-01,2024-09-01,2024-09-01,21,permanently_inactive_outside_recent_window
TNB,36.L1.3060.USC3651,024,Vô hiệu hóa,2024-08-01,2025-05-01,2025-05-01,13,permanently_inactive_outside_recent_window
MT-TNG,36.L1.3060.USC3651,099,Vô hiệu hóa,2024-04-01,2024-10-01,2024-10-01,20,permanently_inactive_outside_recent_window
Chưa xác định,36.L1.3060.USC3651D,000,Vô hiệu hóa,2024-03-01,2024-04-01,2024-04-01,26,permanently_inactive_outside_recent_window
MT-TNG,36.L1.3060.USC3651D,001,Vô hiệu hóa,2024-04-01,2024-06-01,2024-06-01,24,permanently_inactive_outside_recent_window
DNB,36.L1.3060.USC3651D,002,Vô hiệu hóa,2024-05-01,2025-02-01,2025-02-01,16,permanently_inactive_outside_recent_window
DNB,36.L1.3060.USC3651D,013,Vô hiệu hóa,2024-05-01,2024-08-01,2024-08-01,22,permanently_inactive_outside_recent_window
TNB,36.L1.3060.USC3651D,015,Vô hiệu hóa,2024-03-01,2025-04-01,2025-04-01,14,permanently_inactive_outside_recent_window
TNB,36.L1.3060.USC3651D,018,Vô hiệu hóa,2024-04-01,2024-09-01,2024-09-01,21,permanently_inactive_outside_recent_window
DNB,36.L1.3060.USC3651D,022,Vô hiệu hóa,2024-04-01,2024-09-01,2024-09-01,21,permanently_inactive_outside_recent_window
MT-TNG,36.L1.3060.USC3651D,099,Vô hiệu hóa,2024-05-01,2025-01-01,2025-01-01,17,permanently_inactive_outside_recent_window
Chưa xác định,36.L1.3060.USC3652,000,Vô hiệu hóa,2024-03-01,2024-04-01,2024-04-01,26,permanently_inactive_outside_recent_window
MT-TNG,36.L1.3060.USC3652,001,Vô hiệu hóa,2024-04-01,2024-07-01,2024-07-01,23,permanently_inactive_outside_recent_window
DNB,36.L1.3060.USC3652,002,Vô hiệu hóa,2024-03-01,2024-12-01,2024-12-01,18,permanently_inactive_outside_recent_window
DNB,36.L1.3060.USC3652,010,Vô hiệu hóa,2024-04-01,2024-12-01,2024-12-01,18,permanently_inactive_outside_recent_window
MT-TNG,36.L1.3060.USC3652,012,Vô hiệu hóa,2024-05-01,2024-12-01,2024-12-01,18,permanently_inactive_outside_recent_window
DNB,36.L1.3060.USC3652,013,Vô hiệu hóa,2024-04-01,2024-11-01,2024-11-01,19,permanently_inactive_outside_recent_window
TNB,36.L1.3060.USC3652,015,Vô hiệu hóa,2024-03-01,2025-04-01,2025-04-01,14,permanently_inactive_outside_recent_window
TNB,36.L1.3060.USC3652,016,Vô hiệu hóa,2024-04-01,2025-04-01,2025-04-01,14,permanently_inactive_outside_recent_window
TNB,36.L1.3060.USC3652,017,Vô hiệu hóa,2024-03-01,2025-03-01,2025-03-01,15,permanently_inactive_outside_recent_window
TNB,36.L1.3060.USC3652,018,Vô hiệu hóa,2024-04-01,2024-12-01,2024-12-01,18,permanently_inactive_outside_recent_window
DNB,36.L1.3060.USC3652,022,Vô hiệu hóa,2024-03-01,2024-10-01,2024-10-01,20,permanently_inactive_outside_recent_window
MT-TNG,36.L1.3060.USC3652,099,Vô hiệu hóa,2024-04-01,2024-09-01,2024-09-01,21,permanently_inactive_outside_recent_window
Chưa xác định,36.L1.6060.IP6001,000,Vô hiệu hóa,2024-03-01,2024-04-01,2024-04-01,26,permanently_inactive_outside_recent_window
Chưa xác định,36.L1.6060.IP6001,093,Vô hiệu hóa,2024-03-01,2024-04-01,2024-04-01,26,permanently_inactive_outside_recent_window
DNB,36.L1.6060.IP6001,097,Vô hiệu hóa,2024-04-01,2024-08-01,2024-08-01,22,permanently_inactive_outside_recent_window
Chưa xác định,36.L1.6060.IP6002,000,Vô hiệu hóa,2024-03-01,2024-04-01,2024-04-01,26,permanently_inactive_outside_recent_window
Chưa xác định,36.L1.6060.IP6002,093,Vô hiệu hóa,2024-03-01,2024-06-01,2024-06-01,24,permanently_inactive_outside_recent_window
DNB,36.L1.6060.IP6002,097,Vô hiệu hóa,2024-04-01,2024-09-01,2024-09-01,21,permanently_inactive_outside_recent_window
Chưa xác định,36.L1.6060.IP6003,000,Vô hiệu hóa,2024-03-01,2024-05-01,2024-05-01,25,permanently_inactive_outside_recent_window
Chưa xác định,36.L1.6060.IP6003,093,Vô hiệu hóa,2024-03-01,2024-06-01,2024-06-01,24,permanently_inactive_outside_recent_window
DNB,36.L1.6060.IP6003,097,Vô hiệu hóa,2024-04-01,2025-04-01,2025-04-01,14,permanently_inactive_outside_recent_window
Chưa xác định,36.L1.6060.IP6004,000,Vô hiệu hóa,2024-03-01,2024-05-01,2024-05-01,25,permanently_inactive_outside_recent_window
Chưa xác định,36.L1.6060.IP6004,093,Vô hiệu hóa,2024-03-01,2024-06-01,2024-06-01,24,permanently_inactive_outside_recent_window
DNB,36.L1.6060.IP6004,097,Vô hiệu hóa,2024-04-01,2024-08-01,2024-08-01,22,permanently_inactive_outside_recent_window
Chưa xác định,36.L1.6060.IP6005,000,Vô hiệu hóa,2024-03-01,2024-05-01,2024-05-01,25,permanently_inactive_outside_recent_window
Chưa xác định,36.L1.6060.IP6005,093,Vô hiệu hóa,2024-03-01,2024-06-01,2024-06-01,24,permanently_inactive_outside_recent_window
DNB,36.L1.6060.IP6005,097,Vô hiệu hóa,2024-04-01,2024-10-01,2024-10-01,20,permanently_inactive_outside_recent_window
Chưa xác định,36.L1.6060.IP6006,000,Vô hiệu hóa,2024-03-01,2024-05-01,2024-05-01,25,permanently_inactive_outside_recent_window
Chưa xác định,36.L1.6060.IP6006,093,Vô hiệu hóa,2024-03-01,2024-05-01,2024-05-01,25,permanently_inactive_outside_recent_window
DNB,36.L1.6060.IP6006,097,Vô hiệu hóa,2024-04-01,2024-06-01,2024-06-01,24,permanently_inactive_outside_recent_window
Chưa xác định,36.L1.6060.IP6007,000,Vô hiệu hóa,2024-03-01,2024-05-01,2024-05-01,25,permanently_inactive_outside_recent_window
DNB,36.L1.6060.IP6007,022,Vô hiệu hóa,2024-12-01,2024-12-01,2024-12-01,18,permanently_inactive_outside_recent_window
Chưa xác định,36.L1.6060.IP6007,093,Vô hiệu hóa,2024-03-01,2024-06-01,2024-06-01,24,permanently_inactive_outside_recent_window
DNB,36.L1.6060.IP6007,097,Vô hiệu hóa,2024-04-01,2025-02-01,2025-02-01,16,permanently_inactive_outside_recent_window
Chưa xác định,36.L1.6060.IP6007,222,Vô hiệu hóa,2024-12-01,2024-12-01,2024-12-01,18,permanently_inactive_outside_recent_window
Chưa xác định,36.L1.8080.IP8001,000,Vô hiệu hóa,2024-04-01,2024-05-01,2024-05-01,25,permanently_inactive_outside_recent_window
Chưa xác định,36.L1.8080.IP8001,093,Vô hiệu hóa,2024-06-01,2024-06-01,2024-06-01,24,permanently_inactive_outside_recent_window
DNB,36.L1.8080.IP8001,097,Vô hiệu hóa,2024-09-01,2024-09-01,2024-09-01,21,permanently_inactive_outside_recent_window
Chưa xác định,36.L1.8080.IP8002,000,Vô hiệu hóa,2024-05-01,2024-05-01,2024-05-01,25,permanently_inactive_outside_recent_window
Chưa xác định,36.L1.8080.IP8002,093,Vô hiệu hóa,2024-06-01,2024-06-01,2024-06-01,24,permanently_inactive_outside_recent_window
DNB,36.L1.8080.IP8002,097,Vô hiệu hóa,2024-05-01,2025-02-01,2025-02-01,16,permanently_inactive_outside_recent_window
Chưa xác định,36.L1.8080.IP8003,000,Vô hiệu hóa,2024-04-01,2024-05-01,2024-05-01,25,permanently_inactive_outside_recent_window
Chưa xác định,36.L1.8080.IP8003,093,Vô hiệu hóa,2024-06-01,2024-07-01,2024-07-01,23,permanently_inactive_outside_recent_window
DNB,36.L1.8080.IP8003,097,Vô hiệu hóa,2024-05-01,2024-08-01,2024-08-01,22,permanently_inactive_outside_recent_window
Chưa xác định,36.L1.8080.IP8004,000,Vô hiệu hóa,2024-04-01,2024-05-01,2024-05-01,25,permanently_inactive_outside_recent_window
Chưa xác định,36.L1.8080.IP8004,093,Vô hiệu hóa,2024-06-01,2024-06-01,2024-06-01,24,permanently_inactive_outside_recent_window
DNB,36.L1.8080.IP8004,097,Vô hiệu hóa,2024-06-01,2024-06-01,2024-06-01,24,permanently_inactive_outside_recent_window
Chưa xác định,36.L1.8080.IP8005,000,Vô hiệu hóa,2024-04-01,2024-05-01,2024-05-01,25,permanently_inactive_outside_recent_window
Chưa xác định,36.L1.8080.IP8005,093,Vô hiệu hóa,2024-06-01,2024-06-01,2024-06-01,24,permanently_inactive_outside_recent_window
DNB,36.L1.8080.IP8005,097,Vô hiệu hóa,2024-06-01,2024-06-01,2024-06-01,24,permanently_inactive_outside_recent_window
Chưa xác định,36.L1.8080.IP8006,000,Vô hiệu hóa,2024-04-01,2024-05-01,2024-05-01,25,permanently_inactive_outside_recent_window
Chưa xác định,36.L1.8080.IP8006,093,Vô hiệu hóa,2024-06-01,2024-07-01,2024-07-01,23,permanently_inactive_outside_recent_window
DNB,36.L1.8080.IP8006,097,Vô hiệu hóa,2024-07-01,2024-11-01,2024-11-01,19,permanently_inactive_outside_recent_window
Chưa xác định,36.L1.8080.IP8007,000,Vô hiệu hóa,2024-04-01,2024-05-01,2024-05-01,25,permanently_inactive_outside_recent_window
Chưa xác định,36.L1.8080.IP8007,093,Vô hiệu hóa,2024-06-01,2024-06-01,2024-06-01,24,permanently_inactive_outside_recent_window
DNB,36.L1.8080.IP8007,097,Vô hiệu hóa,2024-06-01,2024-07-01,2024-07-01,23,permanently_inactive_outside_recent_window
Chưa xác định,38.L1.3060.KAI3601,085,Vô hiệu hóa,2024-10-01,2024-10-01,2024-10-01,20,permanently_inactive_outside_recent_window
Chưa xác định,38.L1.3060.KAI3601AD,085,Vô hiệu hóa,2024-10-01,2024-10-01,2024-10-01,20,permanently_inactive_outside_recent_window
Chưa xác định,38.L1.3060.KAI3601AV,085,Vô hiệu hóa,2024-10-01,2024-10-01,2024-10-01,20,permanently_inactive_outside_recent_window
Chưa xác định,38.L1.3060.KAI3601BD,085,Vô hiệu hóa,2024-10-01,2024-10-01,2024-10-01,20,permanently_inactive_outside_recent_window
Chưa xác định,38.L1.3060.KAI3601BV,085,Vô hiệu hóa,2024-10-01,2024-10-01,2024-10-01,20,permanently_inactive_outside_recent_window
Chưa xác định,38.L1.3060.KAI3603,085,Vô hiệu hóa,2024-10-01,2024-11-01,2024-11-01,19,permanently_inactive_outside_recent_window
Chưa xác định,38.L1.3060.KAI3603D,085,Vô hiệu hóa,2024-10-01,2024-11-01,2024-11-01,19,permanently_inactive_outside_recent_window
Chưa xác định,38.L1.3060.KAI3604,085,Vô hiệu hóa,2024-10-01,2024-10-01,2024-10-01,20,permanently_inactive_outside_recent_window
Chưa xác định,38.L1.3060.KAI3605,085,Vô hiệu hóa,2024-10-01,2024-10-01,2024-10-01,20,permanently_inactive_outside_recent_window
Chưa xác định,38.L1.3060.KAI3605D,085,Vô hiệu hóa,2024-10-01,2024-11-01,2024-11-01,19,permanently_inactive_outside_recent_window
Chưa xác định,38.L1.3060.KAI3606,085,Vô hiệu hóa,2024-10-01,2024-11-01,2024-11-01,19,permanently_inactive_outside_recent_window
Chưa xác định,38.L1.3060.UGC3600,000,Vô hiệu hóa,2024-04-01,2024-08-01,2024-08-01,22,permanently_inactive_outside_recent_window
DNB,38.L1.3060.UGC3600,010,Vô hiệu hóa,2024-05-01,2024-11-01,2024-11-01,19,permanently_inactive_outside_recent_window
TNB,38.L1.3060.UGC3600,015,Vô hiệu hóa,2024-04-01,2024-10-01,2024-10-01,20,permanently_inactive_outside_recent_window
TNB,38.L1.3060.UGC3600,017,Vô hiệu hóa,2024-04-01,2024-07-01,2024-07-01,23,permanently_inactive_outside_recent_window
TNB,38.L1.3060.UGC3600,018,Vô hiệu hóa,2024-04-01,2024-10-01,2024-10-01,20,permanently_inactive_outside_recent_window
TNB,38.L1.3060.UGC3600,050,Vô hiệu hóa,2024-05-01,2025-04-01,2025-04-01,14,permanently_inactive_outside_recent_window
DNB,38.L1.3060.UGC3600,061,Vô hiệu hóa,2024-04-01,2024-05-01,2024-05-01,25,permanently_inactive_outside_recent_window
TNB,38.L1.3060.UGC3600,065,Vô hiệu hóa,2024-04-01,2024-09-01,2024-09-01,21,permanently_inactive_outside_recent_window
TNB,38.L1.3060.UGC3600,069,Vô hiệu hóa,2024-04-01,2024-04-01,2024-04-01,26,permanently_inactive_outside_recent_window
MT-TNG,38.L1.3060.UGC3600,072,Vô hiệu hóa,2024-04-01,2024-06-01,2024-06-01,24,permanently_inactive_outside_recent_window
TNB,38.L1.3060.UGC3600,073,Vô hiệu hóa,2024-05-01,2024-09-01,2024-09-01,21,permanently_inactive_outside_recent_window
DNB,38.L1.3060.UGC3600,076,Vô hiệu hóa,2024-05-01,2024-09-01,2024-09-01,21,permanently_inactive_outside_recent_window
TNB,38.L1.3060.UGC3600,098,Vô hiệu hóa,2024-05-01,2024-05-01,2024-05-01,25,permanently_inactive_outside_recent_window
Chưa xác định,38.L1.3060.UGC3600AD,000,Vô hiệu hóa,2024-08-01,2024-08-01,2024-08-01,22,permanently_inactive_outside_recent_window
DNB,38.L1.3060.UGC3600AD,010,Vô hiệu hóa,2024-05-01,2024-06-01,2024-06-01,24,permanently_inactive_outside_recent_window
MT-TNG,38.L1.3060.UGC3600AD,014,Vô hiệu hóa,2024-05-01,2025-04-01,2025-04-01,14,permanently_inactive_outside_recent_window
TNB,38.L1.3060.UGC3600AD,018,Vô hiệu hóa,2024-04-01,2025-01-01,2025-01-01,17,permanently_inactive_outside_recent_window
Chưa xác định,38.L1.3060.UGC3600AV,000,Vô hiệu hóa,2024-08-01,2024-08-01,2024-08-01,22,permanently_inactive_outside_recent_window
DNB,38.L1.3060.UGC3600AV,010,Vô hiệu hóa,2024-05-01,2024-06-01,2024-06-01,24,permanently_inactive_outside_recent_window
MT-TNG,38.L1.3060.UGC3600AV,014,Vô hiệu hóa,2024-06-01,2024-11-01,2024-11-01,19,permanently_inactive_outside_recent_window
TNB,38.L1.3060.UGC3600AV,017,Vô hiệu hóa,2024-04-01,2024-07-01,2024-07-01,23,permanently_inactive_outside_recent_window
TNB,38.L1.3060.UGC3600AV,018,Vô hiệu hóa,2024-04-01,2025-03-01,2025-03-01,15,permanently_inactive_outside_recent_window
Chưa xác định,38.L1.3060.UGC3600BD,000,Vô hiệu hóa,2024-04-01,2024-04-01,2024-04-01,26,permanently_inactive_outside_recent_window
TNB,38.L1.3060.UGC3600BD,050,Vô hiệu hóa,2024-05-01,2024-10-01,2024-10-01,20,permanently_inactive_outside_recent_window
DNB,38.L1.3060.UGC3600BD,061,Vô hiệu hóa,2024-04-01,2024-04-01,2024-04-01,26,permanently_inactive_outside_recent_window
TNB,38.L1.3060.UGC3600BD,063,Vô hiệu hóa,2024-06-01,2024-11-01,2024-11-01,19,permanently_inactive_outside_recent_window
TNB,38.L1.3060.UGC3600BD,065,Vô hiệu hóa,2024-04-01,2024-04-01,2024-04-01,26,permanently_inactive_outside_recent_window
TNB,38.L1.3060.UGC3600BD,069,Vô hiệu hóa,2024-04-01,2024-04-01,2024-04-01,26,permanently_inactive_outside_recent_window
TNB,38.L1.3060.UGC3600BD,073,Vô hiệu hóa,2024-06-01,2024-06-01,2024-06-01,24,permanently_inactive_outside_recent_window
Chưa xác định,38.L1.3060.UGC3600BV,000,Vô hiệu hóa,2024-04-01,2024-04-01,2024-04-01,26,permanently_inactive_outside_recent_window
DNB,38.L1.3060.UGC3600BV,061,Vô hiệu hóa,2024-04-01,2024-04-01,2024-04-01,26,permanently_inactive_outside_recent_window
TNB,38.L1.3060.UGC3600BV,063,Vô hiệu hóa,2024-05-01,2025-05-01,2025-05-01,13,permanently_inactive_outside_recent_window
TNB,38.L1.3060.UGC3600BV,065,Vô hiệu hóa,2024-04-01,2024-09-01,2024-09-01,21,permanently_inactive_outside_recent_window
TNB,38.L1.3060.UGC3600BV,069,Vô hiệu hóa,2024-04-01,2024-04-01,2024-04-01,26,permanently_inactive_outside_recent_window
TNB,38.L1.3060.UGC3600BV,073,Vô hiệu hóa,2024-06-01,2024-09-01,2024-09-01,21,permanently_inactive_outside_recent_window
DNB,38.L1.3060.UGC3600BV,076,Vô hiệu hóa,2024-06-01,2024-08-01,2024-08-01,22,permanently_inactive_outside_recent_window
TNB,38.L1.3060.UGC3600BV,098,Vô hiệu hóa,2024-05-01,2024-05-01,2024-05-01,25,permanently_inactive_outside_recent_window
Chưa xác định,38.L1.3060.UGC3602,000,Vô hiệu hóa,2024-04-01,2024-04-01,2024-04-01,26,permanently_inactive_outside_recent_window
DNB,38.L1.3060.UGC3602,008,Vô hiệu hóa,2024-05-01,2024-05-01,2024-05-01,25,permanently_inactive_outside_recent_window
DNB,38.L1.3060.UGC3602,010,Vô hiệu hóa,2024-05-01,2024-12-01,2024-12-01,18,permanently_inactive_outside_recent_window
MT-TNG,38.L1.3060.UGC3602,012,Vô hiệu hóa,2024-06-01,2025-01-01,2025-01-01,17,permanently_inactive_outside_recent_window
MT-TNG,38.L1.3060.UGC3602,014,Vô hiệu hóa,2024-05-01,2024-06-01,2024-06-01,24,permanently_inactive_outside_recent_window
TNB,38.L1.3060.UGC3602,015,Vô hiệu hóa,2024-05-01,2024-08-01,2024-08-01,22,permanently_inactive_outside_recent_window
TNB,38.L1.3060.UGC3602,016,Vô hiệu hóa,2024-04-01,2024-09-01,2024-09-01,21,permanently_inactive_outside_recent_window
TNB,38.L1.3060.UGC3602,017,Vô hiệu hóa,2024-04-01,2025-04-01,2025-04-01,14,permanently_inactive_outside_recent_window
TNB,38.L1.3060.UGC3602,018,Vô hiệu hóa,2024-05-01,2024-09-01,2024-09-01,21,permanently_inactive_outside_recent_window
DNB,38.L1.3060.UGC3602,019,Vô hiệu hóa,2024-04-01,2025-03-01,2025-03-01,15,permanently_inactive_outside_recent_window
TNB,38.L1.3060.UGC3602,050,Vô hiệu hóa,2024-04-01,2024-07-01,2024-07-01,23,permanently_inactive_outside_recent_window
DNB,38.L1.3060.UGC3602,061,Vô hiệu hóa,2024-04-01,2024-05-01,2024-05-01,25,permanently_inactive_outside_recent_window
TNB,38.L1.3060.UGC3602,063,Vô hiệu hóa,2024-05-01,2024-08-01,2024-08-01,22,permanently_inactive_outside_recent_window
MT-TNG,38.L1.3060.UGC3602,064,Vô hiệu hóa,2024-10-01,2024-10-01,2024-10-01,20,permanently_inactive_outside_recent_window
TNB,38.L1.3060.UGC3602,065,Vô hiệu hóa,2024-09-01,2025-04-01,2025-04-01,14,permanently_inactive_outside_recent_window
MT-TNG,38.L1.3060.UGC3602,072,Vô hiệu hóa,2024-04-01,2024-06-01,2024-06-01,24,permanently_inactive_outside_recent_window
TNB,38.L1.3060.UGC3602,073,Vô hiệu hóa,2024-04-01,2024-10-01,2024-10-01,20,permanently_inactive_outside_recent_window
TNB,38.L1.3060.UGC3602,098,Vô hiệu hóa,2024-04-01,2025-04-01,2025-04-01,14,permanently_inactive_outside_recent_window
DNB,38.L1.3060.UGC3602AD,010,Vô hiệu hóa,2024-05-01,2024-07-01,2024-07-01,23,permanently_inactive_outside_recent_window
MT-TNG,38.L1.3060.UGC3602AD,012,Vô hiệu hóa,2024-06-01,2025-03-01,2025-03-01,15,permanently_inactive_outside_recent_window
TNB,38.L1.3060.UGC3602AD,015,Vô hiệu hóa,2024-05-01,2025-01-01,2025-01-01,17,permanently_inactive_outside_recent_window
TNB,38.L1.3060.UGC3602AD,017,Vô hiệu hóa,2024-05-01,2024-06-01,2024-06-01,24,permanently_inactive_outside_recent_window
TNB,38.L1.3060.UGC3602AD,018,Vô hiệu hóa,2024-05-01,2025-01-01,2025-01-01,17,permanently_inactive_outside_recent_window
DNB,38.L1.3060.UGC3602AD,019,Vô hiệu hóa,2024-04-01,2024-04-01,2024-04-01,26,permanently_inactive_outside_recent_window
DNB,38.L1.3060.UGC3602AV,008,Vô hiệu hóa,2024-05-01,2024-05-01,2024-05-01,25,permanently_inactive_outside_recent_window
DNB,38.L1.3060.UGC3602AV,010,Vô hiệu hóa,2024-05-01,2024-09-01,2024-09-01,21,permanently_inactive_outside_recent_window
MT-TNG,38.L1.3060.UGC3602AV,012,Vô hiệu hóa,2024-06-01,2025-03-01,2025-03-01,15,permanently_inactive_outside_recent_window
MT-TNG,38.L1.3060.UGC3602AV,014,Vô hiệu hóa,2024-05-01,2025-04-01,2025-04-01,14,permanently_inactive_outside_recent_window
TNB,38.L1.3060.UGC3602AV,015,Vô hiệu hóa,2024-05-01,2024-08-01,2024-08-01,22,permanently_inactive_outside_recent_window
TNB,38.L1.3060.UGC3602AV,016,Vô hiệu hóa,2024-04-01,2024-08-01,2024-08-01,22,permanently_inactive_outside_recent_window
TNB,38.L1.3060.UGC3602AV,017,Vô hiệu hóa,2024-04-01,2025-04-01,2025-04-01,14,permanently_inactive_outside_recent_window
DNB,38.L1.3060.UGC3602AV,019,Vô hiệu hóa,2024-04-01,2025-04-01,2025-04-01,14,permanently_inactive_outside_recent_window
TNB,38.L1.3060.UGC3602BD,050,Vô hiệu hóa,2024-04-01,2024-06-01,2024-06-01,24,permanently_inactive_outside_recent_window
DNB,38.L1.3060.UGC3602BD,061,Vô hiệu hóa,2024-04-01,2024-05-01,2024-05-01,25,permanently_inactive_outside_recent_window
TNB,38.L1.3060.UGC3602BD,063,Vô hiệu hóa,2024-05-01,2024-06-01,2024-06-01,24,permanently_inactive_outside_recent_window
TNB,38.L1.3060.UGC3602BD,065,Vô hiệu hóa,2024-05-01,2025-03-01,2025-03-01,15,permanently_inactive_outside_recent_window
MT-TNG,38.L1.3060.UGC3602BD,072,Vô hiệu hóa,2024-04-01,2024-05-01,2024-05-01,25,permanently_inactive_outside_recent_window
TNB,38.L1.3060.UGC3602BD,073,Vô hiệu hóa,2024-04-01,2024-08-01,2024-08-01,22,permanently_inactive_outside_recent_window
DNB,38.L1.3060.UGC3602BV,061,Vô hiệu hóa,2024-04-01,2024-05-01,2024-05-01,25,permanently_inactive_outside_recent_window
TNB,38.L1.3060.UGC3602BV,063,Vô hiệu hóa,2024-05-01,2025-04-01,2025-04-01,14,permanently_inactive_outside_recent_window
MT-TNG,38.L1.3060.UGC3602BV,072,Vô hiệu hóa,2024-04-01,2024-06-01,2024-06-01,24,permanently_inactive_outside_recent_window
TNB,38.L1.3060.UGC3602BV,073,Vô hiệu hóa,2024-04-01,2024-08-01,2024-08-01,22,permanently_inactive_outside_recent_window
TNB,38.L1.3060.UGC3602BV,098,Vô hiệu hóa,2024-04-01,2025-01-01,2025-01-01,17,permanently_inactive_outside_recent_window
Chưa xác định,38.L1.5050.SVKAI501,085,Vô hiệu hóa,2024-07-01,2024-11-01,2024-11-01,19,permanently_inactive_outside_recent_window
Chưa xác định,38.L1.5050.SVKAI502,085,Vô hiệu hóa,2024-07-01,2024-09-01,2024-09-01,21,permanently_inactive_outside_recent_window
Chưa xác định,38.L1.5050.SVKAI503,085,Vô hiệu hóa,2024-07-01,2024-07-01,2024-07-01,23,permanently_inactive_outside_recent_window
Chưa xác định,38.L1.5050.SVKAI504,085,Vô hiệu hóa,2024-07-01,2024-11-01,2024-11-01,19,permanently_inactive_outside_recent_window
Chưa xác định,38.L1.5050.SVKAI505,085,Vô hiệu hóa,2024-07-01,2024-11-01,2024-11-01,19,permanently_inactive_outside_recent_window
Chưa xác định,38.L1.5050.SVKAI506,085,Vô hiệu hóa,2024-07-01,2024-11-01,2024-11-01,19,permanently_inactive_outside_recent_window
Chưa xác định,38.L1.5050.SVKAI507,085,Vô hiệu hóa,2024-07-01,2024-11-01,2024-11-01,19,permanently_inactive_outside_recent_window
Chưa xác định,41.L1.4080.S4101,085,Vô hiệu hóa,2024-09-01,2024-09-01,2024-09-01,21,permanently_inactive_outside_recent_window
Chưa xác định,41.L1.4080.S4103,085,Vô hiệu hóa,2024-09-01,2024-09-01,2024-09-01,21,permanently_inactive_outside_recent_window
Chưa xác định,41.L1.4080.S4104,085,Vô hiệu hóa,2024-09-01,2024-09-01,2024-09-01,21,permanently_inactive_outside_recent_window
Chưa xác định,41.L1.4080.S4105,085,Vô hiệu hóa,2024-09-01,2024-09-01,2024-09-01,21,permanently_inactive_outside_recent_window
Chưa xác định,41.L1.4080.S4106,085,Vô hiệu hóa,2024-09-01,2024-09-01,2024-09-01,21,permanently_inactive_outside_recent_window
Chưa xác định,41.L1.4080.S4107,085,Vô hiệu hóa,2024-09-01,2024-09-01,2024-09-01,21,permanently_inactive_outside_recent_window
Chưa xác định,41.L1.4080.S4201,085,Vô hiệu hóa,2024-09-01,2024-09-01,2024-09-01,21,permanently_inactive_outside_recent_window
Chưa xác định,41.L1.4080.S4204,085,Vô hiệu hóa,2024-09-01,2024-09-01,2024-09-01,21,permanently_inactive_outside_recent_window
Chưa xác định,41.L1.4080.S4206,085,Vô hiệu hóa,2024-09-01,2024-09-01,2024-09-01,21,permanently_inactive_outside_recent_window
Chưa xác định,41.L1.5050.M5190,085,Vô hiệu hóa,2024-07-01,2024-12-01,2024-12-01,18,permanently_inactive_outside_recent_window
Chưa xác định,41.L1.5050.M5191,085,Vô hiệu hóa,2024-07-01,2024-10-01,2024-10-01,20,permanently_inactive_outside_recent_window
Chưa xác định,41.L1.5050.M5192,085,Vô hiệu hóa,2024-07-01,2024-10-01,2024-10-01,20,permanently_inactive_outside_recent_window
Chưa xác định,41.L1.5050.M5193,085,Vô hiệu hóa,2024-09-01,2024-10-01,2024-10-01,20,permanently_inactive_outside_recent_window
Chưa xác định,41.L1.6060.S6152,085,Vô hiệu hóa,2024-09-01,2024-09-01,2024-09-01,21,permanently_inactive_outside_recent_window
