adi_threshold,cv2_threshold,score,separation,entropy,min_share,min_weighted_share,min_count_share,smooth_share,erratic_share,intermittent_share,lumpy_share,smooth_count_share,erratic_count_share,intermittent_count_share,lumpy_count_share
2.4545454545454546,0.9797744030734977,0.7121764114724842,0.6701410275399804,0.9503769204233391,0.12088684957022443,0.12088684957022443,0.1172400720310871,0.36999906537255756,0.27914339606650207,0.22997068899071474,0.12088684957022443,0.38015353994882,0.27893090702303097,0.2236754809970619,0.1172400720310871
2.3333333333333335,0.9797744030734977,0.7121608003623453,0.6677029042104683,0.9640888785563151,0.1344870317220126,0.1344870317220126,0.13155151170505167,0.3482230191827732,0.26554321391471414,0.251746735180499,0.1344870317220126,0.35740688086437306,0.26461946734906644,0.24642214008150887,0.13155151170505167
2.3333333333333335,1.0172913274134003,0.7120541565019582,0.6690133072480773,0.9559523022739502,0.12559363210198243,0.12559363210198243,0.12302151454838404,0.3643729079282679,0.2493933251692194,0.2606401348005287,0.12559363210198243,0.3737086532082267,0.24831769500521278,0.2549521372381765,0.12302151454838404
2.4545454545454546,1.0172913274134003,0.7120007140742086,0.6713802619934961,0.9421832758649129,0.11264824976655091,0.11264824976655091,0.10937351909771585,0.38680375393440974,0.26233870750465044,0.23820928879438794,0.11264824976655091,0.39711875651597006,0.261965690455881,0.23154203393043313,0.10937351909771585
2.4545454545454546,0.9442831766226341,0.7113259064420565,0.6680746045838061,0.9564166169721424,0.12823293205548275,0.12823293205548275,0.12425362524879158,0.35242429466481645,0.2967181667742435,0.22262460650545626,0.12823293205548275,0.362240545919818,0.296843901052033,0.21666192777935742,0.12425362524879158
2.3333333333333335,0.9442831766226341,0.7112873992321811,0.6656151922156397,0.9700965723259157,0.14257707778129877,0.14257707778129877,0.1393232868922377,0.33139221204905955,0.2823740210484278,0.24365668912121277,0.14257707778129877,0.3402521088048526,0.28177423940858687,0.23865036489432281,0.1393232868922377
2.4545454545454546,1.0595521457887163,0.7111035541897525,0.6720680604909894,0.9323046851494099,0.10540041908447444,0.10540041908447444,0.10254952137238177,0.40457703967095804,0.24456542176810328,0.2454571194764645,0.10540041908447444,0.4152213060373424,0.2438631409345086,0.23836603165576722,0.10254952137238177
2.3333333333333335,1.0595521457887163,0.7110974215750719,0.6696389743222662,0.9460286226743051,0.11730874008189136,0.11730874008189136,0.11515496161501279,0.381109132326801,0.23265710077068658,0.26892502682061975,0.11730874008189136,0.39076864752156193,0.23125770069187754,0.26281869017154774,0.11515496161501279
2.272727272727273,0.9797744030734977,0.7110846259336497,0.6655183328342774,0.9692936201634267,0.14083867843491168,0.14083867843491168,0.13761728746090418,0.33737356402168117,0.25919156720181574,0.26259619034159115,0.14083867843491168,0.3472656620225571,0.2585536915932139,0.2565633589233248,0.13761728746090418
2.272727272727273,1.0172913274134003,0.7110564443217751,0.6669063491291893,0.9612403170797617,0.13184209194478275,0.13184209194478275,0.12899251255805136,0.3534202658970771,0.24314486532641943,0.27159277683171956,0.13184209194478275,0.3634726566202256,0.24234669699554545,0.2651881338261776,0.12899251255805136
2.6,0.9797744030734977,0.7101717660653565,0.6699191426158688,0.9382699656124532,0.11115583736833061,0.11115583736833061,0.10776229741256753,0.3852329144707002,0.2888744082683966,0.21473683989257264,0.11115583736833061,0.3947493128613402,0.2884086816415506,0.20907970808454174,0.10776229741256753
2.272727272727273,0.9442831766226341,0.7101581231787711,0.6633810073919872,0.9752284459705468,0.14910085209225382,0.14910085209225382,0.1455786181404606,0.32071488448602387,0.2758502467374724,0.25433401668424926,0.14910085209225382,0.33030044545540704,0.27551890816036395,0.24860202824376837,0.1455786181404606
2.272727272727273,1.0595521457887163,0.710147154474088,0.6675772666216431,0.9513765189712767,0.12338507232663554,0.12338507232663554,0.12093640413230973,0.36998436269755364,0.2265807685259426,0.28004979644986633,0.12338507232663554,0.3803430954411904,0.2254762581745806,0.27324424225191923,0.12093640413230973
2.6,1.0172913274134003,0.710015245585499,0.6711775292094492,0.9300956383831148,0.10360764479353807,0.10360764479353807,0.10055918870249266,0.40272801026143384,0.2713793124776631,0.22228503246736478,0.10360764479353807,0.4123779736517866,0.27078002085110414,0.2162828167946166,0.10055918870249266
2.3333333333333335,0.9104842264238117,0.7094127871954178,0.6626880347514638,0.9741863843778243,0.15047419986510277,0.15047419986510277,0.14700028433323856,0.3142641918473295,0.2995020412501593,0.23575956703740888,0.15047419986510277,0.3233816699838878,0.2986446782295517,0.23097336745332195,0.14700028433323856
2.6,0.9442831766226341,0.7093310464561171,0.6678614308505151,0.9443255348878622,0.11796486603209565,0.11796486603209565,0.11430196189934604,0.36712108994146514,0.30698623279763104,0.20792781122880774,0.11796486603209565,0.3763624301014122,0.30679556440147854,0.20254004359776326,0.11430196189934604
2.4545454545454546,0.9104842264238117,0.7092533222006484,0.6649480073836378,0.9603167728303754,0.13462220167429154,0.13462220167429154,0.1304141787508293,0.3337884219980894,0.315354039440969,0.21623533688664745,0.13462220167429154,0.3438536631598901,0.31523078381196096,0.21050137427731969,0.1304141787508293
2.6,1.0595521457887163,0.7091628788299386,0.6719129010096467,0.9202460864782589,0.09707109094771356,0.09707109094771356,0.09439863520045494,0.4212125728342339,0.2528947499048642,0.22882158631318933,0.09707109094771356,0.43114396739645533,0.2520140271064354,0.22244337029665434,0.09439863520045494
2.3333333333333335,1.1033413936395722,0.7087323559488758,0.6689550228471468,0.9341372435253403,0.10906655965113315,0.10906655965113315,0.10700407544308596,0.3978234493604167,0.21594278373707174,0.2771672072513775,0.10906655965113315,0.4074495308501564,0.2145768173632831,0.27096957634347457,0.10700407544308596
2.4545454545454546,1.1033413936395722,0.7086811535235575,0.6713268356041469,0.9203556217335518,0.09777547314599011,0.09777547314599011,0.0950620794237513,0.42190859119684804,0.22723387024221448,0.2530820654149487,0.09777547314599011,0.4325656335892332,0.22651881338261776,0.2458534736043977,0.0950620794237513
2.1666666666666665,0.9797744030734977,0.7086511774735537,0.6615781241297249,0.9753984797552493,0.15145268617662763,0.15145268617662763,0.14813761728746092,0.32490404835629183,0.24857755946010024,0.27506570600698005,0.15145268617662763,0.33437588854137046,0.2480333617666572,0.2694531324045114,0.14813761728746092
2.1666666666666665,1.0172913274134003,0.708650162521147,0.6629913636274065,0.9673833562523437,0.14210750217080778,0.14210750217080778,0.13913373139986732,0.3406021527159981,0.2328794551003946,0.2844108900127992,0.14210750217080778,0.35020377215429815,0.2322054781537295,0.278457018292105,0.13913373139986732
2.272727272727273,0.9104842264238117,0.7084527516412995,0.6606166833244664,0.9795238054366869,0.158163750492214,0.158163750492214,0.15429817078949862,0.30475264060044943,0.2918124906230489,0.24527111828428974,0.158163750492214,0.3144725618424794,0.29134679177329165,0.23988247559473036,0.15429817078949862
2.1666666666666665,0.9442831766226341,0.7078004151842892,0.6595172585324021,0.9814049695449822,0.16045259249502303,0.16045259249502303,0.1568571699364989,0.30898310148168845,0.26449850633470406,0.26606579968858557,0.16045259249502303,0.318168893943702,0.26424035636432563,0.2607335797554734,0.1568571699364989
2.272727272727273,1.1033413936395722,0.7077466391704589,0.6668565546329,0.939457118216626,0.11461036605740459,0.11461036605740459,0.11231162922945692,0.38616615389269654,0.21039897733080037,0.28882450271909654,0.11461036605740459,0.3965500900388589,0.20926926357691214,0.2818690171547721,0.11231162922945692
2.1666666666666665,1.0595521457887163,0.7077385715998965,0.6636598794570383,0.9575178270760935,0.13319811188844224,0.13319811188844224,0.1306037342431997,0.3567138788522559,0.2167677289641362,0.29332028029516394,0.13319811188844224,0.36660032224433703,0.21580892806369065,0.28698701544877264,0.1306037342431997
2.6,0.9104842264238117,0.7072749798392484,0.664745807263577,0.9482736244347194,0.12393152557219515,0.12393152557219515,0.12008340441664297,0.34806260719603005,0.3260447155430646,0.20196115168870832,0.12393152557219515,0.35759643635674343,0.3255615581461473,0.1967586010804663,0.12008340441664297
2.3333333333333335,0.8757198401870869,0.7068272593530546,0.6592255080437653,0.9765705167723601,0.15891163391347238,0.15891163391347238,0.1551511705051654,0.2976813436464627,0.3160848894510251,0.2273221329890402,0.15891163391347238,0.30660600890910816,0.31542033930433133,0.22282248128139512,0.1551511705051654
2.6,1.1033413936395722,0.7067628590648358,0.6711954166100151,0.9083116996421531,0.09011247587742674,0.09011247587742674,0.08757463747512084,0.43921045522831953,0.23489686751077787,0.23578020138347594,0.09011247587742674,0.4491517391716425,0.23400625533124822,0.22926736802198844,0.08757463747512084
2.4545454545454546,0.8757198401870869,0.7066713168107908,0.6614838036772049,0.9627338912344438,0.14231585713792716,0.14231585713792716,0.13780684295327458,0.31646179521249035,0.3326806662265685,0.20854168142301235,0.14231585713792716,0.32631978011562884,0.33276466685622214,0.2031087100748744,0.13780684295327458
2.7142857142857144,0.9797744030734977,0.7064346683888494,0.6678184859682688,0.9252597021054733,0.1026699116515286,0.1026699116515286,0.09904274476352952,0.4000661437541262,0.2973603339851981,0.19990361060914702,0.1026699116515286,0.41000852999715665,0.29712823429058854,0.19382049094872525,0.09904274476352952
2.7142857142857144,1.0172913274134003,0.7062480582048418,0.6690440054532314,0.9170710237973011,0.09564440664785984,0.09564440664785984,0.09231352478438062,0.41808392711598413,0.279342550623341,0.20692911561281566,0.09564440664785984,0.42811107951852906,0.2790256847692162,0.20054971092787413,0.09231352478438062
2.1666666666666665,0.9104842264238117,0.7061633382629879,0.656824785513678,0.9857484705090782,0.17021334760852136,0.17021334760852136,0.16624016680883327,0.29371871430965085,0.2797628935067407,0.2563050445750874,0.17021334760852136,0.3030044545540707,0.279404795753957,0.25135058288313905,0.16624016680883327
2.272727272727273,0.8757198401870869,0.7059243515043414,0.6572108706482944,0.9819674096886081,0.16721977417808384,0.16721977417808384,0.16301772343853663,0.2887883820370821,0.3077767491864151,0.23621509459842008,0.16721977417808384,0.2982655672448109,0.3075537863709601,0.23116292294569235,0.16301772343853663
2.7142857142857144,0.9442831766226341,0.7055723819065276,0.6657385699976182,0.9312973160570144,0.10883794408451243,0.10883794408451243,0.10491896502701166,0.3813133229941097,0.3161131547452122,0.19373557817616355,0.10883794408451243,0.3909582030139323,0.3161785612738129,0.1879442706852431,0.10491896502701166
2.3333333333333335,1.1477491043017711,0.7054988624242664,0.6675697954061279,0.920430242193718,0.10204021671032051,0.10204021671032051,0.10027485546393707,0.41576683604007386,0.19799939705741684,0.28419355019218967,0.10204021671032051,0.4254573026253436,0.1965690455880959,0.27769879632262345,0.10027485546393707
2.7142857142857144,1.0595521457887163,0.7053791248927896,0.6697650902396851,0.9071919879270485,0.08956627667217051,0.08956627667217051,0.08662686001326889,0.43702691355891726,0.2603995641804066,0.2130072455885048,0.08956627667217051,0.4473509619941238,0.25978580229362147,0.20623637569898587,0.08662686001326889
2.4545454545454546,1.1477491043017711,0.7053596694877173,0.6698570460840654,0.9065412021084122,0.09105710063968993,0.09105710063968993,0.088617192683158,0.4401599483110152,0.20898251312804655,0.25980043792124863,0.09105710063968993,0.450857738602976,0.208226708368875,0.252298360344991,0.088617192683158
2.1666666666666665,1.1033413936395722,0.7053219881392349,0.6629173385689116,0.9456150023710665,0.124028967132173,0.124028967132173,0.12159984835560611,0.37250123156035964,0.2009803762560327,0.30248942505143245,0.124028967132173,0.3824282058572647,0.19998104445076295,0.29599090133636624,0.12159984835560611
2.089449515082182,0.9797744030734977,0.7052670021158666,0.6567562753202372,0.9801611206244336,0.1632447025941028,0.1632447025941028,0.15960572457586958,0.31318316709321714,0.23678554304262558,0.28678658727005446,0.1632447025941028,0.32262344801440623,0.2365652544782485,0.2812055729314757,0.15960572457586958
2.089449515082182,1.0172913274134003,0.7051986106157224,0.6581002117053711,0.97208953777438,0.15317397816388065,0.15317397816388065,0.1499383944649796,0.3281557310285204,0.2218129791073221,0.2968573117002753,0.15317397816388065,0.33778788740403753,0.2214008150886172,0.2908729030423656,0.1499383944649796
2.6,0.8757198401870869,0.7047046817122323,0.6612912117311156,0.9507143449385608,0.13108703767956212,0.13108703767956212,0.12700217988816226,0.3301978370541606,0.34390948568493396,0.1948056395813417,0.13108703767956212,0.33958866458155623,0.3435693299213345,0.18983982560894702,0.12700217988816226
2.089449515082182,0.9442831766226341,0.7044887136987447,0.6547715616962486,0.9862192417128889,0.17287858696848926,0.17287858696848926,0.16898872144820395,0.2978961982746038,0.25207251186123836,0.2771527028956689,0.17287858696848926,0.3070798976400341,0.2521088048526206,0.27182257605914134,0.16898872144820395
2.272727272727273,1.1477491043017711,0.7044512596576742,0.6654035629214577,0.9257215411629002,0.10704710439943262,0.10704710439943262,0.10510852051938205,0.4035726218551945,0.19299250936830506,0.296387764377068,0.10704710439943262,0.41408397308312006,0.19173538053265093,0.28907212586484693,0.10510852051938205
2.089449515082182,1.0595521457887163,0.7042233799363599,0.6587039141647111,0.9621670193090366,0.14358582459831842,0.14358582459831842,0.14074495308501564,0.3435886938815827,0.20638001625426056,0.3064454652658374,0.14358582459831842,0.35352099327078,0.20566770922187472,0.30006634442232966,0.14074495308501564
2.1666666666666665,0.8757198401870869,0.7037259340202335,0.6535128847770183,0.9882665463984533,0.18004908069965495,0.18004908069965495,0.17571794142735286,0.2785341651515484,0.29494744266484374,0.24646931148395387,0.18004908069965495,0.2875556819258838,0.2948535683821439,0.24187280826461946,0.17571794142735286
2.7142857142857144,0.9104842264238117,0.7035147033551873,0.6626163013972628,0.9352723144500928,0.11432085409496336,0.11432085409496336,0.11022651881338262,0.36177109071902536,0.3356553870202955,0.18825266816571262,0.11432085409496336,0.3717183205383376,0.33541844374940766,0.18263671689887215,0.11022651881338262
2.6,1.1477491043017711,0.7033598981174389,0.669645109382496,0.8944103676154485,0.08360486999001022,0.08360486999001022,0.08131930622689792,0.45767257896137187,0.21643474377772642,0.24228780727089239,0.08360486999001022,0.4676333996777557,0.21552459482513506,0.23552269927021136,0.08131930622689792
2.3333333333333335,0.842693318210332,0.7031075572475962,0.6547969648400274,0.9768675808904866,0.16658202795617985,0.16658202795617985,0.16254383470761066,0.28034845185354024,0.3334177812439455,0.2196517389463326,0.16658202795617985,0.2892616813572173,0.33276466685622214,0.21542981707894987,0.16254383470761066
2.7142857142857144,1.1033413936395722,0.703030142028841,0.6690995854449677,0.8953032960041227,0.08336661467488064,0.08336661467488064,0.08056108425741636,0.4557837490260004,0.2416427287133237,0.2192069075857944,0.08336661467488064,0.4661169557387925,0.24101980854895272,0.2123021514548384,0.08056108425741636
2.4545454545454546,0.842693318210332,0.7029581109410799,0.6570570361060064,0.963064201673163,0.149255164983804,0.149255164983804,0.14444128518623828,0.2983978172227382,0.35074464421632096,0.2016023735771358,0.149255164983804,0.3082172305942565,0.35086721637759455,0.19647426784191072,0.14444128518623828
2.089449515082182,0.9104842264238117,0.7028806871616736,0.6521167541312174,0.9905429743342593,0.18305215426830032,0.18305215426830032,0.1787508293052791,0.28304462328887947,0.26692408684696173,0.2669791355958579,0.18305215426830032,0.2922945692351436,0.26689413325751116,0.26206046820206613,0.1787508293052791
2.272727272727273,0.842693318210332,0.7022281403701355,0.6528085595379456,0.982272431752545,0.17530923922766972,0.17530923922766972,0.17078949862572268,0.2718745612510391,0.324690569972456,0.2281256295488341,0.17530923922766972,0.2813003506776609,0.32451900293811015,0.2233911477585063,0.17078949862572268
2.1666666666666665,1.1477491043017711,0.7019230260389666,0.6613578553371432,0.9317923266826331,0.11572466805244022,0.11572466805244022,0.11363851767604967,0.389166662101097,0.18431494571529777,0.3107937241311642,0.11572466805244022,0.39920386693204435,0.18320538337598333,0.30395223201592264,0.11363851767604967
2.089449515082182,1.1033413936395722,0.7017333260162328,0.6578806330632552,0.9502319194164398,0.13381655665384215,0.13381655665384215,0.13117240072031086,0.3587759234014791,0.19119278673436432,0.31621473321031107,0.13381655665384215,0.36878021040659653,0.1904084920860582,0.3096388967870344,0.13117240072031086
2.6,0.842693318210332,0.7009734375314138,0.6568446206488521,0.951036733199264,0.137395192850961,0.137395192850961,0.13306795564401477,0.31150270638993194,0.36260461634916397,0.18849748440994296,0.137395192850961,0.3209174485830727,0.362240545919818,0.1837740498530945,0.13306795564401477
2.3333333333333335,1.1994428481028652,0.7008943891321534,0.6649756043547512,0.9044341695374329,0.09486450577082618,0.09486450577082618,0.09335607999241778,0.43364761239948807,0.18011862069800172,0.2913692611316834,0.09486450577082618,0.44318074116197514,0.17884560705146432,0.2846175717941427,0.09335607999241778
2.7142857142857144,0.8757198401870869,0.7008384672985677,0.6590581444855924,0.9375936299054277,0.12052122838672572,0.12052122838672572,0.11619751682304995,0.3429511827615525,0.35447529497776953,0.18205229387395025,0.12052122838672572,0.35276277130129846,0.3543739929864468,0.17666571888920482,0.11619751682304995
2.4545454545454546,1.1994428481028652,0.7007178783551877,0.6672273100132489,0.8904977656261747,0.08437155328529417,0.08437155328529417,0.08217230594256468,0.45853088825553,0.19061157318353375,0.26648598527564427,0.08437155328529417,0.4690550658705336,0.19002938110131742,0.2587432470855843,0.08217230594256468
2.089449515082182,0.8757198401870869,0.7004854784099007,0.6488533658922941,0.9930674493430051,0.1934223896451483,0.1934223896451483,0.18879727040090988,0.2683945764164921,0.2815741337193491,0.2566089002190102,0.1934223896451483,0.27741446308406786,0.28177423940858687,0.2520140271064354,0.18879727040090988
2.857142857142857,0.9797744030734977,0.7002460355209538,0.6634974892575318,0.9084877976803446,0.09127340179007709,0.09127340179007709,0.08785897071367643,0.4138174915079733,0.30875684384664953,0.1861522628553018,0.09127340179007709,0.42346696995545446,0.30831200834044165,0.18036205099042746,0.08785897071367643
2.857142857142857,1.0172913274134003,0.700112550738685,0.664779670638364,0.9003322046405036,0.08497431678399284,0.08497431678399284,0.0818879727040091,0.4325616948674132,0.29001264048720854,0.1924513478613859,0.08497431678399284,0.44232774144630843,0.28945123684958773,0.18633304900009479,0.0818879727040091
2.1666666666666665,0.842693318210332,0.7000095271386942,0.6490966850783215,0.9885156321474731,0.18835063493717882,0.18835063493717882,0.1836792721069093,0.2618324335534436,0.31164917426294847,0.23816775724643008,0.18835063493717882,0.27078002085110414,0.3116292294569235,0.23391147758506303,0.1836792721069093
2.272727272727273,1.1994428481028652,0.6998483298978858,0.6628073174717333,0.9097474003127501,0.09958141815160163,0.09958141815160163,0.09790541180930717,0.42116342290627296,0.17540170831722637,0.30385345062489827,0.09958141815160163,0.4315230783811961,0.17429627523457492,0.29627523457492183,0.09790541180930717
2.7142857142857144,1.1477491043017711,0.6996650195554206,0.6675899572779205,0.8814237057945885,0.07754038500037189,0.07754038500037189,0.0749691972324898,0.47492724897196126,0.2224992287673643,0.2250331372603032,0.07754038500037189,0.4852620604682021,0.22187470381954316,0.21789403847976496,0.0749691972324898
2.857142857142857,0.9442831766226341,0.6993297640548066,0.6613607133798188,0.9144877178797376,0.09680954428594545,0.09680954428594545,0.09316652450004739,0.394432780810841,0.32814155454377814,0.1806161203594332,0.09680954428594545,0.40384797649511894,0.32793100180077717,0.1750544972040565,0.09316652450004739
2.857142857142857,1.0595521457887163,0.6992119095531972,0.6654683626843052,0.8904253418102517,0.07930724954495667,0.07930724954495667,0.07658041891763814,0.4519157440470009,0.27065859130762016,0.1981184151004217,0.07930724954495667,0.4619467349066439,0.2698322433892522,0.19164060278646575,0.07658041891763814
2.6,1.1994428481028652,0.698711913045761,0.667011037433002,0.8783502081847285,0.07739736621587216,0.07739736621587216,0.0753483082172306,0.4765215624861447,0.19758576025295532,0.24849531104503056,0.07739736621587216,0.4863046156762392,0.1968533788266515,0.24149369727987868,0.0753483082172306
2.3333333333333335,0.8139924478098464,0.6985264385138336,0.6496244480376521,0.9756377178788621,0.17528181006672394,0.17528181006672394,0.17107383186427827,0.2640065932418682,0.34975963985561837,0.21095195683578857,0.17528181006672394,0.27295990901336364,0.3490664392000758,0.20689981992228224,0.17107383186427827
2.4545454545454546,0.8139924478098464,0.6984418265832066,0.6519424022202869,0.9619385646397524,0.15739007312170797,0.15739007312170797,0.15230783811960952,0.2814910846384242,0.36765137680063475,0.1934674654392328,0.15739007312170797,0.29125201402710643,0.36783243294474455,0.18860771490853948,0.15230783811960952
2.089449515082182,1.1477491043017711,0.6982639939790224,0.6562490574930728,0.9363486340660704,0.1249081149848656,0.1249081149848656,0.12264240356364325,0.3748372113529706,0.17513149878287237,0.3251231748792863,0.1249081149848656,0.384987205004265,0.17420149748838973,0.318168893943702,0.12264240356364325
2.272727272727273,0.8139924478098464,0.6976934594148765,0.6476812974545696,0.981095710523282,0.18458555910296673,0.18458555910296673,0.17988816225950147,0.25610924040412014,0.3404558908193763,0.21884930967353686,0.18458555910296673,0.2655672448109184,0.3402521088048526,0.2142924841247275,0.17988816225950147
3.0,0.9797744030734977,0.6974678346019477,0.6614153450506028,0.9017652753929022,0.08741599525247416,0.08741599525247416,0.08435219410482418,0.41931693473886,0.31261425038425167,0.18065281962441457,0.08741599525247416,0.4284901905032698,0.3118187849492939,0.1753388304426121,0.08435219410482418
3.0,1.0172913274134003,0.6973550331421146,0.6627173519001237,0.89363522684673,0.08142647085668592,0.08142647085668592,0.07866552933371244,0.43837069870859596,0.2935604864145155,0.18664234402020288,0.08142647085668592,0.44763529523267936,0.2926736802198844,0.18102549521372382,0.07866552933371244
2.857142857142857,0.9104842264238117,0.6972814051178362,0.6582457839307159,0.9184832585115189,0.10191366362997901,0.10191366362997901,0.09809496730167756,0.3745117578693388,0.34806257748528047,0.17551200101539943,0.10191366362997901,0.3842289830347834,0.3475499952611127,0.1701260544024263,0.09809496730167756
2.1666666666666665,1.1994428481028652,0.697161286365724,0.6585937060706639,0.9157109080377315,0.10735484473947222,0.10735484473947222,0.10558240925030803,0.4058533260870403,0.167628281729356,0.3191635474441302,0.10735484473947222,0.4157899725144536,0.16661927779357408,0.3120083404416643,0.10558240925030803
2.857142857142857,1.1033413936395722,0.6971344118253834,0.6650831664144029,0.8787581358209392,0.07443197082544384,0.07443197082544384,0.07174675386219316,0.4719969627918623,0.2505773725627605,0.20299369381993457,0.07443197082544384,0.4819448393517202,0.24983413894417592,0.19647426784191072,0.07174675386219316
2.7142857142857144,0.842693318210332,0.6971216523076853,0.6546245308911336,0.937938673668145,0.1263431303516065,0.1263431303516065,0.1217894038479765,0.3237697988908039,0.37365667884851755,0.1762303919090691,0.1263431303516065,0.3336176665718889,0.37351909771585634,0.17107383186427827,0.1217894038479765
2.089449515082182,0.842693318210332,0.6969077813410136,0.6445781902919596,0.9934421306189868,0.2025365029266687,0.2025365029266687,0.19751682304994786,0.25250540386238435,0.2974633062734586,0.24749478693748997,0.2025365029266687,0.2613970239787698,0.29779167851388494,0.2432944744573974,0.19751682304994786
3.0,0.9442831766226341,0.6965774000595066,0.65930314847974,0.9077981590115176,0.09284895087824391,0.09284895087824391,0.08956497014500996,0.39982903717162893,0.33210214795147963,0.17521986399864453,0.09284895087824391,0.4087764192967491,0.3315325561558146,0.1701260544024263,0.08956497014500996
2.6,0.8139924478098464,0.6964913761970122,0.6517611861107493,0.9499624533525018,0.14505645028729308,0.14505645028729308,0.14046061984646005,0.2941223231040467,0.3799849996350489,0.18083622697361088,0.14505645028729308,0.3034783432849967,0.37967965121789404,0.17638138565064923,0.14046061984646005
3.0,1.0595521457887163,0.6963956315974256,0.6633481527385954,0.8836646784641304,0.0757594036176498,0.0757594036176498,0.07335797554734148,0.45772474788818346,0.2742064372349269,0.19230941125923895,0.0757594036176498,0.4672542886930149,0.27305468675954886,0.18633304900009479,0.07335797554734148
2.1666666666666665,0.8139924478098464,0.6955459869255483,0.6440377873361189,0.9874257845989809,0.1984315840060444,0.1984315840060444,0.19363093545635485,0.24687174190009306,0.32660986591629765,0.2280868081775643,0.1984315840060444,0.25589991470002843,0.3265093356079992,0.22395981423561748,0.19363093545635485
2.7142857142857144,1.1994428481028652,0.6950466559852719,0.6649903999392964,0.8653654402458002,0.07195453505957118,0.07195453505957118,0.06966164344611885,0.49439788633007065,0.20302859140925586,0.2306189872011039,0.07195453505957118,0.504596720689982,0.20254004359776326,0.22320159226613592,0.06966164344611885
2.0,0.9797744030734977,0.6949125855999577,0.6438367882506678,0.9843421039126004,0.1848615745935204,0.1848615745935204,0.1814993839446498,0.28857553276096376,0.21516867104320828,0.31139422160230545,0.1848615745935204,0.296843901052033,0.2146715951094683,0.3069851198938489,0.1814993839446498
2.3333333333333335,1.249832671222886,0.6948976647221369,0.6611578309060742,0.8860900563464922,0.08737869906430168,0.08737869906430168,0.08615297128234291,0.45117512720489855,0.1625911058925919,0.29885506783820753,0.08737869906430168,0.4604302909676808,0.1615960572457587,0.2918206805042176,0.08615297128234291
2.4545454545454546,1.249832671222886,0.694880427440572,0.6635826234460633,0.8722346500761212,0.0780544255094373,0.0780544255094373,0.07610653018671217,0.4772270819916087,0.17191537944745594,0.2728031130515009,0.0780544255094373,0.4874419486304616,0.17164249834138945,0.2648090228414368,0.07610653018671217
2.0,1.0172913274134003,0.6948398380172833,0.6451749279457104,0.9762743284228635,0.17388425905767546,0.17388425905767546,0.17088427637190787,0.3026415055906449,0.2011026982135283,0.32237153713814787,0.17388425905767546,0.3110605629798123,0.20045493318168894,0.31760022746659083,0.17088427637190787
2.857142857142857,0.8757198401870869,0.694702404638775,0.6547754034315074,0.9209554114799581,0.10802025207107631,0.10802025207107631,0.1039711875651597,0.3555980640611997,0.36697627129341903,0.16940541257430233,0.10802025207107631,0.3651786560515591,0.36660032224433703,0.16424983413894417,0.1039711875651597
3.0,0.9104842264238117,0.6944899647904161,0.6561488491841865,0.9117562865590509,0.09764395085200007,0.09764395085200007,0.09420907970808454,0.37959889485984954,0.352332290263259,0.1704248640248886,0.09764395085200007,0.388873092597858,0.35143588285470573,0.16548194483935172,0.09420907970808454
3.0,1.1033413936395722,0.694280118999554,0.6629266949849317,0.8719495217490801,0.07088412489813702,0.07088412489813702,0.0685243104918965,0.4778059666330453,0.2541252184900674,0.19718468997875158,0.07088412489813702,0.48725239313809116,0.2530565823144726,0.19116671405553975,0.0685243104918965
2.0,0.9442831766226341,0.6941607711969364,0.6418823881418482,0.9904049418424372,0.19539164952963461,0.19539164952963461,0.19183015827883612,0.2741847545040794,0.22955944930009284,0.30086414666619155,0.19539164952963461,0.28224812813951283,0.22926736802198844,0.2966543455596626,0.19183015827883612
2.272727272727273,1.249832671222886,0.6937863382057905,0.6589172712632667,0.8913777175467588,0.09152592878989942,0.09152592878989942,0.09013363662212112,0.4381212550565049,0.1584438761669943,0.3119089399865992,0.09152592878989942,0.44820396170979054,0.15761539190598048,0.30404700976210786,0.09013363662212112
2.0,1.0595521457887163,0.6937347771118981,0.6456419146092937,0.9662609979599908,0.16289198495363025,0.16289198495363025,0.16026916879916595,0.3166703479052241,0.18707385589895026,0.3333638112421919,0.16289198495363025,0.3253720026537769,0.18614349350772438,0.32821533503933276,0.16026916879916595
2.857142857142857,1.1477491043017711,0.693711928933034,0.6635165863262538,0.8648188703714551,0.06886874484742571,0.06886874484742571,0.0664392000758222,0.4914034664343132,0.23117086892031066,0.20855691979795268,0.06886874484742571,0.5013742773196853,0.2304047009762108,0.20178182162828168,0.0664392000758222
1.9285714285714286,0.9797744030734977,0.6937081437324699,0.6424150019642062,0.9843692804192978,0.18645931100364843,0.18645931100364843,0.18282627239124252,0.28628259473829476,0.21357093463308,0.31368715962497384,0.18645931100364843,0.29494834612832904,0.21334470666287556,0.3088806748175528,0.18282627239124252
1.9285714285714286,1.0172913274134003,0.6936272326086967,0.6437441308254593,0.9762981427137092,0.1753661285323801,0.1753661285323801,0.1721163870723154,0.300232700632552,0.19962082873882378,0.32478034209624035,0.1753661285323801,0.30907023030992326,0.1992228224812814,0.31959056013647996,0.1721163870723154
2.089449515082182,1.1994428481028652,0.6933458461451116,0.6533179808406926,0.9201704162034865,0.11562872967104347,0.11562872967104347,0.11373329542223486,0.39061431333806007,0.15935439679778501,0.33440256019310743,0.11562872967104347,0.4007203108710075,0.15846839162164725,0.3270780020851104,0.11373329542223486
2.3333333333333335,0.7839528004503834,0.6930744495697456,0.6438244266544871,0.9721579127562112,0.18277726058989735,0.18277726058989735,0.17827694057435314,0.24657319111989787,0.3671930419775896,0.20345650631261536,0.18277726058989735,0.25542602596910247,0.36660032224433703,0.19969671121220736,0.17827694057435314
2.4545454545454546,0.7839528004503834,0.6930302071497598,0.6461706315978171,0.9585678019441022,0.16432180893053266,0.16432180893053266,0.15884750260638802,0.2634939678021047,0.38564849363695597,0.18653572963040843,0.16432180893053266,0.27305468675954886,0.3860297602123022,0.18206805042176097,0.15884750260638802
1.9285714285714286,0.9442831766226341,0.6929359939544442,0.6404396721436346,0.9904151508823651,0.1969893859397627,0.1969893859397627,0.19315704672542888,0.2718918164814105,0.22796171288996486,0.3031570846888609,0.1969893859397627,0.2803525732158089,0.2279404795753957,0.2985499004833665,0.19315704672542888
2.6,1.249832671222886,0.6928393506816111,0.6633298804458914,0.8600596820173564,0.0714440828898324,0.0714440828898324,0.06966164344611885,0.49558160067203955,0.17852572206706113,0.25444859437107026,0.0714440828898324,0.505070609420908,0.17808738508198274,0.24718036205099042,0.06966164344611885
2.7142857142857144,0.8139924478098464,0.6926690947730002,0.6495686591953718,0.9369048963795618,0.13353956688565674,0.13353956688565674,0.12870817931949577,0.30592459470263944,0.39150188303668554,0.1690339553750191,0.13353956688565674,0.3157046725428869,0.3914320917448583,0.16415505639275899,0.12870817931949577
2.0,0.9104842264238117,0.6926123897576515,0.63929457563279,0.9947466697985337,0.2066560516190382,0.2066560516190382,0.20272959909013363,0.2604240143079483,0.24332018949622447,0.28959974457678855,0.2066560516190382,0.26860013268884464,0.24291536347265663,0.28575490474836507,0.20272959909013363
1.9285714285714286,1.0595521457887163,0.6925439179089738,0.6442344249639518,0.9662977112640988,0.16437385442833496,0.16437385442833496,0.1615012794995735,0.3142615429471313,0.18559198642424557,0.33577261620028426,0.16437385442833496,0.3233816699838878,0.18491138280731684,0.3302056677092219,0.1615012794995735
2.089449515082182,0.8139924478098464,0.6925202405638856,0.6395962136122817,0.9924230599563081,0.21339810463738823,0.21339810463738823,0.208226708368875,0.23832536485088732,0.3116433452849553,0.23663318522677024,0.21339810463738823,0.24727513979717564,0.3119135626954791,0.2325845891384703,0.208226708368875
2.272727272727273,0.7839528004503834,0.6922756688293796,0.6419179568535376,0.9776360366924847,0.19251720370408953,0.19251720370408953,0.18747038195431712,0.23911203236009893,0.35745309886339777,0.21091766507241438,0.19251720370408953,0.24841247275139797,0.35740688086437306,0.20671026442991186,0.18747038195431712
3.0,0.8757198401870869,0.6919361381605142,0.6527015605966972,0.9142654110221449,0.10363467235767392,0.10363467235767392,0.09999052222538148,0.36056933411628705,0.3713618510068209,0.16443414251921487,0.10363467235767392,0.3697279878684485,0.37058098758411523,0.1597005023220548,0.09999052222538148
1.9285714285714286,0.9104842264238117,0.6913614083138957,0.6378245045412945,0.9947371963586363,0.2082537880291663,0.2082537880291663,0.20405648753672637,0.2581310762852794,0.24172245308609636,0.2918926825994575,0.2082537880291663,0.2667045777651407,0.24158847502606387,0.287650459672069,0.20405648753672637
2.0,1.1033413936395722,0.6911672919830928,0.644734016752337,0.9542891849573759,0.15203325569687645,0.15203325569687645,0.14965406122642402,0.3307681161128429,0.17297608769133022,0.3442225404989449,0.15203325569687645,0.33958866458155623,0.17192683157994504,0.3388304426120747,0.14965406122642402
2.6,0.7839528004503834,0.6910342418655148,0.6459426110205526,0.9465534833203002,0.15126831470631272,0.15126831470631272,0.1463368401099422,0.27540533487792146,0.3987019878611752,0.1746243625545914,0.15126831470631272,0.2846175717941427,0.398540422708748,0.1705051653871671,0.1463368401099422
2.1666666666666665,1.249832671222886,0.6910311257469324,0.6546303616084492,0.8973021225316703,0.09870381566342695,0.09870381566342695,0.09724196758601081,0.4222156185229285,0.15126598929346666,0.32781457652017476,0.09870381566342695,0.4319021893659369,0.1505070609420908,0.3203487821059615,0.09724196758601081
2.857142857142857,0.842693318210332,0.690919671449113,0.6502740434794758,0.9212448966103904,0.11317337314021063,0.11317337314021063,0.10889963036678987,0.3357478992947047,0.38682643605991485,0.16425229150516812,0.11317337314021063,0.3453701070988532,0.3864088711970429,0.159321391337314,0.10889963036678987
3.0,1.1477491043017711,0.690906454332956,0.6614106293526247,0.8580494625548335,0.06565581966106451,0.06565581966106451,0.06350108994408113,0.4975473910164413,0.23438379410667196,0.20241299521582415,0.06565581966106451,0.5069661643446118,0.23334281110795185,0.19618993460335513,0.06350108994408113
2.0,0.8757198401870869,0.6902542511458125,0.636074534240577,0.9972726469421465,0.21806539539075034,0.21806539539075034,0.21391337313998673,0.24681307583042533,0.25693112797374773,0.278190400805077,0.21806539539075034,0.2548573594919913,0.25665813666951,0.27457113069851197,0.21391337313998673
2.1666666666666665,0.7839528004503834,0.6901650010951016,0.6383141900440399,0.9839862637177851,0.2068264524564577,0.2068264524564577,0.2016870438820965,0.2303377577053625,0.3431438501110297,0.21969193972715062,0.2068264524564577,0.239219031371434,0.3431902189365937,0.21590370580987583,0.2016870438820965
1.9285714285714286,1.1033413936395722,0.689996873954849,0.6433488519963744,0.9543356650528722,0.15351512517158106,0.15351512517158106,0.15088617192683157,0.32835931115475064,0.1714942182166256,0.3466313454570379,0.15351512517158106,0.33759833191166716,0.1706947208795375,0.3408207752819638,0.15088617192683157
2.857142857142857,1.1994428481028652,0.6891767488583692,0.6610052446730936,0.8488152725749316,0.06394613058498455,0.06394613058498455,0.061795090512747605,0.5115373394707808,0.21103699588384237,0.2134795340603937,0.06394613058498455,0.5213723817647616,0.2104065965311345,0.20642593119135627,0.061795090512747605
2.7142857142857144,1.249832671222886,0.68908406872351,0.6612175732002765,0.8469942100218338,0.06618591400096985,0.06618591400096985,0.0641645341673775,0.5136425867834029,0.18378389095592362,0.23638760825970534,0.06618591400096985,0.5235522699270211,0.1835844943607241,0.22869870154487726,0.0641645341673775
1.9285714285714286,0.8757198401870869,0.6890339269468665,0.6346360838178622,0.9972883713445581,0.21989079889075855,0.21989079889075855,0.21542981707894987,0.2447478048976366,0.25510572447373947,0.2802556717378657,0.21989079889075855,0.25315136006065775,0.2551416927305469,0.2762771301298455,0.21542981707894987
3.0,0.842693318210332,0.6881410027077351,0.6481866065344319,0.9145492476897866,0.10856873962128602,0.10856873962128602,0.10472940953464127,0.3405001155442704,0.3914310695788391,0.15950007525560267,0.10856873962128602,0.3497298834233722,0.39057909202919155,0.15496161501279498,0.10472940953464127
2.0,1.1477491043017711,0.6875285499880835,0.6429233529908229,0.9402913329725605,0.14167808357688932,0.14167808357688932,0.13960762013079328,0.345382673613325,0.15836153019084928,0.35457771261893206,0.14167808357688932,0.35427921524026157,0.1572362809212397,0.3488768837077054,0.13960762013079328
2.4545454545454546,1.3114779866593487,0.6873364216145832,0.6583892963485184,0.8513701314556166,0.0705239668114713,0.0705239668114713,0.06871386598426689,0.49465469657863,0.1544877648604352,0.2803335717494665,0.0705239668114713,0.5049758316747228,0.15410861529712824,0.2722016870438821,0.06871386598426689
2.3333333333333335,1.3114779866593487,0.6872936950641994,0.6558980132306333,0.8652025587877404,0.07887945451827102,0.07887945451827102,0.07771775187186049,0.46763395594385554,0.14613227715363533,0.3073543123842374,0.07887945451827102,0.4769216188039048,0.14510472940953464,0.30025589991470003,0.07771775187186049
2.7142857142857144,0.7839528004503834,0.6872818630429972,0.643812984955004,0.9336055055416255,0.13948070523821005,0.13948070523821005,0.13430006634442232,0.28693688041004634,0.4104895973292788,0.1630928170224661,0.13948070523821005,0.2965595678134774,0.4105771964742678,0.15856316936783243,0.13430006634442232
2.089449515082182,0.7839528004503834,0.6872519647678501,0.6339846367775259,0.9891001567130209,0.2224971536385929,0.2224971536385929,0.216946261017913,0.2224971536385929,0.3274715564972486,0.22753254379392052,0.2224987460702378,0.23125770069187754,0.32793100180077717,0.2238650364894323,0.216946261017913
2.089449515082182,1.249832671222886,0.6871507041504483,0.649286202056159,0.9017162160180885,0.10638664672969644,0.10638664672969644,0.10482418728082646,0.40638555190864883,0.1435831582271972,0.34364464313445386,0.10638664672969644,0.41626386124537956,0.14292484124727514,0.33598711022651884,0.10482418728082646
2.3333333333333335,0.752243811674494,0.6868727180820059,0.637463653256706,0.9668574187587057,0.1905621343476555,0.1905621343476555,0.1857643825229836,0.2293586395935598,0.3844075935039289,0.19567163255485753,0.1905621343476555,0.23808169841721163,0.38394464979622783,0.1922092692635769,0.1857643825229836
2.0,0.842693318210332,0.6867293861124719,0.631859004206528,0.9976615502461543,0.2280962148123056,0.2280962148123056,0.2236754809970619,0.23184060941635193,0.27190359438782047,0.26815958138352197,0.2280962148123056,0.23988247559473036,0.2716330205667709,0.2648090228414368,0.2236754809970619
2.4545454545454546,0.752243811674494,0.6866406947959935,0.6396296271008455,0.9530367450684996,0.1706378057444621,0.1706378057444621,0.16491327836224054,0.24481053933193833,0.40433192210712393,0.18021973281647877,0.1706378057444621,0.2542886930148801,0.4047957539569709,0.17600227466590845,0.16491327836224054
2.857142857142857,0.8139924478098464,0.6865289629405826,0.6452769743432186,0.9202902316589788,0.11997009105218835,0.11997009105218835,0.11543929485356838,0.317502976484467,0.4050713588701549,0.15745557359319,0.11997009105218835,0.3270780020851104,0.4047009762107857,0.15278172685053548,0.11543929485356838
3.0,1.1994428481028652,0.6863946850759656,0.6589243312972186,0.8420600231555316,0.06094610251638639,0.06094610251638639,0.05904653587337693,0.5178941611706717,0.21403702395244076,0.20712271236050217,0.06094610251638639,0.5271538242820586,0.21315515117050515,0.20064448867405932,0.05904653587337693
1.9285714285714286,1.1477491043017711,0.6863473622720976,0.6415267135174475,0.9403310385484485,0.14304408611617048,0.14304408611617048,0.14074495308501564,0.3428580017198089,0.1569955276515683,0.35710238451244863,0.14304408611617048,0.3521941048241873,0.15609894796701734,0.35096199412377976,0.14074495308501564
2.272727272727273,1.3114779866593487,0.6862591116259695,0.6537401832483896,0.870533039098923,0.08290883653358819,0.08290883653358819,0.08160363946545351,0.45446223608518105,0.14210289513831814,0.320526032242909,0.08290883653358819,0.4646005117998294,0.1412188418159416,0.3125770069187755,0.08160363946545351
2.272727272727273,0.752243811674494,0.6860795083595527,0.6355688320771129,0.9723066739600449,0.20061356871994107,0.20061356871994107,0.19524215714150317,0.22220897209185436,0.3743561591316422,0.20282130005656285,0.20061356871994107,0.23135247843806275,0.37446687517770827,0.1989384892427258,0.19524215714150317
1.9285714285714286,0.842693318210332,0.6855187408351666,0.6304312951507711,0.9976809330467419,0.2298912054189867,0.2298912054189867,0.2252867026822102,0.2298912054189867,0.2699623239523888,0.2701089853808874,0.23003748524773754,0.23827125390958204,0.2700217988816226,0.26642024452658514,0.2252867026822102
1.875,0.9797744030734977,0.6854731474818551,0.6328648188947723,0.9835870094753241,0.19944859961006625,0.19944859961006625,0.19581082361861435,0.2719256169330793,0.2005816460266628,0.32804413743018773,0.19944859961006625,0.2806369064543645,0.20036015543550376,0.3231921144915174,0.19581082361861435
2.6,1.3114779866593487,0.6854400580236213,0.6582946365954631,0.8392641127831845,0.06489494938716939,0.06489494938716939,0.06321675670552554,0.5139905404543624,0.16011678228473733,0.26099772787373315,0.06489494938716939,0.5235522699270211,0.15960572457586958,0.2536252487915837,0.06321675670552554
1.875,1.0172913274134003,0.6853300155883763,0.6341277759129145,0.9754760404159929,0.18740821108571337,0.18740821108571337,0.18434271633020566,0.2850990518740287,0.18740821108571337,0.33991399085476204,0.18757874618549114,0.2940005686664771,0.18699649322339115,0.33466022177992605,0.18434271633020566
1.875,0.9442831766226341,0.6847870144020645,0.6309806239762821,0.989689893481498,0.2107628531246588,0.2107628531246588,0.20689981992228224,0.2583190172546734,0.21418824570506856,0.31672988391559664,0.2107628531246588,0.26679935551132594,0.21419770637854232,0.31210311818784947,0.20689981992228224
2.6,0.752243811674494,0.684576321405304,0.6393304951691697,0.9409693367433978,0.15684957510270336,0.15684957510270336,0.15173917164249834,0.25598716999021576,0.4181201527488841,0.16904310215820134,0.15684957510270336,0.2651881338261776,0.4179698606767131,0.16510283385461094,0.15173917164249834
1.875,1.0595521457887163,0.6841642652912197,0.6345294244717203,0.9654283632683828,0.17422429006028764,0.17422429006028764,0.172874609041797,0.2982829728994541,0.17422429006028764,0.35175118624796053,0.17574155079229312,0.3074590086247749,0.17353805326509336,0.34612832906833474,0.172874609041797
2.1666666666666665,0.752243811674494,0.6840863211874637,0.6320822307914985,0.9787761667645994,0.2108381796857333,0.2108381796857333,0.20737370865320823,0.21419209246268353,0.3592895153537089,0.2108381796857333,0.21568021249787528,0.22291725902758033,0.35949199128044734,0.20737370865320823,0.2102170410387641
3.0,0.8139924478098464,0.6837682819571789,0.6432083350869018,0.9136079808887492,0.1151660484106509,0.1151660484106509,0.11107951852904938,0.3220557836114189,0.40987540151169327,0.1529027664662369,0.1151660484106509,0.331248222917259,0.4090607525353047,0.14861150601838688,0.11107951852904938
2.1666666666666665,1.3114779866593487,0.6835224921798645,0.6494751705616912,0.8764573146828467,0.08972524474063745,0.08972524474063745,0.08833285944460241,0.43819512088512586,0.1352864869312689,0.3367931474429632,0.08972524474063745,0.44791962847123495,0.13448962183679272,0.3292578902473699,0.08833285944460241
1.875,0.9104842264238117,0.6832550098160146,0.6284123164826165,0.9940302720386042,0.2226659245606664,0.2226659245606664,0.2184627049568761,0.2451969464051462,0.22731031655459616,0.3048268124795913,0.2226659245606664,0.25381480428395414,0.22718225760591412,0.3005402331532556,0.2184627049568761
2.857142857142857,1.249832671222886,0.6832369374502036,0.6572571365387434,0.8304558092818117,0.05867513432145564,0.05867513432145564,0.056771869964932234,0.5312796647191866,0.19129467063543829,0.21875053032392267,0.05867513432145564,0.5408018197327268,0.19097715856316938,0.21144915173917164,0.056771869964932234
2.0,1.1994428481028652,0.6824177435833589,0.6397828201510242,0.9240156430332557,0.130869383765817,0.130869383765817,0.12918206805042176,0.35963046110116176,0.14411374270301125,0.3653864124300043,0.130869383765817,0.36849587716804094,0.14301961899346033,0.35930243578807697,0.12918206805042176
2.0,0.8139924478098464,0.6823391620539807,0.6268774087175971,0.996622430960155,0.21868113559332214,0.21868113559332214,0.22680314662117335,0.21868113559332214,0.28506306821085065,0.2562774144843355,0.23997838171149224,0.22680314662117335,0.2847123495403279,0.2530565823144726,0.23542792152402617
2.7142857142857144,1.3114779866593487,0.6816512432462818,0.6561483148878056,0.8261678372776469,0.060033151737691554,0.060033151737691554,0.05819353615771017,0.5324478978051118,0.16497857993421502,0.24254037052298386,0.060033151737691554,0.5425078191640603,0.16462894512368495,0.2346696995545446,0.05819353615771017
1.875,1.1033413936395722,0.6815327445015531,0.6335517626750584,0.9534249748516896,0.16092825336746772,0.16092825336746772,0.16017439105298076,0.31157900959227475,0.16092825336746772,0.3634116470195142,0.16408109002073976,0.3208226708368875,0.16017439105298076,0.35759643635674343,0.1614065017533883
2.089449515082182,0.752243811674494,0.6812572891577697,0.6278426387329209,0.9839403082319131,0.2068622276315771,0.2068622276315771,0.2148611506018387,0.2068622276315771,0.3431064825042653,0.2181680445168395,0.2318632453473188,0.21542981707894987,0.34375888541370486,0.2148611506018387,0.22595014690550658
1.9285714285714286,1.1994428481028652,0.6812266698714046,0.638375451402653,0.9240502411943302,0.13211951936967464,0.13211951936967464,0.1302246232584589,0.35698992227222237,0.14286360709915366,0.3680269512589441,0.13211951936967464,0.36631598900578144,0.14197706378542319,0.36148232395033647,0.1302246232584589
1.9285714285714286,0.8139924478098464,0.6811331039455447,0.6254543424042721,0.9966460860127565,0.21684759853138005,0.21684759853138005,0.2252867026822102,0.21684759853138005,0.283005930839995,0.2581109515462774,0.24203551908234752,0.2252867026822102,0.2830063501089944,0.2545730262534357,0.23713392095535968
2.857142857142857,0.7839528004503834,0.6810799367232672,0.6394595227918334,0.9169289490013923,0.12522216927651514,0.12522216927651514,0.12036773765519856,0.2978262020636497,0.4247481332909736,0.1522034953688626,0.12522216927651514,0.3072694531324045,0.4245095251634916,0.14785328404890533,0.12036773765519856
1.875,0.8757198401870869,0.6809999184675415,0.6253023645943949,0.9966193904153717,0.23260929727127003,0.23260929727127003,0.23059425646858117,0.23260929727127003,0.23989796568847235,0.29239417936423145,0.23509855767602567,0.24101980854895272,0.23997725334091555,0.2884086816415506,0.23059425646858117
2.7142857142857144,0.752243811674494,0.6808353177351728,0.6372033473433187,0.9280831499556793,0.14462759890901683,0.14462759890901683,0.1392285091460525,0.2670843487967571,0.4303421289425684,0.15794592335165922,0.14462759890901683,0.2766562411145863,0.43048052317315894,0.15363472656620225,0.1392285091460525
3.0,1.249832671222886,0.680472040519681,0.6551949412777514,0.8237089362239493,0.055881479993054796,0.055881479993054796,0.05421287081793195,0.5378428601592752,0.194088324963839,0.21218733488383365,0.055881479993054796,0.5467728177423941,0.19353615771016966,0.20547815372950431,0.05421287081793195
2.3333333333333335,0.7255855948661953,0.6798889211158649,0.630463424627619,0.9599667345492585,0.18698892391151545,0.18698892391151545,0.1838688275992797,0.21299532467358268,0.40077090842390684,0.18698892391151545,0.19924484299099754,0.22149559283480239,0.4005307553786371,0.1838688275992797,0.19410482418728084
2.4545454545454546,0.7255855948661953,0.679618258015129,0.6325894280086237,0.9461149613853258,0.1724827460004298,0.1724827460004298,0.16860961046346318,0.2275015025846686,0.4216409588543959,0.1724827460004298,0.17837479256051114,0.2367548099706189,0.4223296370012321,0.16860961046346318,0.17230594256468582
3.25,0.9797744030734977,0.6795971840499442,0.6465210301083328,0.8670287230524082,0.07062100764517805,0.07062100764517805,0.06748175528385934,0.44525177217888334,0.3294092379915457,0.15471798218438887,0.07062100764517805,0.45502795943512464,0.3286892237702587,0.14880106151075728,0.06748175528385934
2.089449515082182,1.3114779866593487,0.6795354716692097,0.6440155393754738,0.88081508800038,0.09658094442159768,0.09658094442159768,0.0950620794237513,0.4215379228855368,0.12843078725030865,0.35345034544255266,0.09658094442159768,0.4314283006350109,0.1277604018576438,0.345749218083594,0.0950620794237513
3.25,1.0172913274134003,0.6794693629968014,0.647808817105583,0.8588791230470393,0.06560393386639765,0.06560393386639765,0.06274286797459956,0.4652779867656288,0.30938302340480345,0.15973505596317045,0.06560393386639765,0.4751208416263861,0.30859634157899724,0.15353994882001706,0.06274286797459956
2.272727272727273,0.7255855948661953,0.6792096662570266,0.6286755876904568,0.9655694448009222,0.19334348129897777,0.19334348129897777,0.18983982560894702,0.2066407672861205,0.3899243639373778,0.19334348129897777,0.21009138747752645,0.21552459482513506,0.39029475879063596,0.18983982560894702,0.20434082077528196
3.25,0.9442831766226341,0.6788517478017062,0.6445499675808257,0.8732285023866956,0.0755553963084244,0.0755553963084244,0.07222064259311914,0.425265307649131,0.34939570252129903,0.1497835935211423,0.0755553963084244,0.43484029949767794,0.3488768837077054,0.1440621742014975,0.07222064259311914
3.25,1.0595521457887163,0.6784545218195447,0.64838378906548,0.8488553407592447,0.06077709609283308,0.06077709609283308,0.05828831390389536,0.48547226541068916,0.28918874475974443,0.16456189373673538,0.06077709609283308,0.4955928348023884,0.288124348402995,0.15799450289072126,0.05828831390389536
3.0,0.7839528004503834,0.6783140092483481,0.6373841106261221,0.9102501014409623,0.12021871751236479,0.12021871751236479,0.11581840583830917,0.30217960006798944,0.4297515850551236,0.14785009736452295,0.12021871751236479,0.31125011847218276,0.429058856980381,0.1438726187091271,0.11581840583830917
1.875,1.1477491043017711,0.6778312369165728,0.6316746628377906,0.9393851566963382,0.14707164483690896,0.14707164483690896,0.146242062363757,0.32543561812283306,0.14707164483690896,0.37452476810942376,0.15296796893082948,0.33475499952611126,0.146242062363757,0.3684010994218557,0.15060183868827598
2.3333333333333335,1.382803800153913,0.6776265288781673,0.6486618162531725,0.8417599004198041,0.07145433893775666,0.07145433893775666,0.07041986541560041,0.4852682469722497,0.12849798612524232,0.3147794279647499,0.07145433893775666,0.49436072410198084,0.12766562411145863,0.3075537863709601,0.07041986541560041
2.4545454545454546,1.382803800153913,0.6775855156711275,0.6510612708516547,0.8278895696481396,0.06350752719665977,0.06350752719665977,0.0618898682589328,0.5126976635727256,0.13644479786633953,0.2873500113642776,0.06350752719665977,0.5228888257037247,0.13619562126812623,0.2790256847692162,0.0618898682589328
1.875,0.842693318210332,0.6775410822139748,0.6211574527735098,0.9970483157099439,0.21833235878318924,0.21833235878318924,0.22670836887498816,0.21833235878318924,0.25417490417655303,0.2816678320166841,0.24582490502357388,0.22670836887498816,0.2542886930148801,0.27798312956117904,0.24101980854895272
2.6,0.7255855948661953,0.6775313896090381,0.6322657365567428,0.9340367569053788,0.16194899961279524,0.16194899961279524,0.15837361387546203,0.23803524897230321,0.43607207376679635,0.16194899961279524,0.16394367764811005,0.24699080655862005,0.4361671879442707,0.15837361387546203,0.15846839162164725
2.1666666666666665,0.7255855948661953,0.6771687550059985,0.6251528736116143,0.9719254162408417,0.19882488234847573,0.19882488234847573,0.19808548952705904,0.19882488234847573,0.37465672546791695,0.20115936623662267,0.22535902594698592,0.20727893090702304,0.37513031940100466,0.19808548952705904,0.21950526016491329
2.0,0.7839528004503834,0.6770514693043874,0.6212556326126748,0.9932278772240918,0.2034947298351302,0.2034947298351302,0.21144915173917164,0.2034947298351302,0.30024947396904367,0.24653496759738347,0.24972082859844466,0.21144915173917164,0.30006634442232966,0.24367358544213819,0.24481091839636054
1.7857142857142858,0.9797744030734977,0.676826120308607,0.6231846795687059,0.9807942845013797,0.18724800030505745,0.18724800030505745,0.18737560420813193,0.2587498350892206,0.18724800030505745,0.3412199192740463,0.21278224533167225,0.2675575774808075,0.18737560420813193,0.3362714434650744,0.20879537484598618
3.25,0.9104842264238117,0.6766728563596219,0.6413009090033306,0.8771138913786064,0.0792187872140795,0.0792187872140795,0.07572741920197137,0.4039035562692502,0.370757453901179,0.14612020261548697,0.0792187872140795,0.41379963984456447,0.3699175433608189,0.14055539759264524,0.07572741920197137
2.272727272727273,1.382803800153913,0.6766070398207205,0.6465204502224207,0.8470977142110865,0.075208406484919,0.075208406484919,0.07402141977063785,0.47182121264542026,0.1247439185780799,0.32822646229157737,0.075208406484919,0.48175528385934985,0.12406406975642119,0.32015922661359114,0.07402141977063785
1.7857142857142858,1.0172913274134003,0.6765768063623819,0.6243335006318871,0.9726222055018527,0.17500184867706373,0.17500184867706373,0.1748649417116861,0.27099598671721353,0.17500184867706373,0.35401705601157807,0.19998510859414054,0.28006823997725333,0.1748649417116861,0.34859255046914983,0.19647426784191072
3.25,1.1033413936395722,0.6764896419491511,0.6481178899326487,0.8372629033759976,0.05717380397093418,0.05717380397093418,0.05478153729504313,0.5068254707531631,0.26783553941727006,0.16816518585863424,0.05717380397093418,0.5169178276940575,0.26679935551132594,0.1615012794995735,0.05478153729504313
1.7857142857142858,0.9442831766226341,0.6762225886044424,0.6213872170046874,0.9869563610030544,0.2001341502795963,0.2001341502795963,0.20054971092787413,0.24586368511468157,0.2001341502795963,0.3291852160555871,0.22481694855013193,0.2543834707610653,0.20054971092787413,0.32451900293811015,0.22054781537295043
2.0,1.249832671222886,0.6759861071535855,0.6354903368305005,0.9054621389844008,0.11989585157507054,0.11989585157507054,0.11856696047767984,0.3736702504223491,0.1300739533818232,0.3763599446207505,0.11989585157507054,0.3823334281110795,0.12918206805042176,0.3699175433608189,0.11856696047767984
2.857142857142857,1.3114779866593487,0.6758814646069005,0.6522706184816753,0.8096762593165099,0.05324357994002844,0.05324357994002844,0.05146431617856127,0.5508061836227465,0.17176815173187812,0.22418208470535006,0.05324357994002844,0.5604208131930623,0.17135816510283386,0.2167567055255426,0.05146431617856127
1.9285714285714286,0.7839528004503834,0.6758571177530667,0.6198453815715135,0.9932569561152012,0.20177705970861184,0.20177705970861184,0.2100274855463937,0.20177705970861184,0.2980764696627648,0.2482526377239018,0.2518938329047234,0.2100274855463937,0.2982655672448109,0.24509525163491613,0.24661169557387924
2.6,1.382803800153913,0.6757808256537857,0.6510685888229905,0.8158168343616256,0.05868305075314137,0.05868305075314137,0.05715098094967302,0.5328380484292428,0.14126927430985797,0.2672096265077612,0.05868305075314137,0.5422234859255047,0.14093450857738604,0.25969102454743626,0.05715098094967302
1.7857142857142858,1.0595521457887163,0.6754650169054145,0.6247988460700504,0.9625733183058115,0.16207400012164444,0.16207400012164444,0.1616908349919439,0.2839238352726326,0.16207400012164444,0.3661103238747828,0.18789184073093662,0.29324234669699556,0.1616908349919439,0.3603449909961141,0.18472182731494646
1.9285714285714286,1.249832671222886,0.6747578198270607,0.6340411200638926,0.905485785151681,0.12092238687001478,0.12092238687001478,0.11941996019334661,0.3708061112844963,0.12904741808687895,0.37922408375860356,0.12092238687001478,0.37996398445644963,0.128329068334755,0.37228698701544877,0.11941996019334661
1.7857142857142858,0.9104842264238117,0.6746926436533083,0.6188215165618826,0.9912956971713873,0.21285385816932,0.21285385816932,0.21315515117050515,0.23314397722495703,0.21285385816932,0.31687978165977815,0.23712238294594243,0.24177803051843427,0.21315515117050515,0.3125770069187755,0.23248981139228508
2.857142857142857,0.752243811674494,0.6746641237750158,0.6328712529471324,0.9114903917996884,0.13008199739121581,0.13008199739121581,0.12501184721827316,0.2776866048942533,0.44488773046036967,0.14734366725416176,0.13008199739121581,0.2870817931949578,0.4446971851009383,0.14320917448583073,0.12501184721827316
2.089449515082182,0.7255855948661953,0.6744798293925716,0.6210568152854571,0.9772102426662203,0.19229154442568858,0.19229154442568858,0.20054971092787413,0.19229154442568858,0.3576771657101545,0.20769270415940994,0.2423385857047484,0.20054971092787413,0.3586389915647806,0.20481470950620795,0.23599658800113732
3.25,0.8757198401870869,0.6740494006284591,0.6377829398558541,0.8795593450065541,0.08401650238459892,0.08401650238459892,0.08027675101886077,0.3836809891905328,0.39098002097989676,0.1413224874449675,0.08401650238459892,0.3934224244147474,0.39029475879063596,0.13600606577575586,0.08027675101886077
2.7142857142857144,0.7255855948661953,0.6736881860474757,0.6300428875859767,0.9210115439959702,0.15079857278878597,0.15079857278878597,0.14500995166334946,0.24820929911320766,0.4492171786261189,0.15177494947188946,0.15079857278878597,0.25751113638517675,0.4496256279025685,0.14785328404890533,0.14500995166334946
2.1666666666666665,1.382803800153913,0.673608016349139,0.6419659021122275,0.852913330358305,0.08081332204735181,0.08081332204735181,0.0796133067955644,0.4543426048007484,0.11913900301564714,0.34570507013624846,0.08081332204735181,0.463937067576533,0.11847218273149465,0.3379774428964079,0.0796133067955644
1.875,0.8139924478098464,0.6731882391281981,0.6162147639667642,0.9960379317096568,0.20602590733002216,0.20602590733002216,0.2143872618709127,0.20602590733002216,0.2664813556297196,0.26893264274763523,0.2585600942926234,0.2143872618709127,0.26660980001895557,0.2654724670647332,0.25353047104539855
3.25,1.1477491043017711,0.6730936776309826,0.6465816943619975,0.823328249488565,0.05277927829066515,0.05277927829066515,0.05061131646289451,0.5274006746933615,0.24726033547707135,0.17255971153890334,0.05277927829066515,0.5374845986162449,0.24623258458913846,0.16567150033172212,0.05061131646289451
3.0,1.3114779866593487,0.6730895535490156,0.6501795902438388,0.8029126789450175,0.05054614786414186,0.05054614786414186,0.04900009477774619,0.55746560131535,0.17446558380776486,0.21752266701274658,0.05054614786414186,0.5664865889489148,0.17382238650364895,0.2106909297696901,0.04900009477774619
1.875,1.1994428481028652,0.6726388519224867,0.6284452591583551,0.9230692109192327,0.13368244744325944,0.13368244744325944,0.1328784001516444,0.33882481551648325,0.13368244744325944,0.3861920580146842,0.14130067902556903,0.34811866173822387,0.1328784001516444,0.37967965121789404,0.1393232868922377
1.7857142857142858,1.1033413936395722,0.6725959180872438,0.6235581175346346,0.9504767878853628,0.15016816101061242,0.15016816101061242,0.14974883897260924,0.2958296743836638,0.15016816101061242,0.379160982228124,0.174841182377595,0.3051843427163302,0.14974883897260924,0.37323476447730075,0.17183205383375982
1.7857142857142858,0.8757198401870869,0.6724359488870659,0.6157117681115922,0.993872973281417,0.22102027584019163,0.22102027584019163,0.2254762581745806,0.22102027584019163,0.22497755955408577,0.30398320079531044,0.2500189638104125,0.22945692351435884,0.2254762581745806,0.29997156667614444,0.24509525163491613
2.3333333333333335,0.6972873508518791,0.672172960946524,0.6228693255374981,0.9515602282643381,0.17730440611417214,0.17730440611417214,0.17448583072694532,0.19765610633420796,0.41611012676328424,0.17730440611417214,0.20892936078834043,0.2058572647142451,0.4161690834991944,0.17448583072694532,0.20348782105961521
2.7142857142857144,1.382803800153913,0.6719568050126007,0.6488853956752307,0.802694791257697,0.05421631399396894,0.05421631399396894,0.052506871386598424,0.551690466670297,0.14573601106903053,0.2483572082667068,0.05421631399396894,0.5615581461472846,0.1455786181404606,0.24035636432565632,0.052506871386598424
3.0,0.752243811674494,0.6718868281247048,0.6307821067001207,0.904813582864015,0.1248791365044525,0.1248791365044525,0.12027295990901336,0.28184059377597986,0.45009059134713336,0.14318967837243504,0.1248791365044525,0.2908729030423656,0.44943607241019806,0.1394180646384229,0.12027295990901336
2.4545454545454546,0.6972873508518791,0.6718479421230925,0.6249437417861501,0.9376384106990995,0.1638546196134494,0.1638546196134494,0.16026916879916595,0.21110589283493048,0.4380365686041335,0.1638546196134494,0.1870029189474918,0.22007392664202446,0.43901052032982657,0.16026916879916595,0.18064638422898305
2.272727272727273,0.6972873508518791,0.6715095183709547,0.6210987646717039,0.9571704560000431,0.18321935657176494,0.18321935657176494,0.18007771775187187,0.1917411558766157,0.4048239753468847,0.18321935657176494,0.22021551220473912,0.20026537768931854,0.4055539759264525,0.18007771775187187,0.2141029286323571
2.0,0.752243811674494,0.6711123028258649,0.6151791452738025,0.9880668622875518,0.18884656423799764,0.18884656423799764,0.19666382333428112,0.18884656423799764,0.3148976395661757,0.23618370791041982,0.26007208828540795,0.19666382333428112,0.31485167282722015,0.23362714434650744,0.2548573594919913
3.25,0.842693318210332,0.6702460589217871,0.6332571529039196,0.8798498596897031,0.08803272763478559,0.08803272763478559,0.0840678608662686,0.36269392860509025,0.411967081565342,0.1373062621947808,0.08803272763478559,0.37247654250781914,0.4112406406975642,0.13221495592834803,0.0840678608662686
1.9285714285714286,0.752243811674494,0.669959697063976,0.6138110273861374,0.9881354919050618,0.18735656120135938,0.18735656120135938,0.19543171263387357,0.18735656120135938,0.3124969681700168,0.23767371094705803,0.26247275968156675,0.19543171263387357,0.3128613401573311,0.234859255046915,0.2568476921618804
2.6,0.6972873508518791,0.6697291264515983,0.6245873659843386,0.9255324357660702,0.15401595538072713,0.15401595538072713,0.1506966164344612,0.22094455706765243,0.45316276567144803,0.15401595538072713,0.1718767218801774,0.22964647900672921,0.4535115154961615,0.1506966164344612,0.16614538906264809
2.089449515082182,1.382803800153913,0.6695840566506226,0.6364693253125584,0.8572342008996529,0.08713836183171844,0.08713836183171844,0.08586863804378732,0.43715474690456396,0.11281396323128047,0.36289292803243245,0.08713836183171844,0.44697185100938297,0.11221685148327173,0.35494265946355796,0.08586863804378732
2.1666666666666665,0.6972873508518791,0.6695693545757869,0.6176674933672333,0.963679901424258,0.18487835731438532,0.18487835731438532,0.18737560420813193,0.18487835731438532,0.38860325050200967,0.19008215513399532,0.23643623704961378,0.19296749123305848,0.3894417590749692,0.18737560420813193,0.2302151454838404
1.7857142857142858,0.842693318210332,0.6690926550057633,0.6116886758248257,0.9943818703644097,0.20750491621410003,0.20750491621410003,0.21590370580987583,0.20750491621410003,0.2384929191801769,0.29249527458577257,0.2615068900199498,0.21590370580987583,0.2390294758790636,0.28878779262629134,0.25627902568476923
1.7857142857142858,1.1477491043017711,0.668821436686848,0.6216045112689204,0.936384014055105,0.1369961559787445,0.1369961559787445,0.13647995450668182,0.30900167941553236,0.1369961559787445,0.3909587068167249,0.16304345778899437,0.3184532271822576,0.13647995450668182,0.3847028717657094,0.16036394654535116
2.0,1.3114779866593487,0.6682826575465254,0.6301232227512956,0.8845194547194939,0.10881368061536267,0.10881368061536267,0.10747796417401194,0.3875461527476299,0.11619805105654378,0.38744211558045855,0.10881368061536267,0.3961709790541181,0.1153445171073832,0.3810065396644868,0.10747796417401194
1.875,0.7839528004503834,0.6680520398093266,0.6107500297540314,0.9927634301226663,0.1918305165289614,0.1918305165289614,0.19988626670457776,0.1918305165289614,0.2806767464307805,0.2581991809035524,0.26929355613670586,0.19988626670457776,0.2811107951852905,0.25523647047673204,0.26376646763339967
1.75,0.9797744030734977,0.667585470871318,0.6130785768774074,0.9764578701701452,0.17657246637086793,0.17657246637086793,0.17666571888920482,0.24602477528903638,0.17657246637086793,0.3539449790742314,0.22345777926586158,0.2540043597763245,0.17666571888920482,0.3498246611695574,0.21950526016491329
2.857142857142857,0.7255855948661953,0.6673963926210497,0.6255962758171588,0.9042637211764313,0.13535433533268804,0.13535433533268804,0.12994029001990332,0.25791291927240695,0.46466141608221867,0.14207132931268948,0.13535433533268804,0.26708368874988153,0.4646952895460146,0.13828073168420055,0.12994029001990332
1.75,1.0172913274134003,0.6673308230476442,0.614222387985693,0.968278621732035,0.16483443896791444,0.16483443896791444,0.16462894512368495,0.25776280269198965,0.16483443896791444,0.36725024003680373,0.21015251830329001,0.2660411335418444,0.16462894512368495,0.36261965690455883,0.20671026442991186
1.75,0.9442831766226341,0.6670803869488091,0.611388316349315,0.9826687870126091,0.18864599053499648,0.18864599053499648,0.18898682589328025,0.233951251124908,0.18864599053499648,0.34109765004536047,0.23630510829473214,0.24168325277224909,0.18898682589328025,0.33721922092692636,0.2321107004075443
1.9285714285714286,1.3114779866593487,0.6670803705151459,0.6287039778557973,0.8845465955847878,0.10984021591030697,0.10984021591030697,0.10833096388967871,0.38468201360977605,0.11517151576159959,0.3903062547183116,0.10984021591030697,0.3938015353994882,0.11449151739171642,0.38337598331911665,0.10833096388967871
2.089449515082182,0.6972873508518791,0.6669104856434191,0.6136069953221197,0.9689635974641168,0.1789112181805753,0.1789112181805753,0.18680693773102075,0.1789112181805753,0.3710574919552677,0.19604929426780507,0.25398199559635326,0.18680693773102075,0.372381764761634,0.19353615771016966,0.24727513979717564
1.75,1.0595521457887163,0.6661702659037747,0.6146355478345258,0.9582003349628513,0.1525412685279553,0.1525412685279553,0.15211828262723912,0.2700559731319482,0.1525412685279553,0.37997818601546807,0.19742457232462518,0.2785517960382902,0.15211828262723912,0.37503554165481945,0.1942943796796512
1.875,1.249832671222886,0.6660965308752034,0.6240299596639592,0.9044737677389207,0.12066726230314861,0.12066726230314861,0.11998862667045777,0.3518400006565927,0.12066726230314861,0.39819019438650816,0.1293025426537451,0.3610084352194105,0.11998862667045777,0.3912425362524879,0.1277604018576438
2.7142857142857144,0.6972873508518791,0.6659872764851374,0.6224522258356282,0.9126858968323565,0.14403128225436787,0.14403128225436787,0.14036584210027486,0.23092923019401101,0.4664972475453176,0.14403128225436787,0.1585422400063082,0.23997725334091555,0.46715951094682967,0.14036584210027486,0.15249739361197992
3.25,0.8139924478098464,0.6657555296401475,0.628167409095855,0.8787548793911388,0.09318396208275014,0.09318396208275014,0.08890152592171358,0.3428035223308385,0.43185748783959305,0.13215502774681623,0.09318396208275014,0.35247843806274287,0.4312387451426405,0.12738129087290304,0.08890152592171358
1.75,0.9104842264238117,0.6656364694876415,0.6089156173045291,0.9870546318586123,0.200600823510831,0.200600823510831,0.20073926642024453,0.2219964181490731,0.200600823510831,0.3280273407356609,0.24937541760443227,0.2299308122452848,0.20073926642024453,0.32442422519192493,0.24490569614254573
3.4285714285714284,0.9797744030734977,0.6656152480765234,0.6342768218372533,0.8431996634323876,0.061084129484883065,0.061084129484883065,0.05800398066533978,0.46081964910359147,0.338946116151841,0.13915010525967914,0.061084129484883065,0.47019239882475594,0.33816699838877834,0.13363662212112595,0.05800398066533978
2.4545454545454546,1.4631196610396286,0.6655410164442785,0.6415201397895389,0.8016593174878028,0.05600396698957062,0.05600396698957062,0.05459198180267273,0.5300919991243669,0.1190504623146984,0.2948535715713667,0.05600396698957062,0.5400435977632452,0.11904084920860582,0.28632357122547625,0.05459198180267273
2.3333333333333335,1.4631196610396286,0.6655003672303572,0.6390297906864784,0.8155003009790037,0.06294137313061808,0.06294137313061808,0.062079423751303195,0.5016531769238411,0.11211305617365083,0.32329239377188773,0.06294137313061808,0.5104729409534641,0.11155340725997535,0.3158942280352573,0.062079423751303195
3.4285714285714284,1.0172913274134003,0.6654431494360772,0.6355210678784668,0.8350016115958693,0.056543450811417664,0.056543450811417664,0.05373898208700597,0.4813222587956526,0.31844350645978214,0.14369078393314477,0.056543450811417664,0.4907591697469434,0.31760022746659083,0.13790162069945977,0.05373898208700597
3.4285714285714284,0.9442831766226341,0.6649264731070275,0.6323626873950556,0.849454592141535,0.06556783570301294,0.06556783570301294,0.062363756989858785,0.4403825021287218,0.3593832631267105,0.13466639904154912,0.06556783570301294,0.4496256279025685,0.3587337693109658,0.12927684579660695,0.062363756989858785
1.7857142857142858,0.8139924478098464,0.6647384547193756,0.6067449878886482,0.9933681000934985,0.19577161844651042,0.19577161844651042,0.20415126528291158,0.19577161844651042,0.25022621694776714,0.2791869316311467,0.2748152329745756,0.20415126528291158,0.25078191640602787,0.2757084636527343,0.26935835465832625
3.0,0.7255855948661953,0.6645488413569164,0.6234415459348974,0.8974901820816903,0.12973220358796428,0.12973220358796428,0.12482229172590276,0.2616476372961732,0.4702835478269424,0.1383366112889232,0.12973220358796428,0.27049568761254855,0.46981328784001514,0.1348687328215335,0.12482229172590276
2.0,0.7255855948661953,0.6644466870501979,0.6085081597152514,0.9814316752815623,0.1756596355838067,0.1756596355838067,0.18320538337598333,0.1756596355838067,0.32808456822036575,0.22432461300129167,0.27193118319453546,0.18320538337598333,0.32831011278551797,0.22215903705809875,0.2663254667804
3.4285714285714284,1.0595521457887163,0.6643692473472147,0.6360357411010567,0.8249257827421104,0.052171569188968696,0.052171569188968696,0.04975831674722775,0.5019714935918274,0.29779427166360894,0.148062665555594,0.052171569188968696,0.5117050516538717,0.2966543455596626,0.141882286039238,0.04975831674722775
2.272727272727273,1.4631196610396286,0.6643416181317099,0.6367326870624812,0.8207922275240062,0.06584115561971837,0.06584115561971837,0.06492275613685906,0.487351857538951,0.10921327368455047,0.33759371315677744,0.06584115561971837,0.4971092787413515,0.10871007487441949,0.3292578902473699,0.06492275613685906
2.6,1.4631196610396286,0.6637000370280675,0.6414874646340725,0.7895712805940396,0.05165847140046598,0.05165847140046598,0.05032698322433893,0.5507113648352978,0.12339595790380309,0.27423420586043634,0.05165847140046598,0.5598521467159511,0.12330584778693962,0.26651502227277035,0.05032698322433893
1.7857142857142858,1.1994428481028652,0.663510934735997,0.6182442895682643,0.920021924019816,0.124486970380942,0.124486970380942,0.123969292010236,0.32151086501333387,0.124486970380942,0.4035060085178327,0.1504961560878864,0.33096388967870344,0.123969292010236,0.39683442327741447,0.1482323950336461
1.75,0.8757198401870869,0.663419695117782,0.6058491556853878,0.9896527519013497,0.2104918342896596,0.2104918342896596,0.2123969292010236,0.2104918342896596,0.21210540737024358,0.31451164234584056,0.2628911159942542,0.21827314946450574,0.2123969292010236,0.31115534072599754,0.25817458060847315
1.9285714285714286,0.7255855948661953,0.6633372569083135,0.607183421818775,0.9815423224156984,0.17439729963704878,0.17439729963704878,0.18216282816794616,0.17439729963704878,0.3254562297343262,0.22558694894804976,0.2745595216805744,0.18216282816794616,0.32613022462325847,0.22320159226613592,0.2685053549426595
2.3333333333333335,0.6697006079849583,0.663249424412502,0.6144772114097661,0.9396252980946718,0.1712015480248793,0.1712015480248793,0.1683252772249076,0.1788429100856799,0.4349233230118115,0.1712015480248793,0.21503221887763363,0.18699649322339115,0.4350298549900483,0.1683252772249076,0.20964837456165292
1.75,1.1033413936395722,0.663202035781062,0.6132831949453237,0.9460754671835792,0.14155705691999482,0.14155705691999482,0.14112406406975642,0.281040184739908,0.14155705691999482,0.3939504718718813,0.18345228646821263,0.2895460145957729,0.14112406406975642,0.388873092597858,0.18045682873661265
2.4545454545454546,0.6697006079849583,0.662885623770404,0.6164980256586939,0.9257486797367614,0.15844957880374724,0.15844957880374724,0.1548668372666098,0.19159487930681224,0.45754758213225344,0.15844957880374724,0.19240795975719394,0.20045493318168894,0.4586295137901621,0.1548668372666098,0.1860487157615392
3.4285714285714284,0.9104842264238117,0.662847153060582,0.6292071419098622,0.8534738829146611,0.06903580203829825,0.06903580203829825,0.06568097810634063,0.4188253261784732,0.38094043907696024,0.13119843270626377,0.06903580203829825,0.42839541275708465,0.37996398445644963,0.12595962468012512,0.06568097810634063
2.272727272727273,0.6697006079849583,0.6627054671510143,0.6128217183037548,0.9453800439521519,0.1735612101057703,0.1735612101057703,0.17334849777272296,0.1735612101057703,0.4230039211177305,0.17648324800478873,0.22695162077171482,0.18197327267557578,0.42384608094019527,0.17334849777272296,0.22083214861150602
1.875,0.752243811674494,0.6622210842241179,0.6047884804104531,0.9876725058348851,0.17798949203819497,0.17798949203819497,0.1858591602691688,0.17798949203819497,0.29451777092154746,0.24704078011022257,0.2804519569300353,0.1858591602691688,0.29513790162069947,0.24443180741161974,0.27457113069851197
2.1666666666666665,1.4631196610396286,0.6613495849825651,0.6321857751144093,0.8266111742354485,0.0709752747141295,0.0709752747141295,0.07004075443085964,0.46940245322625723,0.10407915459013921,0.35554311746947104,0.0709752747141295,0.47881717372760874,0.10359207658041891,0.3475499952611127,0.07004075443085964
2.1666666666666665,0.6697006079849583,0.6607774894328656,0.6094204013116384,0.9518009887864864,0.16680812179120463,0.16680812179120463,0.1747701639655009,0.16680812179120463,0.406673486025192,0.1832363363193549,0.24328205586425392,0.1747701639655009,0.40763908634252677,0.18055160648279783,0.2370391432091745
2.6,0.6697006079849583,0.6606766764597779,0.6160541576736336,0.9135376162479287,0.14939658850798643,0.14939658850798643,0.1460525068713866,0.20064786960257178,0.47345945313653015,0.14939658850798643,0.1764960887529179,0.20926926357691214,0.4738887309259786,0.1460525068713866,0.17078949862572268
3.25,0.7839528004503834,0.660314735072492,0.6223536540009749,0.8754275278110896,0.0973792264867753,0.0973792264867753,0.0927874135153066,0.3220699340897194,0.4525910760807141,0.12795976334279108,0.0973792264867753,0.33162733390199983,0.4520898493033836,0.12349540327931002,0.0927874135153066
3.4285714285714284,0.8757198401870869,0.6602023455115111,0.6256681162456588,0.8558963113513419,0.0731748392599415,0.0731748392599415,0.06966164344611885,0.3979440811508796,0.4018216841045541,0.1270593954846204,0.0731748392599415,0.4074495308501564,0.4009098663633779,0.12197895934034689,0.06966164344611885
1.75,0.842693318210332,0.6600599032590491,0.6018080731203139,0.9901536073785484,0.19724720073003527,0.19724720073003527,0.20500426499857832,0.19724720073003527,0.22535004092986863,0.3027529900698386,0.27464976827025733,0.20500426499857832,0.225665813666951,0.29968723343758885,0.26964268789688184
2.857142857142857,0.6972873508518791,0.6597071163845226,0.6180168843524606,0.8959517645662073,0.13492887063330178,0.13492887063330178,0.13136195621268126,0.24003164181507683,0.4825426935395504,0.13492887063330178,0.14249679401207585,0.24898113922850915,0.482797839067387,0.13136195621268126,0.13685906549142263
1.7857142857142858,0.7839528004503834,0.6596909994021236,0.6013734763892065,0.9901569631419872,0.18222909555025835,0.18222909555025835,0.19031371433987299,0.18222909555025835,0.2637687398440187,0.2678006018822551,0.286201562723468,0.19031371433987299,0.26461946734906644,0.2648090228414368,0.2802577954696237
1.75,1.1477491043017711,0.6593398226576117,0.611231761471889,0.9319521693767072,0.12915626326590102,0.12915626326590102,0.12861340157331058,0.2934409783940011,0.12915626326590102,0.4065194078382566,0.17088335050183798,0.30205667709221873,0.12861340157331058,0.40109942185574826,0.1682304994787224
1.875,1.3114779866593487,0.6582703468741206,0.6185248270564501,0.8834949591742534,0.10790730521057174,0.10790730521057174,0.10728840868164155,0.3645999577491695,0.10790730521057174,0.41038831057891906,0.11710442646133487,0.3737086532082267,0.10728840868164155,0.40346886551037814,0.11553407259975358
2.089449515082182,0.6697006079849583,0.6581705214819463,0.60541844082904,0.9570989785150823,0.16101302610596524,0.16101302610596524,0.16879916595583358,0.16101302610596524,0.38895568402988023,0.1890314320045945,0.260999857859564,0.16879916595583358,0.3903895365368212,0.18652260449246516,0.2542886930148801
2.0,1.382803800153913,0.6581186026120674,0.6223380873406358,0.8608748558168466,0.09769128956807818,0.09769128956807818,0.09657852336271444,0.4014831683092536,0.1022610354949207,0.398564506627743,0.09769128956807818,0.41000852999715665,0.10150696616434461,0.3919059804757843,0.09657852336271444
1.6875,0.9797744030734977,0.657510244891293,0.6023087614593319,0.9703186510057391,0.16547667946908798,0.16547667946908798,0.16548194483935172,0.23311989336979755,0.16547667946908798,0.36684986099347067,0.23455356616764136,0.24035636432565632,0.16548194483935172,0.3634726566202256,0.2306890342147664
2.089449515082182,1.4631196610396286,0.6572190363734437,0.6265682909279785,0.8309065938977469,0.07646946212407646,0.07646946212407646,0.07544308596341578,0.4513837429556533,0.098584967180192,0.37356182774007435,0.07646946212407646,0.46099895744479197,0.09818974504786276,0.3653682115439295,0.07544308596341578
1.6875,1.0172913274134003,0.6572188863047599,0.6034129739260469,0.9621190564508005,0.1543856002768246,0.1543856002768246,0.15410861529712824,0.24421097256206087,0.1543856002768246,0.38080207016673223,0.22060135699437958,0.2517296938678798,0.15410861529712824,0.37693109657852336,0.21723059425646857
2.0,0.6972873508518791,0.657036041618249,0.6012143829105496,0.9733587742952126,0.1639872826964969,0.1639872826964969,0.17116860961046346,0.1639872826964969,0.3397569211076772,0.21097322975188357,0.2852825664439426,0.17116860961046346,0.34034688655103784,0.20917448583072695,0.2793100180077718
1.6875,0.9442831766226341,0.6570236855808105,0.6006373134036989,0.9765464612511091,0.17702277434668293,0.17702277434668293,0.177234385366316,0.22157379849220282,0.17702277434668293,0.35347510267806614,0.2479283244830455,0.22860392379869207,0.177234385366316,0.35029854990048337,0.2438631409345086
2.7142857142857144,0.6697006079849583,0.6570041911189739,0.6139708850240211,0.9008595923237069,0.13968096223721638,0.13968096223721638,0.13600606577575586,0.21036349587334088,0.4870629818659886,0.13968096223721638,0.16289256002345984,0.21931570467254288,0.48782105961520233,0.13600606577575586,0.1568571699364989
3.0,0.6972873508518791,0.6569339541531957,0.6159299218459656,0.8892901372274992,0.13119415260953554,0.13119415260953554,0.12794995735001422,0.24376635983884315,0.48816482528427446,0.13119415260953554,0.13687466226735198,0.2523931380911762,0.48791583736138755,0.12794995735001422,0.13174106719742204
1.9285714285714286,1.382803800153913,0.6569105404646911,0.6209126526286659,0.8608985715355005,0.09860195792759896,0.09860195792759896,0.097336745332196,0.39850316223597676,0.10135036713539991,0.4015445127010196,0.09860195792759896,0.40754430859634155,0.10074874419486304,0.3943702018765994,0.097336745332196
1.7857142857142858,1.249832671222886,0.6569077080577577,0.6137627796757409,0.9013956355558526,0.11220660873284764,0.11220660873284764,0.11183774049853094,0.33379122666142846,0.11220660873284764,0.4162389683816737,0.13776319622404634,0.34309544119040847,0.11183774049853094,0.40915553028148993,0.13591128802957067
3.4285714285714284,0.842693318210332,0.6564438993439591,0.621185519890854,0.8562413829115548,0.07674851952762766,0.07674851952762766,0.0730736423087859,0.37651447558293666,0.423251289672498,0.12348571521693409,0.07674851952762766,0.38612453795848733,0.4222348592550469,0.11856696047767984,0.0730736423087859
1.6875,1.0595521457887163,0.6559933638951874,0.6037554477419059,0.952008222097115,0.14280595544393437,0.14280595544393437,0.14226139702397878,0.2557906173949507,0.14280595544393437,0.3942435417524666,0.20715988540864602,0.2635769121410293,0.14226139702397878,0.3900104255520804,0.20415126528291158
1.9285714285714286,0.6972873508518791,0.6559023217996496,0.5998665459722041,0.9734383848218411,0.16272494674973892,0.16272494674973892,0.1701260544024263,0.16272494674973892,0.3371285826216378,0.2122355656986416,0.287910904929982,0.1701260544024263,0.33816699838877834,0.2102170410387641,0.2814899061700313
1.75,0.8139924478098464,0.655806964905435,0.5969724937985432,0.9892023011778218,0.1864117340378088,0.1864117340378088,0.19419960193346603,0.1864117340378088,0.2361855076220947,0.2885468160398479,0.28885594230024797,0.19419960193346603,0.2364704767320633,0.2856601270021799,0.2836697943322908
1.875,0.7255855948661953,0.6556218671111882,0.5981898175213508,0.9810701481202665,0.16560523788633136,0.16560523788633136,0.17315894228035258,0.16560523788633136,0.30690202507341197,0.23437901069876754,0.2931137263414904,0.17315894228035258,0.3078381196095157,0.2322054781537295,0.2867974599564022
1.6875,0.9104842264238117,0.6555448107780453,0.5981255754832532,0.9809204774485341,0.18865708468190961,0.18865708468190961,0.18870249265472466,0.20993948815697605,0.18865708468190961,0.34008427072775693,0.2613191564333538,0.21713581651028338,0.18870249265472466,0.33721922092692636,0.2569424699080656
1.75,1.1994428481028652,0.6539897054089343,0.6078276422345366,0.9155747300638548,0.11732409297834717,0.11732409297834717,0.11676618330016113,0.3052731486815547,0.11732409297834717,0.4197437248496129,0.15765903349048171,0.3139038953653682,0.11676618330016113,0.4138944175907497,0.15543550374372098
1.7857142857142858,0.752243811674494,0.6539617770651577,0.5955194875942027,0.9851347507339027,0.16909381824069436,0.16909381824069436,0.1769500521277604,0.16909381824069436,0.27690401715358226,0.2559364539077231,0.298065710698,0.1769500521277604,0.27798312956117904,0.2533409155530281,0.2917259027580324
3.25,0.752243811674494,0.6538885025215059,0.6157485078692575,0.8700151388842469,0.10118553554840456,0.10118553554840456,0.09638896787034404,0.30087681786725295,0.47378419230318264,0.12415345428116177,0.10118553554840456,0.310397118756516,0.47332006444886743,0.11989384892427259,0.09638896787034404
1.6875,0.8757198401870869,0.6534283477315213,0.5951684923508793,0.9835675282218256,0.19923890511797096,0.19923890511797096,0.1994123779736518,0.19935766772091468,0.19923890511797096,0.3256458089145843,0.27575761824652684,0.20642593119135627,0.1994123779736518,0.323002558999147,0.27115913183584495
2.3333333333333335,0.6412861463227546,0.6533864672161351,0.6052149271312299,0.9263585276972649,0.16192270605599748,0.16192270605599748,0.16045872429153635,0.16192270605599748,0.451843527041495,0.16306425140051262,0.22316951550200023,0.16974694341768554,0.45227940479575396,0.16045872429153635,0.21751492749502416
1.6875,1.1033413936395722,0.6530596675928727,0.6024431959142463,0.9398863404384221,0.1322085901146752,0.1322085901146752,0.13174106719742204,0.2663879827242092,0.1322085901146752,0.40860267388758126,0.19280075327353174,0.274097241967586,0.13174106719742204,0.4043218652260449,0.18983982560894702
2.4545454545454546,0.6412861463227546,0.6530160137570581,0.6072241291870142,0.9125033596539736,0.1511346805948279,0.1511346805948279,0.14785328404890533,0.17385227686168112,0.4752901845773858,0.1511346805948279,0.1997228579661124,0.18235238366031656,0.47673206331153445,0.14785328404890533,0.19306226897924367
2.272727272727273,0.6412861463227546,0.6528414877331021,0.6035652717629767,0.9320733782304795,0.15692071342292857,0.15692071342292857,0.16500805610842575,0.15692071342292857,0.4396444178005718,0.1680662440335812,0.2353686247429228,0.16500805610842575,0.44081129750734527,0.16519761160079613,0.22898303478343285
3.4285714285714284,0.8139924478098464,0.6521041149254778,0.6162434064467777,0.8553147963047785,0.0816721960176471,0.0816721960176471,0.07771775187186049,0.3563965113507391,0.44336925390469534,0.1185620387269146,0.0816721960176471,0.36593687802104063,0.4424225191924936,0.11392285091460524,0.07771775187186049
3.75,0.9797744030734977,0.65147676422904,0.6214147645014338,0.8218280960188084,0.05346872482384523,0.05346872482384523,0.05061131646289451,0.473533138038491,0.3465615208128798,0.12643661632478134,0.05346872482384523,0.48289261681357215,0.34555966259122356,0.12093640413230973,0.05061131646289451
1.75,0.7839528004503834,0.6510059509326123,0.5918593881344376,0.9861698067889351,0.17412300678236958,0.17412300678236958,0.1816889394370202,0.17412300678236958,0.24847423487753403,0.2759066906501435,0.3014960676899527,0.1816889394370202,0.24898113922850915,0.27343379774428966,0.295896123590181
2.1666666666666665,0.6412861463227546,0.6508801832276516,0.6001423807047661,0.9383943975240032,0.1504140632724019,0.1504140632724019,0.15808928063690644,0.1504140632724019,0.4230675445439946,0.1745728941841075,0.251945497999501,0.15808928063690644,0.42431996967112123,0.1721163870723154,0.2454743626196569
2.6,0.6412861463227546,0.6508583647397079,0.6068202552402897,0.9004076519030783,0.14246539070389655,0.14246539070389655,0.1394180646384229,0.18252156675261233,0.49158575598649124,0.14246539070389655,0.18342728655700763,0.19078760307079898,0.49237039143209177,0.1394180646384229,0.17742394085868637
2.3333333333333335,1.5590164078759388,0.6507363742451591,0.6268689012478275,0.7859853878967057,0.054849250362736975,0.054849250362736975,0.05411809307174675,0.518601982149113,0.09516425094837826,0.33138451653976836,0.054849250362736975,0.5272486020282438,0.09477774618519572,0.32385555871481375,0.05411809307174675
3.75,0.9442831766226341,0.6506960930583985,0.61940974869925,0.8279853777602397,0.057216386102391936,0.057216386102391936,0.05421287081793195,0.4523599461240369,0.3677347127273318,0.1226889550462345,0.057216386102391936,0.46156762392190315,0.3668846554828926,0.1173348497772723,0.05421287081793195
2.857142857142857,0.6697006079849583,0.6506186119796502,0.6094291979126376,0.8840252916927224,0.13121710155222296,0.13121710155222296,0.12757084636527344,0.2188273565583346,0.5037469787962925,0.13121710155222296,0.14620856309315475,0.2277509240830253,0.5040280542128708,0.12757084636527344,0.14065017533883045
1.6875,0.842693318210332,0.6501192457095331,0.591181671166199,0.9840988347884261,0.18665193072298947,0.18665193072298947,0.19372571320254003,0.18665193072298947,0.21194464211589553,0.31334826007688277,0.28805516708423057,0.19372571320254003,0.212112595962468,0.31096578523362717,0.2831959056013648
2.272727272727273,1.5590164078759388,0.6495450054530302,0.6245338517233842,0.7912748765876908,0.05727568195718317,0.05727568195718317,0.056487536726376644,0.5038273118695689,0.09273781935393197,0.3461591868193125,0.05727568195718317,0.5134110510852052,0.09240830253056583,0.3376931096578523,0.056487536726376644
1.6875,1.1477491043017711,0.649155848862854,0.6003492002832316,0.9257268574807147,0.12040155355612012,0.12040155355612012,0.11989384892427259,0.2781950192827635,0.12040155355612012,0.421765366949495,0.17963806021161866,0.2859444602407355,0.11989384892427259,0.41721163870723155,0.1769500521277604
1.7857142857142858,1.3114779866593487,0.6489942124783971,0.6081594100083166,0.8803914264755197,0.10035707363338883,0.10035707363338883,0.09999052222538148,0.34564076176088726,0.10035707363338883,0.4293475065672006,0.12465465803851752,0.35494265946355796,0.09999052222538148,0.4222348592550469,0.12283195905601364
3.75,0.9104842264238117,0.6486729933482897,0.6163091865542235,0.8320678985146645,0.06041396421306406,0.06041396421306406,0.05724575869585821,0.4305323819491739,0.38956227690219586,0.11949137693556232,0.06041396421306406,0.4400530755378637,0.38839920386693205,0.11430196189934604,0.05724575869585821
2.0,0.6697006079849583,0.6486256860578891,0.5933647588603774,0.9617709401771218,0.14756870991399318,0.14756870991399318,0.15467728177423942,0.14756870991399318,0.35617549389018,0.20247574819656583,0.2937800479992608,0.15467728177423942,0.3568382143872619,0.20064448867405932,0.2878400151644394
2.089449515082182,0.6412861463227546,0.6484204387862944,0.5962786940700033,0.9438903255119435,0.14541127427370068,0.14541127427370068,0.1528765045967207,0.14541127427370068,0.4045574358621445,0.1795756831828088,0.2704556066813489,0.1528765045967207,0.40631219789593404,0.1773291631125012,0.2634821343948441
1.875,0.6972873508518791,0.648175079159199,0.59086228034519,0.9729476057719174,0.15457656248637225,0.15457656248637225,0.16178561273812908,0.15457656248637225,0.31793070047336963,0.22038394996200802,0.3071087870782495,0.16178561273812908,0.31921144915173916,0.21855748270306133,0.3004454554070704
1.875,1.382803800153913,0.6480097518065809,0.6106309307495579,0.8598230711297122,0.09498146893518415,0.09498146893518415,0.09439863520045494,0.37752579402455627,0.09498146893518415,0.4225218809124386,0.1049708561278147,0.3865984266894133,0.09439863520045494,0.41531608378352763,0.10368685432660411
3.0,0.6697006079849583,0.6477543097876926,0.6072564592577679,0.8772421294572655,0.1279077365239643,0.1279077365239643,0.12453795848734717,0.2221367215865933,0.5097944635365232,0.1279077365239643,0.14016107835292327,0.23078381196095157,0.5095251634916121,0.12453795848734717,0.1351530660600891
1.9285714285714286,0.6697006079849583,0.6475149304042706,0.5920408312654466,0.9618681588576061,0.1464222409026586,0.1464222409026586,0.15372950431238744,0.1464222409026586,0.35343128846871735,0.2036222172079004,0.2965242534207234,0.15372950431238744,0.35456354847881716,0.20159226613591127,0.2901146810728841
1.75,1.249832671222886,0.647441509628588,0.6034130630669321,0.896936040144639,0.10532258966521671,0.10532258966521671,0.10491896502701166,0.3172746519946844,0.10532258966521671,0.4327555430484158,0.14464721529167715,0.32575111363851766,0.10491896502701166,0.42649985783338074,0.14283006350108995
1.7857142857142858,0.7255855948661953,0.6473741210102132,0.5889360764831253,0.9785230399970449,0.15724130298252884,0.15724130298252884,0.16481850061605535,0.15724130298252884,0.2887565324117475,0.24274294560256984,0.3112592190031525,0.16481850061605535,0.2901146810728841,0.24054591981802673,0.3045208984930338
2.7142857142857144,0.6412861463227546,0.6472740921641085,0.6048150288951006,0.8878754506884864,0.13310684888775653,0.13310684888775653,0.12975073452753294,0.19188010856875212,0.5055463691705776,0.13310684888775653,0.16946667337291985,0.20045493318168894,0.5066818311060562,0.12975073452753294,0.16311250118472181
3.4285714285714284,0.7839528004503834,0.6466896185349891,0.6104541537479531,0.8520239189948596,0.08534129102325881,0.08534129102325881,0.08112975073452754,0.335136753711206,0.46462901154423053,0.11489294372130283,0.08534129102325881,0.34461188512937163,0.46374751208416265,0.11051085205193821,0.08112975073452754
2.1666666666666665,1.5590164078759388,0.646514467470312,0.6199464009812674,0.7970668442415655,0.0618652723347651,0.0618652723347651,0.06113164628945124,0.4853333788400476,0.0881482289763499,0.36465311984883597,0.0618652723347651,0.49464505734053643,0.08776419296749123,0.35645910340252107,0.06113164628945124
3.25,0.7255855948661953,0.6465099904463547,0.6083651450599514,0.8626641143026403,0.10505036315771311,0.10505036315771311,0.09999052222538148,0.27969562191324193,0.49496538825719427,0.1202886266718533,0.10505036315771311,0.28907212586484693,0.49464505734053643,0.11629229456923515,0.09999052222538148
1.6875,0.8139924478098464,0.6458959822368571,0.5863780881169178,0.9831640489165129,0.17649760884806967,0.17649760884806967,0.1836792721069093,0.17649760884806967,0.2220989639908154,0.29846094122958716,0.3029424859315274,0.1836792721069093,0.22215903705809875,0.2961804568287366,0.2979812340062553
3.75,0.8757198401870869,0.645853865552338,0.6125999375202138,0.8342927910677085,0.06362863077592104,0.06362863077592104,0.060278646573784476,0.40872676626279564,0.411367892588577,0.1162767103727052,0.06362863077592104,0.4181594161690835,0.41029286323571224,0.11126907402141976,0.060278646573784476
2.0,1.4631196610396286,0.6457037900143643,0.612380428221661,0.8345361735063495,0.08575813479559467,0.08575813479559467,0.08482608283575016,0.4144479092955022,0.0892962945086737,0.41049766140022687,0.08575813479559467,0.4227087479859729,0.08880674817552839,0.40365842100274857,0.08482608283575016
1.75,0.752243811674494,0.6454324077803244,0.5861682743260312,0.9812624973546525,0.16183034380942615,0.16183034380942615,0.16917827694057436,0.16183034380942615,0.26076689785047774,0.2631999283389914,0.31420283000110394,0.16917827694057436,0.26149180172495495,0.2611126907402142,0.3082172305942565
1.9285714285714286,1.4631196610396286,0.6444566392870517,0.6109096205670383,0.8345564120337946,0.08644113606523522,0.08644113606523522,0.08539474931286134,0.41124023613234534,0.08861329323903312,0.4137053345633841,0.08644113606523522,0.4200549710927874,0.08823808169841721,0.40631219789593404,0.08539474931286134
1.6875,1.1994428481028652,0.6437189220165371,0.5968474765281867,0.9093237797838568,0.10938604176986323,0.10938604176986323,0.10880485262060469,0.28921053106901967,0.10938604176986323,0.4358063424621467,0.16559708469896578,0.2970334565444034,0.10880485262060469,0.4307648564117145,0.1633968344232774
1.625,0.9797744030734977,0.6429257553296716,0.5869970950578924,0.9598548302030868,0.1519881707770385,0.1519881707770385,0.15221306037342433,0.2159056271763747,0.1519881707770385,0.3840641271868934,0.24804207485969093,0.22253814804283953,0.15221306037342433,0.38129087290304237,0.24395791868069377
2.3333333333333335,0.6147132113447967,0.6427745767721704,0.5953098985904376,0.9117410864686567,0.14658209918122816,0.14658209918122816,0.15126528291157237,0.14658209918122816,0.4671841339162647,0.15344328059238518,0.23279048631012672,0.15382428205857265,0.4682020661548668,0.15126528291157237,0.22670836887498816
1.625,1.0172913274134003,0.6426985202636735,0.5881757485237131,0.9516608934567821,0.1412532399964789,0.1412532399964789,0.1412188418159416,0.22664055795693422,0.1412532399964789,0.39837248477186027,0.23373371727472517,0.23353236660032226,0.1412188418159416,0.39512842384608093,0.2301203677376552
1.625,0.9442831766226341,0.6424338838373223,0.5853188180034412,0.9660859235626486,0.16296105163908176,0.16296105163908176,0.1633968344232774,0.20493274631433211,0.16296105163908176,0.3701161548559376,0.26199004719064667,0.21135437399298646,0.1633968344232774,0.367548099706189,0.25770069187754713
2.4545454545454546,0.6147132113447967,0.6423932847626461,0.5973150796898489,0.8978364468418308,0.1425009917689484,0.1425009917689484,0.1397023978769785,0.1575243880046648,0.49161807343440295,0.1425009917689484,0.20835654679199145,0.16538716709316653,0.4936972798786845,0.1397023978769785,0.2012131551511705
2.089449515082182,1.5590164078759388,0.6422793127806254,0.6142135184554368,0.8013188139566942,0.06657632986155043,0.06657632986155043,0.06577575585252583,0.4665315386862816,0.08343717144956449,0.38345496000259993,0.06657632986155043,0.47606861908823805,0.08312008340441664,0.37503554165481945,0.06577575585252583
2.272727272727273,0.6147132113447967,0.6422394098989583,0.59367153274382,0.917457380444742,0.14198890959354246,0.14198890959354246,0.14946450573405365,0.14198890959354246,0.45457622162995837,0.15803647018007147,0.2453983985964323,0.14946450573405365,0.4563548478817174,0.15562505923609138,0.23855558714813763
3.75,0.842693318210332,0.6421478335963821,0.6081668812833451,0.8347065633702584,0.06693589422245168,0.06693589422245168,0.06340631219789593,0.3870307438736959,0.4330639149776744,0.11296944692617449,0.06693589422245168,0.3965500900388589,0.4319021893659369,0.1081414083973083,0.06340631219789593
1.625,1.0595521457887163,0.6414767569096217,0.588527212825183,0.9415241733881072,0.13024282462689737,0.13024282462689737,0.12994029001990332,0.2376509733265152,0.13024282462689737,0.4123831858209028,0.21972301622568272,0.24481091839636054,0.12994029001990332,0.4087764192967491,0.216472372286987
1.6875,0.7839528004503834,0.6411507632543224,0.5813254202338913,0.9801610403700988,0.16481723827345351,0.16481723827345351,0.17183205383375982,0.16481723827345351,0.23377933456543154,0.2852124591590594,0.3161909680020536,0.17183205383375982,0.23400625533124822,0.28329068334755,0.31087100748744195
1.625,0.9104842264238117,0.6410261842354343,0.5828850879991418,0.9704923962410918,0.17365552322835806,0.17365552322835806,0.17391716424983414,0.19423827472505592,0.17365552322835806,0.35578548415967876,0.27632071788690465,0.20083404416642972,0.17391716424983414,0.35352099327078,0.2717277983129561
2.857142857142857,0.6412861463227546,0.6408422227393965,0.6002310004698488,0.8709724822668337,0.1253266373186087,0.1253266373186087,0.12197895934034689,0.19966032013789942,0.5229140152167279,0.1253266373186087,0.15209902732676914,0.208226708368875,0.5235522699270211,0.12197895934034689,0.146242062363757
2.6,0.6147132113447967,0.6403129897987695,0.5969779592998913,0.8858781626257459,0.13421939828856982,0.13421939828856982,0.13164628945123685,0.16580598148504333,0.5083013412540589,0.13421939828856982,0.19167327897233413,0.17344327551890815,0.5097147189839826,0.13164628945123685,0.18519571604587243
2.1666666666666665,0.6147132113447967,0.6402418048931752,0.5902120006020155,0.9237440292097469,0.13595084176663721,0.13595084176663721,0.14301961899346033,0.13595084176663721,0.43753076604975855,0.16407453800697663,0.26244385417663185,0.14301961899346033,0.4393896313145673,0.16206994597668467,0.2555208037152876
3.4285714285714284,0.752243811674494,0.6402260303741578,0.6038104358054333,0.8465810662635972,0.0884784142062032,0.0884784142062032,0.0841626386124538,0.3132744516100559,0.4864913136453838,0.11175582053835849,0.0884784142062032,0.3228130035067766,0.4855463937067577,0.10747796417401194,0.0841626386124538
1.875,0.6697006079849583,0.6399508605477479,0.583209610597935,0.9614846102633541,0.1389371568461634,0.1389371568461634,0.1460525068713866,0.1389371568461634,0.3335701061135778,0.21110730126439523,0.3163854357758604,0.1460525068713866,0.33494455501848164,0.20926926357691214,0.3097336745332196
1.7857142857142858,0.6972873508518791,0.6399358305392773,0.5816170177954354,0.9704091027543816,0.14693555377506845,0.14693555377506845,0.15410861529712824,0.14693555377506845,0.2990622816192088,0.22802495867331174,0.32597720593240864,0.15410861529712824,0.3008245663918112,0.22623448014406217,0.3188323381669984
1.75,1.3114779866593487,0.6395562670615396,0.5978456736001103,0.8759162966763049,0.09388669810083919,0.09388669810083919,0.09354563548478817,0.32871054355906165,0.09388669810083919,0.4462777247690256,0.13112503357106708,0.33712444318074114,0.09354563548478817,0.4400530755378637,0.12927684579660695
2.0,0.6412861463227546,0.6389868877260887,0.5843430175672872,0.9486354852926304,0.13305482407415573,0.13305482407415573,0.13989195336934887,0.13305482407415573,0.37068937973001687,0.1919321333823538,0.304323662813473,0.13989195336934887,0.37162354279215243,0.19031371433987299,0.29817078949862574
1.625,0.8757198401870869,0.6389330106776018,0.5799531892759884,0.9731519986200774,0.1834084098778031,0.1834084098778031,0.1837740498530945,0.18448538807561105,0.1834084098778031,0.3405180885598873,0.29158811348669567,0.19097715856316938,0.1837740498530945,0.33845133162733393,0.2867974599564022
3.25,0.6972873508518791,0.6388519874018794,0.600814766154169,0.8543962411389057,0.11094815933742382,0.11094815933742382,0.10567718699649323,0.26056968195623503,0.5140913282142011,0.11439083049214252,0.11094815933742382,0.269737465643067,0.5139797175623164,0.1106056297981234,0.10567718699649323
1.75,0.7255855948661953,0.6388505358546784,0.5795959140496736,0.9746267260830391,0.15032350144338208,0.15032350144338208,0.15742583641361008,0.15032350144338208,0.2722737402165208,0.2496607471417163,0.327742011198378,0.15742583641361008,0.27324424225191923,0.247938584020472,0.32139133731399866
1.7857142857142858,1.382803800153913,0.6386776291479226,0.6002046575566762,0.8566911348316524,0.08814340422682122,0.08814340422682122,0.08776419296749123,0.35785443116745447,0.08814340422682122,0.44219324376954017,0.11180892083617766,0.3671689887214482,0.08776419296749123,0.4347455217514927,0.11032129655956781
1.625,1.1033413936395722,0.6386229560000554,0.5873106714590306,0.929392568399196,0.11994446761106935,0.11994446761106935,0.11970429343190218,0.24794933034234315,0.11994446761106935,0.4270413262694473,0.2050648757771376,0.25504691498436166,0.11970429343190218,0.42337219220926925,0.20187659937446686
1.9285714285714286,0.6412861463227546,0.6379674251001014,0.5831077095621022,0.9488391464820966,0.13225188908812488,0.13225188908812488,0.1392285091460525,0.13225188908812488,0.36760164028325054,0.19273506836838458,0.3074114022602393,0.1392285091460525,0.3690645436451521,0.19097715856316938,0.300729788645626
3.0,0.6412861463227546,0.6379476728670722,0.5980322547838967,0.8641350420050669,0.12232639166062745,0.12232639166062745,0.1192304047009762,0.20266056579588063,0.5292706193272361,0.12232639166062745,0.14574242321626027,0.21097526300824565,0.529333712444318,0.1192304047009762,0.14046061984646005
3.75,0.8139924478098464,0.6377778585403961,0.603193729153493,0.8337545917328468,0.0712890866267525,0.0712890866267525,0.06748175528385934,0.3663422955557799,0.45375236329559193,0.10861625452187351,0.0712890866267525,0.375793763624301,0.45265851578049476,0.10406596531134489,0.06748175528385934
2.089449515082182,0.6147132113447967,0.6376785489187531,0.5862581329373515,0.9290609061466959,0.13103138368302272,0.13103138368302272,0.13790162069945977,0.13103138368302272,0.41893732645282344,0.16899399609059101,0.28103729377356607,0.13790162069945977,0.42128708179319496,0.16718794427068523,0.27362335323666004
1.6875,1.249832671222886,0.6370600675216918,0.5923066387756151,0.8906628304161259,0.09830939917609953,0.09830939917609953,0.09790541180930717,0.30028717366278246,0.09830939917609953,0.4497430213803173,0.1516604057807942,0.3079328973557009,0.09790541180930717,0.4443180741161975,0.14984361671879443
2.7142857142857144,0.6147132113447967,0.6367309081998541,0.5949826965711829,0.8733041074289917,0.12557476079246668,0.12557476079246668,0.12264240356364325,0.17445061898114606,0.5229758587581832,0.12557476079246668,0.17699876146820953,0.18244716140650175,0.5246896028812434,0.12264240356364325,0.1702208321486115
4.0,0.9442831766226341,0.6362528706374097,0.6059412545366084,0.8080186952086166,0.050246675933111516,0.050246675933111516,0.04748365083878305,0.4628031993218788,0.37470442289661193,0.11224570184839264,0.050246675933111516,0.4714245095251635,0.3736138754620415,0.10747796417401194,0.04748365083878305
1.625,0.842693318210332,0.6357470993756076,0.5761002440321508,0.9737459463218633,0.17277536559761564,0.17277536559761564,0.1792247180362051,0.17277536559761564,0.19511843235579823,0.32722482520225465,0.3048813768443288,0.1792247180362051,0.19552649038005876,0.3254667803999621,0.29978201118377407
1.875,1.4631196610396286,0.6356883698962004,0.6007845029194485,0.8334769494311274,0.08242689342296611,0.08242689342296611,0.08207752819637949,0.39008036953677533,0.08242689342296611,0.4348652011589503,0.09262753588130226,0.39891953369348876,0.08207752819637949,0.42744763529523266,0.09155530281489906
1.6875,0.752243811674494,0.6356209223251099,0.5756822624761508,0.9752733281358781,0.1530797408661803,0.1530797408661803,0.15998483556061036,0.1530797408661803,0.24551683197270466,0.27195053128223673,0.3294528958788758,0.15998483556061036,0.2458534736043977,0.2703061321201782,0.32385555871481375
1.625,1.1477491043017711,0.634624564073774,0.5851151580620222,0.9151778648070339,0.1090889959727737,0.1090889959727737,0.10871007487441949,0.2588048019806382,0.1090889959727737,0.44115558425161944,0.1909506177949649,0.2660411335418444,0.10871007487441949,0.43711496540612266,0.18813382617761348
4.0,0.9104842264238117,0.6342596105458977,0.6028698393329606,0.8121349807525419,0.053149289567751265,0.053149289567751265,0.05023220547815373,0.44068067067098315,0.39682695154750824,0.1093430882137528,0.053149289567751265,0.4496256279025685,0.3954127570846365,0.10472940953464127,0.05023220547815373
1.5833333333333333,0.9797744030734977,0.6329952071106177,0.5767718103326556,0.9515944555190704,0.14172957354772314,0.14172957354772314,0.14207184153160837,0.2063084109741789,0.14172957354772314,0.3936613433890897,0.25830067208900553,0.21277604018576438,0.14207184153160837,0.3910529807601175,0.25409913752250973
3.4285714285714284,0.7255855948661953,0.632853829599938,0.5964263700686196,0.839276100277409,0.09182756220147015,0.09182756220147015,0.08729030423656525,0.29157757604200313,0.5081881892134353,0.10840667254309161,0.09182756220147015,0.3010141218841816,0.5073452753293527,0.10435029854990048,0.08729030423656525
1.5833333333333333,1.0172913274134003,0.6327490263926113,0.5779355839223091,0.9433585337243239,0.1314069721244819,0.1314069721244819,0.13145673395886645,0.21663101239741936,0.1314069721244819,0.40838203033137477,0.24357998514672163,0.2233911477585063,0.13145673395886645,0.4052696426878969,0.23988247559473036
1.5833333333333333,0.9442831766226341,0.6325886441411094,0.5751839352632114,0.957881994449198,0.15207427146114166,0.15207427146114166,0.1525921713581651,0.19596371306076096,0.15207427146114166,0.37908518810950825,0.27287682736858565,0.20225571035920767,0.1525921713581651,0.37664676333996777,0.2685053549426595
3.75,0.7839528004503834,0.6322145729772475,0.5972663944730162,0.8302542511678918,0.07410030459606576,0.07410030459606576,0.07004075443085964,0.34422466087994946,0.47586999797142454,0.10580503655256021,0.07410030459606576,0.35361577101696523,0.47483650838783054,0.10150696616434461,0.07004075443085964
1.7857142857142858,0.6697006079849583,0.6317501410284638,0.5740148133911273,0.9589169976400378,0.13148835132854853,0.13148835132854853,0.13856506492275614,0.13148835132854853,0.31450948406572776,0.2185561067820099,0.33544605782370984,0.13856506492275614,0.3163681167661833,0.2167567055255426,0.32831011278551797
1.625,0.8139924478098464,0.6316339716252044,0.571415798287277,0.9728702872067931,0.16379496380415728,0.16379496380415728,0.1703156098947967,0.16379496380415728,0.2040988341492566,0.31116358627349955,0.32094261577308486,0.1703156098947967,0.20443559852146717,0.3095441190408492,0.3157046725428869
1.75,0.6972873508518791,0.6315039354494202,0.5723791465806247,0.9665444057059283,0.14078676299301526,0.14078676299301526,0.14747417306416452,0.14078676299301526,0.28181047866688685,0.23417374945536462,0.34322900888472974,0.14747417306416452,0.2831959056013648,0.23286892237702586,0.3364609989574448
4.0,0.8757198401870869,0.6314215222465488,0.5991392096853979,0.8143546267597375,0.05597625972005558,0.05597625972005558,0.05288598237133921,0.4184873585740528,0.41902026364444217,0.10651611806144844,0.05597625972005558,0.4273528575490475,0.4176855274381575,0.10207563264145579,0.05288598237133921
1.5833333333333333,1.0595521457887163,0.6313662909850986,0.5781069348057762,0.9331693093345921,0.12137691236382199,0.12137691236382199,0.12112595962468012,0.22666107215807949,0.12137691236382199,0.42337308698933873,0.2285889284887577,0.23372192209269263,0.12112595962468012,0.419865415600417,0.2252867026822102
1.5833333333333333,0.9104842264238117,0.631235506946362,0.5728073664162165,0.9623283032838533,0.16229243097883014,0.16229243097883014,0.16263861245379585,0.18574555354307257,0.16229243097883014,0.36427820534166194,0.2876838101364326,0.1922092692635769,0.16263861245379585,0.3621457681736328,0.2830063501089944
2.3333333333333335,0.5880061818774618,0.6311993282121566,0.5847962288570885,0.8941502245575428,0.1299917630595896,0.1299917630595896,0.1367642877452374,0.1299917630595896,0.48377447003790414,0.14503764266633845,0.24119612423617326,0.1367642877452374,0.4852620604682021,0.14311439673964554,0.234859255046915
2.4545454545454546,0.5880061818774618,0.6308294007739053,0.5868105594526923,0.8802695015941118,0.13492713902388576,0.13492713902388576,0.1324045114207184,0.14010226670204223,0.5090401947370241,0.13492713902388576,0.21593039953705384,0.14747417306416452,0.5116102739076864,0.1324045114207184,0.2085110416074306
2.0,1.5590164078759388,0.6307410205273956,0.6000043007557248,0.8049157659001969,0.07475028276513743,0.07475028276513743,0.07411619751682305,0.42848098525819744,0.07526321854597724,0.4215055134306845,0.07475028276513743,0.43673585442138185,0.07477964174011942,0.41436830632167565,0.07411619751682305
2.272727272727273,0.5880061818774618,0.6307362508910137,0.5832243349054604,0.8999704414758151,0.12595602811205436,0.12595602811205436,0.1328784001516444,0.12595602811205436,0.47060910311144705,0.14907337761387385,0.25436149116262896,0.1328784001516444,0.4729409534641266,0.14700028433323856,0.24718036205099042
1.875,0.6412861463227546,0.6305679252925473,0.5744428264700925,0.9486101519531246,0.1256891907019794,0.1256891907019794,0.13249928916690362,0.1256891907019794,0.3468180722577614,0.19929776675452981,0.3281949702857249,0.13249928916690362,0.34849777272296467,0.19770637854231826,0.3212965595678135
2.857142857142857,0.6147132113447967,0.6303621494387984,0.5904584096843377,0.8564833413807426,0.11825277088009872,0.11825277088009872,0.1153445171073832,0.181772608893514,0.5408017264611132,0.11825277088009872,0.15917289376527993,0.18974504786276183,0.5420339304331343,0.1153445171073832,0.1528765045967207
3.25,0.6697006079849583,0.6297068372124706,0.5921657906156843,0.8424394345942589,0.11175191075476018,0.11175191075476018,0.10785707515875273,0.23829254735579664,0.5363684628146403,0.11175191075476018,0.11358707907480617,0.247464695289546,0.5362524879158374,0.10785707515875273,0.1084257416358639
1.9285714285714286,1.5590164078759388,0.6294887294455844,0.5985274338037075,0.8049360714162204,0.07469608421176017,0.07469608421176017,0.07430575300919344,0.4251574451596179,0.07469608421176017,0.4248290535292643,0.0753174170993545,0.43398729978201117,0.07430575300919344,0.41711686096104633,0.07459008624774903
1.5833333333333333,0.8757198401870869,0.6291684402744282,0.5699048374211628,0.9649955231095982,0.17163024732386142,0.17163024732386142,0.1721163870723154,0.176407737198041,0.17163024732386142,0.3485957394374573,0.3033662760406364,0.18273149464505734,0.1721163870723154,0.3466969955454459,0.29845512273718133
1.6875,0.7255855948661953,0.6291315275215443,0.5692081125680684,0.9686975455912418,0.1423680617872122,0.1423680617872122,0.14899061700312766,0.1423680617872122,0.2562285110516723,0.2576161867978858,0.34378724036322705,0.14899061700312766,0.2568476921618804,0.2563738034309544,0.33778788740403753
1.6875,1.3114779866593487,0.6291238167162723,0.5866812392503372,0.8696317556899045,0.08762046473033096,0.08762046473033096,0.08729030423656525,0.3109761081085514,0.08762046473033096,0.4640121602195366,0.13739126694157547,0.3185480049284428,0.08729030423656525,0.4586295137901621,0.13553217704482987
1.625,1.1994428481028652,0.6291203376440417,0.5815396388537208,0.8987442974558598,0.098940107878206,0.098940107878206,0.09847407828641835,0.2689536900752051,0.098940107878206,0.45606318345596214,0.1760430185906227,0.2762771301298455,0.09847407828641835,0.4515211828262724,0.17372760875746374
1.75,1.382803800153913,0.6291179973458507,0.5897493589152873,0.8522069484523767,0.0826659143712364,0.0826659143712364,0.08236186143493508,0.33993132728866554,0.0826659143712364,0.460116347648331,0.11728641069176247,0.34830821723059424,0.08236186143493508,0.4536062932423467,0.11572362809212397
2.1666666666666665,0.5880061818774618,0.6287695554040722,0.5797974904813376,0.9062779232995686,0.12045754211542328,0.12045754211542328,0.12700217988816226,0.12045754211542328,0.45302406570097276,0.15457186361050504,0.27194652857310214,0.12700217988816226,0.4554070704198654,0.1528765045967207,0.26471424509525165
2.6,0.5880061818774618,0.6287369558814473,0.5864642696442387,0.868282177892296,0.12733805143074908,0.12733805143074908,0.12501184721827316,0.1476913542951789,0.526415968443923,0.12733805143074908,0.19855462583015468,0.1548668372666098,0.528291157236281,0.12501184721827316,0.19183015827883612
1.5833333333333333,1.1033413936395722,0.6284688014290081,0.576844229860743,0.9210080403158435,0.1115962909017845,0.1115962909017845,0.11136385176760497,0.23644169362011655,0.1115962909017845,0.4385489629916732,0.21341305248642203,0.24348402994976778,0.11136385176760497,0.43493507724386316,0.2102170410387641
2.0,0.6147132113447967,0.6283525787006983,0.5744257558859353,0.9339379079843552,0.1199768600499495,0.1199768600499495,0.1263387356648659,0.1199768600499495,0.38376734375422394,0.18004851972366417,0.3162072764721601,0.1263387356648659,0.3851767604966354,0.1787508293052791,0.3097336745332196
2.1666666666666665,1.6761559513864077,0.6282450560582753,0.6042932816560473,0.763971777670901,0.05285954338845138,0.05285954338845138,0.052317315894228035,0.5013336158038684,0.07214799201252861,0.37365884879515,0.05285954338845138,0.5105677186996493,0.07184153160837835,0.3652734337977443,0.052317315894228035
4.0,0.842693318210332,0.6276131671717285,0.5946106650544187,0.8146273458364846,0.05861216965657342,0.05861216965657342,0.0553502037721543,0.3961199826749402,0.4413876395435527,0.10388020812493054,0.05861216965657342,0.4050800871955265,0.4399582977916785,0.0996114112406407,0.0553502037721543
3.0,0.6147132113447967,0.6274833058185938,0.5882756638940202,0.8496599433911772,0.11545845772229615,0.11545845772229615,0.1127855179603829,0.18456692205131653,0.5473642630718011,0.11545845772229615,0.15261035715459154,0.1923040470097621,0.5480049284428016,0.1127855179603829,0.14690550658705337
1.9285714285714286,0.6147132113447967,0.6274275419269645,0.5732814467485405,0.9342554146047006,0.11951339230825551,0.11951339230825551,0.12595962468012512,0.11951339230825551,0.38034013706311975,0.18051198746535813,0.319634483163263,0.12595962468012512,0.3823334281110795,0.1791299402900199,0.3125770069187755
1.625,0.7839528004503834,0.6269405812170987,0.5664195387380008,0.9698931552653204,0.15282801578971925,0.15282801578971925,0.1592266135911288,0.15282801578971925,0.2150657821636934,0.29720168164279365,0.334904520403791,0.1592266135911288,0.21552459482513506,0.295896123590181,0.3293526679935551
1.7857142857142858,1.4631196610396286,0.6263029372012275,0.5902992995321776,0.8303235506591771,0.07635831258030934,0.07635831258030934,0.07620130793289735,0.3696395228139659,0.07635831258030934,0.45530604788175943,0.09869611672395896,0.37873187375604206,0.07620130793289735,0.44763529523267936,0.0974315230783812
2.089449515082182,0.5880061818774618,0.6262006752160806,0.5758502998218553,0.9115194691166907,0.11580391333104416,0.11580391333104416,0.12216851483271728,0.11580391333104416,0.43416479680480113,0.15922549239488476,0.29080579746927193,0.12216851483271728,0.43702018765993744,0.15771016965216567,0.2831011278551796
1.5833333333333333,0.842693318210332,0.6260637912161733,0.566135455660955,0.965657692695744,0.16520498953488533,0.16520498953488533,0.17145294284901905,0.16520498953488533,0.18283299498701808,0.33479520126498447,0.31716681421310766,0.17145294284901905,0.1833949388683537,0.33323855558714816,0.3119135626954791
3.75,0.752243811674494,0.6257661246715158,0.5906423723429315,0.8248007212001611,0.07684967877054057,0.07684967877054057,0.07269453132404512,0.3219746097703284,0.498120049081047,0.10305566237808528,0.07684967877054057,0.3314377784096294,0.4970145009951663,0.09885318927115913,0.07269453132404512
2.7142857142857144,0.5880061818774618,0.6252543652596012,0.5845594635593951,0.8558588082274357,0.119095817486536,0.119095817486536,0.11638707231542034,0.15593358823939196,0.5414928894999372,0.119095817486536,0.18347770477414013,0.16349161216946262,0.5436451521182827,0.11638707231542034,0.17647616339683442
3.4285714285714284,0.6972873508518791,0.6251095183561994,0.5888026813240129,0.8308482615385894,0.09676587643485507,0.09676587643485507,0.09202919154582503,0.27149215413867056,0.5282736111167688,0.10346835830970662,0.09676587643485507,0.2807316842005497,0.5276277130129845,0.0996114112406407,0.09202919154582503
1.5833333333333333,1.1477491043017711,0.6242769440164548,0.5744248265815352,0.9067722761476666,0.10187893321425749,0.10187893321425749,0.10150696616434461,0.2461590513076432,0.10187893321425749,0.45380133492461494,0.1981606805534806,0.2533409155530281,0.10150696616434461,0.44981518339493887,0.19533693488768836
2.089449515082182,1.6761559513864077,0.6238794950256704,0.598414410659595,0.7681816397667642,0.056725064305322245,0.056725064305322245,0.05610842574163587,0.4816862390401892,0.06828247109565773,0.3933062255588288,0.056725064305322245,0.4911382807316842,0.06805042176097052,0.3847028717657094,0.05610842574163587
1.75,0.6697006079849583,0.6234881454883777,0.5649485997706857,0.9552122378886324,0.1259545372811713,0.1259545372811713,0.1325940669130888,0.1259545372811713,0.29664270437873064,0.22408992082938708,0.3533128375107081,0.1325940669130888,0.29807601175244053,0.22272770353520993,0.34660221779926076
4.0,0.8139924478098464,0.6232219031153095,0.5896127813707805,0.8136735930009733,0.06252329290011578,0.06252329290011578,0.05904653587337693,0.3749894651962657,0.4625181570222296,0.09996908488138803,0.06252329290011578,0.38394464979622783,0.4610937351909772,0.09591507913941806,0.05904653587337693
1.7857142857142858,0.6412861463227546,0.6223690437031854,0.5652566715259997,0.9460058193739046,0.11866474291457782,0.11866474291457782,0.12539095820301394,0.11866474291457782,0.32733309247969705,0.20632221454193095,0.3476799500637893,0.12539095820301394,0.3295422234859255,0.20481470950620795,0.3402521088048526
1.625,1.249832671222886,0.6223046333407218,0.5768164407164906,0.8800710582113656,0.089170828033437,0.089170828033437,0.08880674817552839,0.27872296991997314,0.089170828033437,0.47130722512312717,0.16079897692345693,0.2859444602407355,0.08880674817552839,0.4663065112311629,0.1589422803525732
1.5833333333333333,0.8139924478098464,0.6219660555888277,0.5614704643226797,0.9647744060969997,0.15669998548943898,0.15669998548943898,0.16301772343853663,0.15669998548943898,0.1913379990324641,0.31825856458821583,0.33370345088987713,0.16301772343853663,0.19183015827883612,0.3168420054971093,0.32831011278551797
1.6875,0.6972873508518791,0.621812664167796,0.5620221640675853,0.9606254980689899,0.13352797605638644,0.13352797605638644,0.1397023978769785,0.13352797605638644,0.26506859678249745,0.24143253639199339,0.35997089076912037,0.1397023978769785,0.26613591128802955,0.24064069756421191,0.35352099327078
1.625,0.752243811674494,0.6215137568394186,0.5608877454854047,0.9650611545121643,0.14197377799549277,0.14197377799549277,0.1482323950336461,0.14197377799549277,0.22592001995791988,0.28305649415292344,0.34904970789366174,0.1482323950336461,0.22651881338261776,0.28205857264714246,0.3431902189365937
1.875,1.5590164078759388,0.6205587627706203,0.5882172456971289,0.8038273595204053,0.06960007607300661,0.06960007607300661,0.06918775471519287,0.40290718688673555,0.06960007607300661,0.4470793118021445,0.0804134252381082,0.4118093071746754,0.06918775471519287,0.43929485356838216,0.0797080845417496
1.5384615384615385,0.9797744030734977,0.6205241217583076,0.5641122734836622,0.9401912619812985,0.13025882089986815,0.13025882089986815,0.1306037342431997,0.19443798579716376,0.13025882089986815,0.4055317685661066,0.26977142473685994,0.20045493318168894,0.1306037342431997,0.403374087764193,0.2655672448109184
1.5384615384615385,1.0172913274134003,0.6201173484882694,0.5650939438946253,0.931916641185586,0.1210396875528121,0.1210396875528121,0.12112595962468012,0.20365711914421933,0.1210396875528121,0.4213559235845764,0.25394726971839143,0.2099327078002085,0.12112595962468012,0.41872808264619465,0.2502132499289167
1.5384615384615385,0.9442831766226341,0.6201031312625469,0.5625008325503253,0.9465161572984693,0.14027329034277786,0.14027329034277786,0.14074495308501564,0.1844235163542543,0.14027329034277786,0.39062538481601616,0.2846778084869499,0.19031371433987299,0.14074495308501564,0.3885887593593024,0.2803525732158089
1.875,0.6147132113447967,0.6200268854246187,0.5646171011268966,0.934015663111711,0.11349478420134053,0.11349478420134053,0.11979907117808739,0.11349478420134053,0.35901247875840014,0.18653059557227314,0.34096214146798137,0.11979907117808739,0.3611979907117809,0.18529049379205761,0.3337124443180741
3.25,0.6412861463227546,0.6200113474886436,0.5830437479441783,0.8294944115739473,0.10690771261433064,0.10690771261433064,0.10330774334186334,0.2180792448421769,0.5565817653282632,0.10690771261433064,0.11843127721523579,0.22689792436735853,0.5568192588380249,0.10330774334186334,0.11297507345275329
1.5384615384615385,0.9104842264238117,0.618831625145402,0.5602130679199504,0.9510034494229616,0.14975415764850675,0.14975415764850675,0.15003317221116483,0.1749426490485258,0.14975415764850675,0.3750811098362091,0.30022208346675594,0.18102549521372382,0.15003317221116483,0.3733295422234859,0.29561179035162544
1.5833333333333333,1.1994428481028652,0.6188029351991152,0.5708908602205631,0.8903046934109106,0.09200757891421799,0.09200757891421799,0.09155530281489906,0.2560304056076821,0.09200757891421799,0.46898646792348525,0.18297554755461057,0.2632925789024737,0.09155530281489906,0.4645057340536442,0.18064638422898305
2.857142857142857,0.5880061818774618,0.6187426287684722,0.579911870795597,0.838783590614765,0.11274123151918958,0.11274123151918958,0.11003696332101223,0.16228817420673872,0.5602861611478902,0.11274123151918958,0.16468443312618933,0.16984172116387072,0.5619372571320254,0.11003696332101223,0.15818405838309166
1.6875,1.382803800153913,0.6186465331784855,0.578540246861226,0.8459154889762893,0.07712123301055682,0.07712123301055682,0.07676997441000853,0.32147533982832466,0.07712123301055682,0.47857233510867003,0.12283109205244194,0.3290683347549995,0.07676997441000853,0.4728461757179414,0.12131551511705052
1.5384615384615385,1.0595521457887163,0.6186324384132177,0.5651490360834487,0.9217050516152422,0.11189829916715754,0.11189829916715754,0.11174296275234574,0.21279850752987323,0.11189829916715754,0.43723565161754474,0.2380675416854221,0.21931570467254288,0.11174296275234574,0.43427163302056676,0.2346696995545446
2.3333333333333335,0.559304700098465,0.6185364494828862,0.5735278411336675,0.8735852301284587,0.11266731192252899,0.11266731192252899,0.11885129371623543,0.11266731192252899,0.5010989211749642,0.13737103635651524,0.24886273054599609,0.11885129371623543,0.503175054497204,0.13553217704482987,0.24244147474173064
3.75,0.7255855948661953,0.6184887685732483,0.5833473429106313,0.8176235139947451,0.08003781614112397,0.08003781614112397,0.07563264145578619,0.30011672357759356,0.5199779352737824,0.09986752500750182,0.08003781614112397,0.309449341294664,0.5190029381101318,0.09591507913941806,0.07563264145578619
2.272727272727273,0.559304700098465,0.6182019607192849,0.5720741970373896,0.8795926215833582,0.10927168256225167,0.10927168256225167,0.11553407259975358,0.10927168256225167,0.4872934486612515,0.14076666571679267,0.26266820305970967,0.11553407259975358,0.4902852810160174,0.13884939816131173,0.25533124822291725
2.4545454545454546,0.559304700098465,0.6181824540228297,0.5755440004755784,0.8598003574572536,0.12205157570115152,0.12205157570115152,0.1255805136953843,0.12205157570115152,0.5270908857379153,0.12798677257789273,0.22287076598304664,0.12880295706568098,0.5302814899061701,0.1255805136953843,0.21533503933276466
4.0,0.7839528004503834,0.6176796314243976,0.5837088373571362,0.810180797805546,0.06501028941895118,0.06501028941895118,0.06132120178182163,0.35254760906995686,0.4849600131485396,0.09748208836255252,0.06501028941895118,0.36148232395033647,0.48355606103686855,0.09364041323097337,0.06132120178182163
1.5833333333333333,0.7839528004503834,0.6173837134892297,0.5565925951004089,0.9618667176925475,0.14637508318666048,0.14637508318666048,0.1525921713581651,0.14637508318666048,0.20166290133524173,0.30365461424585216,0.348307401232244,0.1525921713581651,0.20225571035920767,0.30253056582314475,0.3426215524594825
2.0,0.5880061818774618,0.6169693094684527,0.5641211854783064,0.9164420120792823,0.10575301148819694,0.10575301148819694,0.11164818500616056,0.10575301148819694,0.3979911923159769,0.169276394237732,0.3269794019580913,0.11164818500616056,0.39986731115534074,0.1682304994787224,0.3202540043597763
1.5384615384615385,0.8757198401870869,0.6169089114699643,0.557474050860574,0.9537064549231759,0.15811038411773295,0.15811038411773295,0.15856316936783243,0.1665864225793001,0.15811038411773295,0.3584170540561998,0.3168861392467641,0.1724954980570562,0.15856316936783243,0.3569329921334471,0.3120083404416643
1.75,1.4631196610396286,0.6166856626394278,0.5797768721799939,0.8258354752428871,0.07166210654099248,0.07166210654099248,0.07155719836982277,0.3509351351189085,0.07166210654099248,0.4740104355768173,0.103392322763276,0.3591128802957066,0.07155719836982277,0.4672542886930149,0.10207563264145579
2.1666666666666665,0.559304700098465,0.6162373912025693,0.5686630099207908,0.8858255517993143,0.1041355016650835,0.1041355016650835,0.11003696332101223,0.1041355016650835,0.46934610615131384,0.14590284661396088,0.28061554556964563,0.11003696332101223,0.47237228698701544,0.14434650744005306,0.27324424225191923
2.6,0.559304700098465,0.616114970169271,0.5752109491602884,0.8479044225535058,0.12089997739871206,0.12089997739871206,0.11866173822386504,0.1291383708803321,0.5449689518587698,0.12089997739871206,0.20499269986219132,0.13572173253720027,0.5474362619656905,0.11866173822386504,0.19818026727324425
3.4285714285714284,0.6697006079849583,0.6160540391812641,0.5802303865776428,0.8190547372684519,0.09912879653100017,0.09912879653100017,0.09449341294664013,0.24893901989699532,0.5508267453584472,0.10110543821356154,0.09912879653100017,0.25817458060847315,0.5501848166050611,0.0971471898398256,0.09449341294664013
1.9285714285714286,0.5880061818774618,0.6160395068483746,0.5629736849609102,0.9167458308773397,0.10528954374650296,0.10528954374650296,0.11126907402141976,0.10528954374650296,0.3945639856248734,0.16973986197942592,0.3304066086491941,0.11126907402141976,0.39702397876978485,0.16860961046346318,0.3230973367453322
3.0,0.5880061818774618,0.6158995287891454,0.5777593945207455,0.8320269563100786,0.11004314061390129,0.11004314061390129,0.10757274192019714,0.1649862651120269,0.5669449200110913,0.11004314061390129,0.15802567426298722,0.17230594256468582,0.5680030328878779,0.10757274192019714,0.15211828262723912
1.5384615384615385,1.1033413936395722,0.6156523535590115,0.5637914047564643,0.9095310634401121,0.10295049466748271,0.10295049466748271,0.10283385461093736,0.22174631202954753,0.10295049466748271,0.4532443445822436,0.22205884872072348,0.2282248128139513,0.10283385461093736,0.45019429437967967,0.2187470381954317
1.625,0.7255855948661953,0.6150281588349722,0.5544192182711332,0.9584788220300604,0.13189842689602635,0.13189842689602635,0.13790162069945977,0.13189842689602635,0.23599537105738552,0.26808582168907125,0.36402038035751416,0.13790162069945977,0.2368495877168041,0.26746279973462234,0.3577859918491138
1.625,1.3114779866593487,0.6141049341368157,0.5708748550362868,0.8590753823731462,0.08036426886816002,0.08036426886816002,0.08008719552649038,0.2875295290852493,0.08036426886816002,0.4874587392428379,0.14464746280374624,0.2946640128897735,0.08008719552649038,0.4825135058288314,0.14273528575490474
1.75,0.6412861463227546,0.6140981985001026,0.5561847517292148,0.9422743968684669,0.11338912026428466,0.11338912026428466,0.11970429343190218,0.11338912026428466,0.3092081213956175,0.21159783719222391,0.36580492114787083,0.11970429343190218,0.31096578523362717,0.21050137427731969,0.358828547057151
1.6875,0.6697006079849583,0.61404811505429,0.554856032995088,0.9494699133897685,0.11961851376789395,0.11961851376789395,0.1257700691877547,0.11961851376789395,0.2789780590709889,0.23042594434266447,0.37097748281844883,0.1257700691877547,0.28006823997725333,0.22955170126054403,0.3646099895744479
1.5384615384615385,0.842693318210332,0.6139332830235186,0.5538405938170281,0.9544585218602978,0.15619060321554837,0.15619060321554837,0.16206994597668467,0.15619060321554837,0.16850620348148435,0.343809587584322,0.3314936057186407,0.16206994597668467,0.16898872144820395,0.3426215524594825,0.32631978011562884
2.089449515082182,0.559304700098465,0.6137889274550185,0.5648362948465542,0.8911871789029827,0.10007612953502125,0.10007612953502125,0.10577196474267841,0.10007612953502125,0.44989258060082404,0.14996221874402324,0.3000690711201327,0.10577196474267841,0.4534167377499763,0.14861150601838688,0.2921997914889584
2.7142857142857144,0.559304700098465,0.6125901257142599,0.5732663632236291,0.8354247798278339,0.11343705468488388,0.11343705468488388,0.11088996303667899,0.13660129359416023,0.5608251841451706,0.11343705468488388,0.18913646757579225,0.14349350772438632,0.5636432565633589,0.11088996303667899,0.18197327267557578
2.0,1.6761559513864077,0.6121790006185085,0.5840196495342678,0.7717486567625396,0.0616252638535035,0.0616252638535035,0.06122642403563643,0.44211893995067103,0.0616252638535035,0.43287352464834444,0.06338227154747648,0.45028907212586483,0.06122642403563643,0.42555208037152875,0.06293242346696995
1.5833333333333333,0.752243811674494,0.6119558708899846,0.5510588061324847,0.9570392378491502,0.13571870934591873,0.13571870934591873,0.14178750829305278,0.13571870934591873,0.21231927517598229,0.2893115628024967,0.3626504526755986,0.14178750829305278,0.21306037342431997,0.28850345938773575,0.3566486588948915
1.5833333333333333,1.249832671222886,0.6119337333532511,0.5661063426232166,0.8716222808234467,0.0828790166874562,0.0828790166874562,0.08255141692730547,0.2651589678344435,0.0828790166874562,0.48487122720865794,0.16709078826943785,0.2722964647900673,0.08255141692730547,0.4799545066818311,0.16519761160079613
1.7857142857142858,0.6147132113447967,0.6119335649971906,0.5555327840457431,0.9315379903887268,0.10739316441669043,0.10739316441669043,0.11363851767604967,0.10739316441669043,0.3386046709775853,0.1926322153569231,0.36136994924879756,0.11363851767604967,0.34129466401288977,0.19145104729409534,0.35361577101696523
1.5384615384615385,1.1477491043017711,0.6113039314829979,0.5611855602058103,0.8953080353870612,0.09444376652546689,0.09444376652546689,0.09420907970808454,0.23025304017156317,0.09444376652546689,0.46970734606069625,0.20559584724227123,0.2368495877168041,0.09420907970808454,0.4663065112311629,0.20263482134394845
4.0,0.752243811674494,0.6112703806470404,0.5771239283798446,0.8047669434944834,0.06748981489315392,0.06748981489315392,0.06369064543645152,0.33002770926006314,0.507479912958433,0.09500256288834974,0.06748981489315392,0.33901999810444505,0.5060183868827599,0.09127096957634348,0.06369064543645152
1.7857142857142858,1.5590164078759388,0.6111588523344239,0.5777225724254671,0.8006311051518458,0.06409771759912498,0.06409771759912498,0.0638802009288219,0.38190011779515015,0.06409771759912498,0.4680863808937282,0.08591578371198988,0.3910529807601175,0.0638802009288219,0.46005117998294,0.08501563832812056
1.9285714285714286,1.6761559513864077,0.6109265008385895,0.5825423396571696,0.7717700808666356,0.061173996454709945,0.061173996454709945,0.06084731305089565,0.43867953291666717,0.061173996454709945,0.43631293168234797,0.06383353894627006,0.447445739740309,0.06084731305089565,0.42839541275708465,0.06331153445171074
3.75,0.6972873508518791,0.6107257703178304,0.5757039328620688,0.8091828492338129,0.08444580040906717,0.08444580040906717,0.07980286228793479,0.2795009717088183,0.5405936871425581,0.09545954073955865,0.08444580040906717,0.28859823713392097,0.5398540422708747,0.09174485830726946,0.07980286228793479
1.5384615384615385,0.8139924478098464,0.6098493520246646,0.5491943629362153,0.9535609568592115,0.14816235098877165,0.14816235098877165,0.15410861529712824,0.14816235098877165,0.17653445570826085,0.32679619908888224,0.34850699421408143,0.15410861529712824,0.1769500521277604,0.32575111363851766,0.3431902189365937
3.25,0.6147132113447967,0.609519700598739,0.5732802839476743,0.8148763949547718,0.10136799009493488,0.10136799009493488,0.09818974504786276,0.19865738967867727,0.5760036204917606,0.10136799009493488,0.12397099973463148,0.20689981992228224,0.5768173632831012,0.09818974504786276,0.11809307174675386
1.875,0.5880061818774618,0.6085675101921351,0.5542492768460301,0.91637083248673,0.09944836070655516,0.09944836070655516,0.10529807601175244,0.09944836070655516,0.37305890225318483,0.17558104501937352,0.35191169202088146,0.10529807601175244,0.37569898587811584,0.1745806084731305,0.34442232963700126
1.625,0.6972873508518791,0.6076988976814257,0.5472231971730994,0.9503945338952745,0.1238246653184011,0.1238246653184011,0.12937162354279216,0.1238246653184011,0.24406913263501076,0.25113584712997844,0.38097035491660697,0.12937162354279216,0.2453795848734717,0.25097147189839825,0.3742773196853379
3.4285714285714284,0.6412861463227546,0.6064270672774366,0.5711799350387464,0.8061608166300144,0.09681984077065096,0.09681984077065096,0.09316652450004739,0.2281671166858566,0.5715986485695848,0.09681984077065096,0.10341439397391068,0.2370391432091745,0.5713202540043598,0.09316652450004739,0.09847407828641835
1.6875,1.4631196610396286,0.6060676866670153,0.5683905510206773,0.8195714553295974,0.06739623266260507,0.06739623266260507,0.06719742204530377,0.3312003401762769,0.06739623266260507,0.4937452305194492,0.10765819664166348,0.3386408871197043,0.06719742204530377,0.4877262818690172,0.1064354089659748
2.857142857142857,0.559304700098465,0.6060658320827061,0.5686035810226961,0.818351921422763,0.1075662185885761,0.1075662185885761,0.10501374277319685,0.14247212969046813,0.5801022056641575,0.1075662185885761,0.16985944605680284,0.14936972798786846,0.5824092503080277,0.10501374277319685,0.16320727893090703
1.5384615384615385,1.1994428481028652,0.6057722693082134,0.5575828257855222,0.8788457826034636,0.08540992568510392,0.08540992568510392,0.08511041607430575,0.23928688101192558,0.08540992568510392,0.48572999251924326,0.18957320078372455,0.24594825135058287,0.08511041607430575,0.481850061605535,0.18709127096957634
1.5833333333333333,0.7255855948661953,0.6055406681527385,0.5446668809272983,0.9504921290968998,0.12618290719553166,0.12618290719553166,0.13202540043597763,0.12618290719553166,0.22185507732636936,0.2738013413895653,0.37816067408853027,0.13202540043597763,0.22282248128139512,0.27333901999810445,0.3718130982845228
1.5384615384615385,0.7839528004503834,0.6053438898775645,0.5443977354894907,0.9507054314099831,0.1384296065310133,0.1384296065310133,0.14434650744005306,0.1384296065310133,0.18626720016601886,0.3116000909014983,0.3637031024014678,0.14434650744005306,0.18671215998483556,0.31077622974125674,0.3581651028338546
2.3333333333333335,0.5287778551637978,0.6047539690524174,0.5612092894956482,0.8515071532074427,0.09727979876247009,0.09727979876247009,0.10292863235712255,0.09727979876247009,0.5164864343350222,0.12766317913247685,0.2585705877700343,0.10292863235712255,0.5190977158563169,0.1261491801724955,0.251824471614065
2.0,0.559304700098465,0.6047148945494119,0.5532766410133244,0.8961983312539075,0.09107178831130823,0.09107178831130823,0.09629419012415885,0.09107178831130823,0.4126724154928678,0.15896655996773687,0.3372892362280858,0.09629419012415885,0.4152213060373424,0.15808928063690644,0.33039522320159226
1.6875,0.6412861463227546,0.6047066998055999,0.5461438165289543,0.9365630383732583,0.10754624272977784,0.10754624272977784,0.11335418443749408,0.10754624272977784,0.2910503301091044,0.21744071472673068,0.38396271243438285,0.11335418443749408,0.292484124727514,0.2168514832717278,0.37731020756326417
2.4545454545454546,0.5287778551637978,0.6044544692284899,0.5632708118303064,0.8378285278181966,0.10589107902103655,0.10589107902103655,0.11212207373708653,0.10589107902103655,0.5432513824180301,0.11905189887391036,0.23180563968702877,0.11212207373708653,0.5469623732347645,0.11695573879253152,0.22395981423561748
2.272727272727273,0.5287778551637978,0.6044153241230941,0.559758748665012,0.8574692517188928,0.09419126778159997,0.09419126778159997,0.09989574447919629,0.09419126778159997,0.5023738634419023,0.1307517101133469,0.2726831586631547,0.09989574447919629,0.5059236091365747,0.12918206805042176,0.26499857833380724
4.0,0.7255855948661953,0.604042552941181,0.5698728996290132,0.7976705883767986,0.07044225684317608,0.07044225684317608,0.0664392000758222,0.307934127646768,0.5295734945717301,0.09205012093832746,0.07044225684317608,0.3168420054971093,0.5281963794900957,0.0885224149369728,0.0664392000758222
1.9285714285714286,0.559304700098465,0.6038243108949178,0.5521670022056125,0.8965490601343149,0.09072418750503776,0.09072418750503776,0.09600985688560326,0.09072418750503776,0.4091293418663406,0.15931416077400737,0.34083230985461255,0.09600985688560326,0.41228319590560136,0.15837361387546203,0.3333333333333333
1.5833333333333333,1.3114779866593487,0.6036994228773602,0.560121343938608,0.8506418701969557,0.07474223243980341,0.07474223243980341,0.07449530850156383,0.27329575208209567,0.07474223243980341,0.5016925162459926,0.15026949923210298,0.2803525732158089,0.07449530850156383,0.49682494550279593,0.1483271727798313
1.625,1.382803800153913,0.6036595914828062,0.5627731796796187,0.8353492583675352,0.07056049175290498,0.07056049175290498,0.07023030992323002,0.2973333062005044,0.07056049175290498,0.5027143687364904,0.1293918333100939,0.3045208984930338,0.07023030992323002,0.4973936119799071,0.12785517960382903
1.75,0.6147132113447967,0.6036494202773316,0.5464511093034232,0.9277731824628127,0.10250055705645801,0.10250055705645801,0.10833096388967871,0.10250055705645801,0.3200966846034427,0.19752482271715535,0.3798779356229397,0.10833096388967871,0.32233911477585064,0.1967586010804663,0.37257132025400436
1.5,0.9797744030734977,0.603449201688252,0.5471619159215401,0.9224104876996199,0.11404858683594203,0.11404858683594203,0.11468107288408681,0.18011853665555871,0.11404858683594203,0.419851217707713,0.2859816588007862,0.18538527153824283,0.11468107288408681,0.41844374940763907,0.2814899061700313
3.0,0.559304700098465,0.6032917966426812,0.5665068895167078,0.8117396036898638,0.10486812768328774,0.10486812768328774,0.10254952137238177,0.14517022059575646,0.5867609645273594,0.10486812768328774,0.163200687193601,0.15183394938868353,0.5884750260638802,0.10254952137238177,0.1571415031750545
1.5,0.9442831766226341,0.6032494021177334,0.5457937989742441,0.9288311532641728,0.1228181676039773,0.1228181676039773,0.12359018102549521,0.1713489558875239,0.1228181676039773,0.40369994528274766,0.30213293122574986,0.17647616339683442,0.12359018102549521,0.402426310302341,0.29750734527532935
1.5,1.0172913274134003,0.6028627986910684,0.5479383444984582,0.9141013724491927,0.10608585842903115,0.10608585842903115,0.1064354089659748,0.1880812650624695,0.10608585842903115,0.43693177766632646,0.2689010988421715,0.19363093545635485,0.1064354089659748,0.4350298549900483,0.26490380058762203
2.1666666666666665,0.5287778551637978,0.6023748283198863,0.5562828602189492,0.8635626475585295,0.08938873621452724,0.08938873621452724,0.09477774618519572,0.08938873621452724,0.48409287160187126,0.13555424168041968,0.2909641505031859,0.09477774618519572,0.48763150412283196,0.13430006634442232,0.28329068334755
2.6,0.5287778551637978,0.6023546714234107,0.5629109029221174,0.8258693595974058,0.11221407486213866,0.11221407486213866,0.11079518529049379,0.11221407486213866,0.5618932478769644,0.1127289030328083,0.21316377422809502,0.11828262723912425,0.5648753672637664,0.11079518529049379,0.2060468202066155
1.5,0.9104842264238117,0.6020767568343552,0.543607737118685,0.9334012018898197,0.1315810237580958,0.1315810237580958,0.13212017818216282,0.16258609973340604,0.1315810237580958,0.38743765915133027,0.318395217357165,0.1679461662401668,0.13212017818216282,0.3864088711970429,0.3135247843806274
1.875,1.6761559513864077,0.6019389636710821,0.5721690967575681,0.7706348761809946,0.05681954612073285,0.05681954612073285,0.056487536726376644,0.4156877168390115,0.05681954612073285,0.4593047477600066,0.0681879892802471,0.4245095251634916,0.056487536726376644,0.451331627333902,0.06767131077622975
3.75,0.6697006079849583,0.6018240966863315,0.5672744207042001,0.7976055939184101,0.08680872050521228,0.08680872050521228,0.08226708368874988,0.25694783746714306,0.5631468213842368,0.09309662064341355,0.08680872050521228,0.2660411335418444,0.5624111458629514,0.08928063690645437,0.08226708368874988
1.75,1.5590164078759388,0.6015346600976571,0.5671962348380489,0.7961190699021039,0.05993184671936833,0.05993184671936833,0.0598047578428585,0.3626653949405328,0.05993184671936833,0.4873211037483471,0.09008165459174666,0.3708653208226708,0.0598047578428585,0.4802388399203867,0.08909108141408398
1.5,1.0595521457887163,0.6012631448699596,0.5478654678385781,0.903849981381121,0.09796427952345929,0.09796427952345929,0.09809496730167756,0.19620284396804094,0.09796427952345929,0.45383131517937847,0.2520015613291199,0.20197137712065208,0.09809496730167756,0.45161596057245756,0.24831769500521278
1.7857142857142858,0.5880061818774618,0.6005293390510791,0.545227653089303,0.9139055595011439,0.09385028967250832,0.09385028967250832,0.0996114112406407,0.09385028967250832,0.35214754572176626,0.18117911605342035,0.37282304855230003,0.0996114112406407,0.3553217704482987,0.18026727324424224,0.36479954506681833
1.625,0.6697006079849583,0.6002596267096056,0.5404028690150151,0.939447920312286,0.11121037605403401,0.11121037605403401,0.11667140555397593,0.11121037605403401,0.25668342189937743,0.2388340820565243,0.39327211999006156,0.11667140555397593,0.25807980286228793,0.23865036489432281,0.3865984266894133
2.089449515082182,0.5287778551637978,0.6001330966311582,0.5526355048256137,0.8692861168625772,0.08635692848021218,0.08635692848021218,0.09155530281489906,0.08635692848021218,0.46361178165563405,0.13858604941473476,0.3114452404494196,0.09155530281489906,0.4676333996777557,0.137522509714719,0.3032887877926263
1.5,0.8757198401870869,0.6001093932619324,0.5408135080592744,0.9361194094103276,0.13964876884664046,0.13964876884664046,0.14036584210027486,0.15451835464486127,0.13964876884664046,0.37048512199063843,0.3353477545178558,0.1597005023220548,0.14036584210027486,0.3697279878684485,0.3302056677092219
1.5384615384615385,0.752243811674494,0.599995287811037,0.5389466621432755,0.945937499928352,0.12833915658134173,0.12833915658134173,0.13411051085205195,0.12833915658134173,0.19635765011568998,0.2966911155670741,0.3786120777358924,0.13411051085205195,0.1969481565728367,0.2961804568287366,0.37276087574637473
1.5384615384615385,1.249832671222886,0.5989248406423853,0.5528247134524273,0.8601588947188136,0.07685080106271887,0.07685080106271887,0.07667519666382333,0.24784600563431025,0.07685080106271887,0.5021841894087926,0.17311900389417514,0.2543834707610653,0.07667519666382333,0.4978675007108331,0.17107383186427827
2.7142857142857144,0.5287778551637978,0.5989147336505242,0.5610405328147714,0.8135352050531236,0.10573054490051298,0.10573054490051298,0.10349729883423373,0.11921243299443393,0.5782140447448941,0.10573054490051298,0.19684297736016299,0.1255805136953843,0.5815562505923609,0.10349729883423373,0.18936593687802103
1.5833333333333333,0.6972873508518791,0.5982487250179382,0.537515572939832,0.9424032534605401,0.11869700459736424,0.11869700459736424,0.12406406975642119,0.11869700459736424,0.22934097992453653,0.2562635078510151,0.395698507627082,0.12406406975642119,0.23078381196095157,0.25627902568476923,0.388873092597858
1.5,1.1033413936395722,0.5982222155114283,0.5464456373228557,0.8916228252466729,0.08976586523205005,0.08976586523205005,0.08994408112975073,0.20440125825944974,0.08976586523205005,0.47058939835234287,0.23524347815615582,0.2101222632925789,0.08994408112975073,0.46829684390105203,0.23163681167661834
3.25,0.5880061818774618,0.5980682493002352,0.5628914901541433,0.7974032177947558,0.09671688402576557,0.09671688402576557,0.09382996872334376,0.17831252170016212,0.5963484884702758,0.09671688402576557,0.1286221058038008,0.1860487157615392,0.5976684674438442,0.09382996872334376,0.12245284807127287
1.5,0.842693318210332,0.5973232199517853,0.5373812791918687,0.9369942175913123,0.14509250294838547,0.14509250294838547,0.14984361671879443,0.14509250294838547,0.14907462054311624,0.35490768785148513,0.35092518865700983,0.1502227277035352,0.14984361671879443,0.354468770732632,0.3454648848450384
1.875,0.559304700098465,0.5965831011500106,0.543674798460753,0.8963968163891369,0.08583600885672951,0.08583600885672951,0.09098663633778789,0.08583600885672951,0.3866712541030116,0.16420233942231566,0.3632903976179397,0.09098663633778789,0.3900104255520804,0.1633968344232774,0.3556061036868543
4.0,0.6972873508518791,0.5962674111973418,0.5622133200523829,0.7892405943521094,0.07442802790537256,0.07442802790537256,0.07023030992323002,0.2868961625722458,0.5506114596462541,0.08806434987613085,0.07442802790537256,0.29561179035162544,0.5494265946355795,0.08473130508956497,0.07023030992323002
3.4285714285714284,0.6147132113447967,0.595976845497528,0.5614660941327551,0.7915377698979084,0.09195139403673248,0.09195139403673248,0.088617192683158,0.20807398573687935,0.5916917795185612,0.09195139403673248,0.10828284070782922,0.216472372286987,0.5918870249265472,0.088617192683158,0.10302341010330775
1.6875,0.6147132113447967,0.5941616867664367,0.5363147323050599,0.921961095380905,0.0968561023030992,0.0968561023030992,0.10217041038764098,0.0968561023030992,0.3017404705357837,0.2031692774705138,0.3982341496906005,0.10217041038764098,0.30366789877736705,0.20291915458250404,0.3912425362524879
1.5,1.1477491043017711,0.5938296116986387,0.5437944844006848,0.8773619997203775,0.08197721538233797,0.08197721538233797,0.08207752819637949,0.21218990810916125,0.08197721538233797,0.4877704781230993,0.2180623983853999,0.21798881622595015,0.08207752819637949,0.48516728272201687,0.2147663728556535
1.5384615384615385,0.7255855948661953,0.5935856257202228,0.5325612348353781,0.939390507401009,0.11917843501843295,0.11917843501843295,0.12472751397971757,0.11917843501843295,0.2055183716785979,0.2808058135666636,0.3944973797363036,0.12472751397971757,0.20633115344517108,0.2806369064543645,0.38830442612074684
1.5,0.8139924478098464,0.5932868704951767,0.532791779417734,0.9360923866006854,0.1378488090259532,0.1378488090259532,0.14301961899346033,0.1378488090259532,0.15631831446554836,0.3371097410516998,0.36872313545679386,0.14301961899346033,0.1570467254288693,0.33684010994218555,0.3630935456354848
1.5833333333333333,1.382803800153913,0.5932262239785109,0.551989820528761,0.8268991768604268,0.06548190256779761,0.06548190256779761,0.06520708937541465,0.2825560819541013,0.06548190256779761,0.5174915929828934,0.1344704224952015,0.2896407923419581,0.06520708937541465,0.5122737181309829,0.1328784001516444
1.7857142857142858,1.6761559513864077,0.5924710083740753,0.5616030769325269,0.7673892865428494,0.05200726334661718,0.05200726334661718,0.05184342716330206,0.3939905720476599,0.05200726334661718,0.48100189255135584,0.0730002720543627,0.4030897545256374,0.05184342716330206,0.47275139797175625,0.07231542033930433
1.75,0.5880061818774618,0.5923410237454763,0.5362438121866098,0.9102252225790529,0.08950726671370643,0.08950726671370643,0.09487252393138092,0.08950726671370643,0.33308997494619363,0.18552213901222228,0.3918806193278734,0.09487252393138092,0.3357975547341484,0.18500616055350202,0.38432376078096864
3.75,0.6412861463227546,0.5923307284115671,0.5583476051039941,0.7849017604878143,0.0889991082616298,0.0889991082616298,0.08548952705904654,0.2359878491948777,0.5841068096564999,0.0889991082616298,0.09090623288699606,0.24471614065017533,0.5837361387546204,0.08548952705904654,0.0860581935361577
2.857142857142857,0.5287778551637978,0.5923279684826,0.5563286690644844,0.7963239985185888,0.10064221708789714,0.10064221708789714,0.09837930054023315,0.12430076080704967,0.5982735745475765,0.10064221708789714,0.17678344755748163,0.1306985119893849,0.6010804663065112,0.09837930054023315,0.16984172116387072
1.4542334494528046,0.9797744030734977,0.5916860091681303,0.5355914428552234,0.9095552182746027,0.10514552339921113,0.10514552339921113,0.10577196474267841,0.1698183750772011,0.10514552339921113,0.43015137928606934,0.2948847222375161,0.1750544972040565,0.10577196474267841,0.4287745237418254,0.29039901431143966
1.4542334494528046,0.9442831766226341,0.5914485781901937,0.5341713358873615,0.9160196179062423,0.1137151886636616,0.1137151886636616,0.11449151739171642,0.1612487098127512,0.1137151886636616,0.4138001913575213,0.31123591016606444,0.1663349445550185,0.11449151739171642,0.41256752914415695,0.30660600890910816
1.625,0.6412861463227546,0.5911696243904736,0.5319537363908721,0.9267263230548825,0.1003172227768405,0.1003172227768405,0.10548763150412283,0.1003172227768405,0.26757657517657,0.22466973467966808,0.40743646736691935,0.10548763150412283,0.26926357691214103,0.22471803620509903,0.4005307553786371
1.625,1.4631196610396286,0.5911619176878772,0.5527223095332816,0.8089863638972522,0.06131304210815842,0.06131304210815842,0.06113164628945124,0.3065807558452508,0.06131304210815842,0.5183648148504735,0.11374138719611035,0.31361956212681263,0.06113164628945124,0.5127476068619088,0.11250118472182731
1.4542334494528046,1.0172913274134003,0.5911341478712848,0.5364145370342974,0.9012119426142133,0.09744098638938417,0.09744098638938417,0.09781063406312197,0.1775229120870274,0.09744098638938417,0.44749013064176735,0.2775459708818177,0.18301582788361292,0.09781063406312197,0.44564496256279024,0.2735285754904748
2.0,0.5287778551637978,0.591111302431985,0.54113440024297,0.8743137481697367,0.07839649135787667,0.07839649135787667,0.08312008340441664,0.07839649135787667,0.4253477124462984,0.1465464865370704,0.3497093096587518,0.08312008340441664,0.42839541275708465,0.1459577291252014,0.34252677471329734
1.6875,1.5590164078759388,0.5908928522175828,0.5557822302112658,0.7898530435867126,0.05628916485235401,0.05628916485235401,0.056013647995450666,0.3423074079865289,0.05628916485235401,0.5076790907023513,0.09372433645876105,0.3498246611695574,0.056013647995450666,0.5012794995735002,0.0928821912614918
1.5833333333333333,0.6697006079849583,0.5908864678235061,0.530775058471934,0.9315177874824146,0.10636797117916236,0.10636797117916236,0.11164818500616056,0.10636797117916236,0.24167001334273808,0.24367648693139568,0.40828552854670225,0.11164818500616056,0.24319969671121222,0.24367358544213819,0.40147853284048907
1.5384615384615385,1.3114779866593487,0.5906875681489324,0.546833321366808,0.8391949665809709,0.06950528016407218,0.06950528016407218,0.06947208795374846,0.255191526532957,0.06950528016407218,0.5197967417951324,0.15550645150783443,0.26158657947114017,0.06947208795374846,0.5155909392474647,0.15335039332764666
1.4542334494528046,0.9104842264238117,0.5902852401466492,0.5319922438931337,0.9206122189165705,0.12205669786085345,0.12205669786085345,0.12264240356364325,0.15290720061555912,0.12205669786085345,0.39711655826917663,0.32791954325440587,0.15818405838309166,0.12264240356364325,0.3961709790541181,0.323002558999147
1.9285714285714286,0.5287778551637978,0.5902559358548031,0.5400598442061411,0.8747004551972212,0.07816475748702968,0.07816475748702968,0.08293052791204625,0.07816475748702968,0.42168877188434867,0.14677822040791738,0.35336825022070206,0.08293052791204625,0.4253625248791584,0.1461472846175718,0.34555966259122356
2.3333333333333335,0.5011272182785736,0.5899113881338505,0.5479833420909683,0.8275036490435159,0.08304315602823846,0.08304315602823846,0.0884276371907876,0.08304315602823846,0.5307230770692541,0.11698031995866368,0.26925344694384706,0.0884276371907876,0.5335987110226519,0.11591318358449436,0.26206046820206613
2.4545454545454546,0.5011272182785736,0.5898424482444835,0.5502513341672699,0.8141920946820277,0.0912123288095624,0.0912123288095624,0.0971471898398256,0.0912123288095624,0.5579301326295047,0.10881114717733982,0.24204639138359932,0.0971471898398256,0.5619372571320254,0.10719363093545635,0.23372192209269263
3.0,0.5287778551637978,0.5896205075531891,0.5542908957463142,0.7898216411254806,0.09804034843512312,0.09804034843512312,0.09600985688560326,0.12690262945982367,0.6050285556632928,0.09804034843512312,0.1700284664417657,0.13306795564401477,0.6072410198085489,0.09600985688560326,0.163681167661833
2.272727272727273,0.5011272182785736,0.5896119538788601,0.5465666016035227,0.833535616772439,0.0804494918917795,0.0804494918917795,0.08586863804378732,0.0804494918917795,0.5161156393317218,0.11957398409512265,0.2838608846813782,0.08586863804378732,0.5199507155719837,0.11847218273149465,0.2757084636527343
1.4542334494528046,1.0595521457887163,0.5895338623287014,0.5363467107006664,0.8909277215542335,0.08971296653521033,0.08971296653521033,0.08984930338356553,0.18525093194120104,0.08971296653521033,0.46478322720621845,0.260252874317368,0.19097715856316938,0.08984930338356553,0.4626101791299403,0.2565633589233248
1.5,0.7839528004503834,0.5889313990278319,0.5281551344038163,0.9333302318972534,0.12894554645073444,0.12894554645073444,0.13411051085205195,0.12894554645073444,0.16522157704076684,0.3210841509817754,0.38474872552672057,0.13411051085205195,0.1659558335702777,0.3210122263292579,0.3789214292484125
1.7857142857142858,0.559304700098465,0.588608490642677,0.5347273303870808,0.8939350654243883,0.08075905765598355,0.08075905765598355,0.08586863804378732,0.08075905765598355,0.3652387777382913,0.1692792906230615,0.3847228739826593,0.08586863804378732,0.3690645436451521,0.168514832717278,0.37655198559378256
1.4542334494528046,0.8757198401870869,0.5883715355019337,0.5292599556559437,0.9233371546292096,0.12947018135237098,0.12947018135237098,0.1302246232584589,0.1454937171240415,0.12947018135237098,0.3795097595114576,0.3455263420121245,0.15060183868827598,0.1302246232584589,0.3788266515022273,0.34034688655103784
1.5,1.1994428481028652,0.5881875049891089,0.5400705054047403,0.8608505026338644,0.07387620612191605,0.07387620612191605,0.07383186427826746,0.22029091736958284,0.07387620612191605,0.5047259561615872,0.20110692034691197,0.22623448014406217,0.07383186427826746,0.5015638328120557,0.19836982276561463
2.6,0.5011272182785736,0.5878210571403809,0.5499653043946832,0.8023369893660018,0.09700222835222173,0.09700222835222173,0.10150696616434461,0.09700222835222173,0.5771050943868788,0.10302124763468042,0.22287142962622264,0.10283385461093736,0.5803241398919534,0.10150696616434461,0.21533503933276466
2.1666666666666665,0.5011272182785736,0.5874831797493426,0.5430001961547015,0.8395534201189755,0.07611345274153594,0.07611345274153594,0.08122452848071272,0.07611345274153594,0.4973681550748627,0.12391002324536635,0.3026083689382389,0.08122452848071272,0.501184721827315,0.12311629229456923,0.2944744573974031
4.0,0.6697006079849583,0.5873153365588859,0.5537505339889879,0.777515884454975,0.07621567988963476,0.07621567988963476,0.07212586484693394,0.2637677602186877,0.5737398619998129,0.08627669789186858,0.07621567988963476,0.2724860202824377,0.5725523647047673,0.08283575016586106,0.07212586484693394
1.4542334494528046,1.1033413936395722,0.5865064573764691,0.5349519401269339,0.8786487217905021,0.08182831945194281,0.08182831945194281,0.08198275045019429,0.19313557902446876,0.08182831945194281,0.4818550775873238,0.2431810239362628,0.19884371149654062,0.08198275045019429,0.47957539569709035,0.23959814235617477
1.5384615384615385,0.6972873508518791,0.58626740438316,0.5253870343656506,0.9312561678157136,0.1121221334184176,0.1121221334184176,0.1172400720310871,0.1121221334184176,0.21257467327861249,0.2628383790299615,0.4124648142730065,0.1172400720310871,0.21381859539380155,0.26310302341010333,0.40583830916500807
1.4542334494528046,0.842693318210332,0.5856820025241254,0.5259355712506149,0.9242451130740182,0.13676418072844707,0.13676418072844707,0.13903895365368213,0.13676418072844707,0.13819971774796544,0.36323601007142264,0.36180009145215963,0.14178750829305278,0.13903895365368213,0.3629039901431144,0.3562695479101507
3.25,0.559304700098465,0.5855577006163968,0.5517321529390978,0.7772358041210912,0.09239612860043248,0.09239612860043248,0.08965974789119514,0.15764221967861167,0.6170187904918285,0.09239612860043248,0.13294286122913393,0.16472372286987016,0.6189934603355132,0.08965974789119514,0.12662306890342148
2.089449515082182,0.5011272182785736,0.5851983229587084,0.5393104646478496,0.8452295200535753,0.07348000625223171,0.07348000625223171,0.07838119609515685,0.07348000625223171,0.47648870388361503,0.1265434697346706,0.3234878201294811,0.07838119609515685,0.48080750639749786,0.12595962468012512,0.31485167282722015
3.4285714285714284,0.5880061818774618,0.5846409874925593,0.5511936712781789,0.7741757793740487,0.087787359360817,0.087787359360817,0.08473130508956497,0.18724204636511071,0.612523718890331,0.087787359360817,0.11244687538374472,0.19514737939531798,0.6132120178182163,0.08473130508956497,0.10690929769690077
2.7142857142857144,0.5011272182785736,0.5842313379884486,0.5479797887616918,0.789656783606737,0.09717392252812809,0.09717392252812809,0.0953464126623069,0.10284955345877407,0.5945769242805525,0.09717392252812809,0.2053995997325475,0.10899440811297507,0.5981423561747702,0.0953464126623069,0.19751682304994786
1.5,0.752243811674494,0.5837119802933902,0.5228374574130678,0.9286676099485512,0.11953830615345613,0.11953830615345613,0.12453795848734717,0.11953830615345613,0.1746288173380448,0.30549196599496004,0.40034091051353976,0.12453795848734717,0.17552838593498246,0.3057530091934414,0.394180646384229
1.875,0.5287778551637978,0.5830299295614196,0.5315854195030293,0.8745488198922985,0.07384639160685401,0.07384639160685401,0.07847597384134206,0.07384639160685401,0.39866087135288747,0.15109658628809322,0.3763961507521611,0.07847597384134206,0.4025210880485262,0.15060183868827598,0.3684010994218557
1.6875,0.5880061818774618,0.5829767592405837,0.5262374762333544,0.9044993629482166,0.08452567487882627,0.08452567487882627,0.08937541465263955,0.08452567487882627,0.31407089796005605,0.19050373084710245,0.4108996963140126,0.08937541465263955,0.3164628945123685,0.1905032698322434,0.40365842100274857
4.333333333333333,0.7839528004503834,0.5825678723509955,0.5498734262403424,0.7678364003113634,0.05086415990260716,0.05086415990260716,0.04776798407733864,0.3725031270015063,0.49910614266488434,0.07752657043100185,0.05086415990260716,0.38157520614159796,0.4971092787413515,0.07354753103971187,0.04776798407733864
3.75,0.6147132113447967,0.5820053882567651,0.5487527409602209,0.7704370562705156,0.08441003103269912,0.08441003103269912,0.08122452848071272,0.21561534874091257,0.6044793101104655,0.08441003103269912,0.09549531011592668,0.2238650364894323,0.6045872429153635,0.08122452848071272,0.09032319211449152
1.4542334494528046,1.1477491043017711,0.581941014893103,0.5320863337411204,0.8644508747543382,0.07517355404968357,0.07517355404968357,0.0752535304710454,0.19979034442672763,0.07517355404968357,0.5001700418055336,0.22486605971805373,0.2055729314756895,0.0752535304710454,0.4975831674722775,0.22159037058098757
1.5833333333333333,0.6412861463227546,0.5818079485671578,0.5223387727495439,0.9187999448669699,0.09575874565448153,0.09575874565448153,0.10074874419486304,0.09575874565448153,0.25227923886741854,0.229228211802027,0.4227338036760696,0.10074874419486304,0.25409913752250973,0.22945692351435884,0.4156951947682684
1.4542334494528046,0.8139924478098464,0.5816157169720987,0.5213114215174077,0.9233400578820146,0.12987959695292675,0.12987959695292675,0.1349635105677187,0.12987959695292675,0.1450843015234858,0.34507895312472636,0.3799571483988554,0.1349635105677187,0.1458629513790162,0.3448962183679272,0.3742773196853379
1.5,1.249832671222886,0.5812102346458984,0.5351591629719258,0.8421663074650766,0.06645349938690225,0.06645349938690225,0.06653397782200739,0.2277136241045966,0.06645349938690225,0.5223165709385069,0.18351630556999202,0.23353236660032226,0.06653397782200739,0.5187186048715762,0.1812150507060942
1.625,0.6147132113447967,0.5806971604144824,0.522201048699102,0.9121751268016383,0.09037844381337483,0.09037844381337483,0.09515685716993649,0.09037844381337483,0.277515354140035,0.20964693596023795,0.4224592660863472,0.09515685716993649,0.27959435124632737,0.2099327078002085,0.41531608378352763
1.5833333333333333,1.4631196610396286,0.5806913287639566,0.5418948539620263,0.8005380193082284,0.056870382589282946,0.056870382589282946,0.05667709221874704,0.29116760193261554,0.056870382589282946,0.5337779687631097,0.11818404671498589,0.29817078949862574,0.05667709221874704,0.5281963794900957,0.11695573879253152
1.75,0.559304700098465,0.5804724606618008,0.5258045289008397,0.8902574073072472,0.07679505398151859,0.07679505398151859,0.08150886171926831,0.07679505398151859,0.3458021876783824,0.17324329429752638,0.40415946404257036,0.08150886171926831,0.349161216946261,0.172874609041797,0.39645531229267367
1.5384615384615385,1.382803800153913,0.5802482441413358,0.5387436524798501,0.8154409302230881,0.060718040168945386,0.060718040168945386,0.06065775755852526,0.26397876652808355,0.060718040168945386,0.5360689084089141,0.13923428489405384,0.2704009098663634,0.06065775755852526,0.5315136006065776,0.13742773196853378
1.5384615384615385,0.6697006079849583,0.578929474987577,0.5186679286354503,0.9204115709829614,0.1000660498175859,0.1000660498175859,0.10510852051938205,0.1000660498175859,0.22463075687944398,0.24997840829297197,0.42532478500999554,0.10510852051938205,0.22595014690550658,0.2502132499289167,0.41872808264619465
2.857142857142857,0.5011272182785736,0.5778814613247455,0.5434790680628812,0.7728283564753101,0.09219317446429744,0.09219317446429744,0.09032319211449152,0.10783030152260484,0.6147440338320214,0.09219317446429744,0.18523249018108143,0.11401762866079045,0.6177613496351056,0.09032319211449152,0.17789782958961237
4.0,0.6412861463227546,0.5777595342368107,0.5447700599946503,0.7646998882757199,0.0797251696764924,0.0797251696764924,0.0753483082172306,0.24221974935149646,0.5952878728670041,0.0827672081050109,0.0797251696764924,0.2505923609136575,0.5944460240735475,0.0796133067955644,0.0753483082172306
1.4542334494528046,0.7839528004503834,0.5774966776477531,0.5169451953061247,0.9206217442503144,0.12214620068253233,0.12214620068253233,0.12719173538053266,0.12214620068253233,0.15281769779388035,0.3278834967499762,0.3971526047736071,0.12719173538053266,0.15363472656620225,0.32793100180077717,0.3912425362524879
1.5,0.7255855948661953,0.5773851637374543,0.5165402021577511,0.9221732793557725,0.11103473727300876,0.11103473727300876,0.11581840583830917,0.11103473727300876,0.18313238621849198,0.28894951131208746,0.4168833651964111,0.11581840583830917,0.18424793858402047,0.2895460145957729,0.41038764098189745
1.4542334494528046,1.1994428481028652,0.5762484023336195,0.52830307663122,0.8479385813138838,0.06772429523774373,0.06772429523774373,0.06767131077622975,0.2072396032386672,0.06772429523774373,0.5177772702925021,0.2072588312310842,0.21315515117050515,0.06767131077622975,0.5146431617856128,0.20453037626765236
4.333333333333333,0.752243811674494,0.5762287389592069,0.5433686616758935,0.76243584356465,0.05248674143463994,0.05248674143463994,0.04928442801630177,0.3491262832494431,0.5224829864169475,0.07590398889896906,0.05248674143463994,0.3582598805800398,0.5204246043029097,0.07203108710074875,0.04928442801630177
2.0,0.5011272182785736,0.5761661669123652,0.5277961369783777,0.8502630032049618,0.06656458905450104,0.06656458905450104,0.0710833096388968,0.06656458905450104,0.43717961474967393,0.13345888693240138,0.36279690926342034,0.0710833096388968,0.4404321865226045,0.13325751113638518,0.35522699270211355
1.625,1.5590164078759388,0.5758688864733664,0.5399720114383757,0.7792845116716475,0.051432107847262175,0.051432107847262175,0.05117998294000568,0.3164616901061467,0.051432107847262175,0.5335248085827315,0.09858139346385301,0.32357122547625816,0.05117998294000568,0.5275329352667993,0.09771585631693679
1.9285714285714286,0.5011272182785736,0.5752930955587812,0.5267070200594992,0.8506141900547122,0.06633285518365405,0.06633285518365405,0.07089375414652639,0.06633285518365405,0.4335206741877236,0.13369062080324837,0.36645584982537066,0.07089375414652639,0.43739929864467825,0.13344706662875558,0.3582598805800398
1.7857142857142858,0.5287778551637978,0.5752243340464599,0.5228000546905881,0.8722952503964005,0.06973384838244795,0.06973384838244795,0.07430575300919344,0.06973384838244795,0.3762639870118266,0.1552091295124996,0.3987930350932213,0.07430575300919344,0.38062742867974597,0.1547720595204246,0.39029475879063596
3.0,0.5011272182785736,0.5751884283294838,0.5414645542225787,0.7662903816019463,0.08990086642181941,0.08990086642181941,0.08823808169841721,0.11012260956508288,0.6218085755580377,0.08990086642181941,0.17816794845506942,0.11610273907686475,0.6242062363756989,0.08823808169841721,0.17145294284901905
2.4545454545454546,0.4677733814980319,0.5735718835571136,0.536055487319389,0.7861647955708864,0.07484807362862572,0.07484807362862572,0.07999241778030518,0.07484807362862572,0.5742943878104401,0.10016813060597252,0.25068940795496625,0.07999241778030518,0.5790920291915458,0.09885318927115913,0.24206236375698986
2.3333333333333335,0.4677733814980319,0.573497014983669,0.5336596780082015,0.7992419245113185,0.06739449516045887,0.06739449516045887,0.07203108710074875,0.06739449516045887,0.546371737937034,0.10762170907413963,0.27861205782837073,0.07203108710074875,0.5499952611126907,0.10681451995071557,0.27115913183584495
2.272727272727273,0.4677733814980319,0.5732862261659512,0.5323214683866425,0.8054198535820334,0.06533335686247284,0.06533335686247284,0.06994597668467444,0.06533335686247284,0.5312317743610291,0.10968284737212572,0.29375202140437456,0.06994597668467444,0.5358733769310966,0.10889963036678987,0.2852810160174391
1.5,1.3114779866593487,0.5729430905747243,0.5291258442414438,0.8212408197966469,0.05999415639733617,0.05999415639733617,0.06018386882759928,0.23417296709416255,0.05999415639733617,0.5408153012339297,0.16501757527457103,0.23988247559473036,0.06018386882759928,0.5372950431238745,0.16263861245379585
1.4542334494528046,0.752243811674494,0.5723100289656795,0.5116580571318038,0.916004536024309,0.11310473153112315,0.11310473153112315,0.11799829400056866,0.11310473153112315,0.1618591669452894,0.31192554061729133,0.4131105609062947,0.11799829400056866,0.16282816794616625,0.3122926736802199,0.4068808643730452
3.4285714285714284,0.559304700098465,0.5721777396770378,0.5400878417741636,0.7540204944599914,0.08411391716648658,0.08411391716648658,0.08122452848071272,0.16592443111255778,0.6338413341428913,0.08411391716648658,0.11612031757807513,0.17315894228035258,0.6352004549331817,0.08122452848071272,0.11041607430575301
3.25,0.5287778551637978,0.5719768123894723,0.5396110721021152,0.755382674017829,0.08660862606527815,0.08660862606527815,0.0841626386124538,0.13833435182966866,0.6363266583407774,0.08660862606527815,0.13873036376428832,0.14491517391716424,0.6388020092882192,0.0841626386124538,0.13212017818216282
2.6,0.4677733814980319,0.5716634188241588,0.5358689031409298,0.77449900769579,0.08017995801905393,0.08017995801905393,0.08520519382049095,0.08017995801905393,0.5939273647200449,0.09483624621554426,0.23105643104535858,0.08520519382049095,0.5979528006823998,0.09364041323097337,0.22320159226613592
1.5833333333333333,0.6147132113447967,0.571306272077425,0.5125556737084926,0.9042263295013753,0.08610522253718109,0.08610522253718109,0.0907023030992323,0.08610522253718109,0.26193276198471865,0.21392015723643143,0.4380418582416649,0.0907023030992323,0.2641455786181405,0.2143872618709127,0.4307648564117145
1.6875,0.559304700098465,0.5712021502287461,0.5159006534752825,0.8845772984983733,0.07236355439512807,0.07236355439512807,0.07667519666382333,0.07236355439512807,0.3262330184437535,0.17767479388391696,0.4237286332771967,0.07667519666382333,0.32916311250118474,0.17770827409724196,0.41645341673775
2.1666666666666665,0.4677733814980319,0.5711013242651024,0.5287062833534816,0.8113398894309536,0.061445164736633286,0.061445164736633286,0.06577575585252583,0.061445164736633286,0.5120364430797647,0.11357103949796526,0.31294735268563845,0.06577575585252583,0.5166334944555019,0.11306985119893849,0.3045208984930338
3.75,0.5880061818774618,0.5707182128799593,0.538537276452167,0.7530768526374495,0.0807560835170957,0.0807560835170957,0.07781252961804569,0.19427332220883198,0.6258213366425514,0.0807560835170957,0.09914925763153008,0.20206615486683727,0.6263861245379585,0.07781252961804569,0.09373519097715856
1.5384615384615385,0.6412861463227546,0.569972814052188,0.5103618024533041,0.9077685464458641,0.09014204886720902,0.09014204886720902,0.09487252393138092,0.09014204886720902,0.23455475782982038,0.23484490858929952,0.4404582847136694,0.09487252393138092,0.23618614349350772,0.23533314377784095,0.4336081887972704
1.5,0.6972873508518791,0.5698926907033367,0.5091782440107713,0.9139412219612076,0.10413630002438458,0.10413630002438458,0.1085205193820491,0.10413630002438458,0.19003082346711617,0.27082421242399424,0.4350086640845052,0.1085205193820491,0.19154582504028053,0.27182257605914134,0.42811107951852906
1.625,0.5880061818774618,0.5696253256699171,0.5122419367889961,0.8947978626618033,0.07872878766093135,0.07872878766093135,0.08312008340441664,0.07872878766093135,0.28916501029247776,0.19630061806499713,0.4358055839815888,0.08312008340441664,0.29163112501184724,0.1967586010804663,0.4284901905032698
1.4542334494528046,1.249832671222886,0.5692367879928851,0.5233486879090332,0.8292693551347124,0.06094859994832553,0.06094859994832553,0.061036868543266044,0.21401529852808487,0.06094859994832553,0.5360148965150191,0.18902120500856875,0.21978959340346887,0.061036868543266044,0.5324613780684295,0.18671215998483556
4.333333333333333,0.7255855948661953,0.5691438661322863,0.5362616496182708,0.7554764263783739,0.05479235030696783,0.05479235030696783,0.05136953843237608,0.3263858685584523,0.54522340110794,0.0735983800266412,0.05479235030696783,0.33541844374940766,0.5432660411335418,0.06994597668467444,0.05136953843237608
1.4,0.9797744030734977,0.568862020532718,0.5135018682554968,0.8825695501036377,0.0888641519659909,0.0888641519659909,0.08975452563738034,0.15112090752719465,0.0888641519659909,0.44884884683607607,0.31116609367073567,0.15581461472846175,0.08975452563738034,0.44801440621742017,0.30641645341673773
1.4,0.9442831766226341,0.5688223793002287,0.5123096177678728,0.8890613613169126,0.09600886028157118,0.09600886028157118,0.09695763434745522,0.1439761992116142,0.09600886028157118,0.43107270195865677,0.3289422385481526,0.14861150601838688,0.09695763434745522,0.43029096768078856,0.32413989195336934
2.089449515082182,0.4677733814980319,0.5687932988344477,0.5250031369527756,0.8169375494972566,0.059092246099236405,0.059092246099236405,0.06321675670552554,0.059092246099236405,0.4908764640366118,0.11592395813536213,0.33410733172878887,0.06321675670552554,0.49597194578712916,0.11562885034593877,0.3251824471614065
1.4,1.0172913274134003,0.5682751566120186,0.5142915527063661,0.8741822454107165,0.082043614988714,0.082043614988714,0.08264619467349066,0.15794144450447173,0.082043614988714,0.46707159822432565,0.29294334228248786,0.16292294569235144,0.08264619467349066,0.4657378447540517,0.2886930148801061
2.7142857142857144,0.4677733814980319,0.5680769324137861,0.5338934969125773,0.7617830669206366,0.08530662012794356,0.08530662012794356,0.08823808169841721,0.08530662012794356,0.6121198576113833,0.0897095841066547,0.21286393815402108,0.0906075253530471,0.6165292389346981,0.08823808169841721,0.20462515401383755
1.875,0.5011272182785736,0.5680451070211312,0.5182073980902975,0.8504587909625221,0.06258919877451456,0.06258919877451456,0.06700786655293337,0.06258919877451456,0.40991806418522847,0.1374342772123879,0.39005845982786624,0.06700786655293337,0.4139891953369349,0.1373329542223486,0.38166998388778317
1.4,0.9104842264238117,0.5678098307933346,0.5102989147923587,0.8937050214655312,0.10316144492387534,0.10316144492387534,0.1038764098189745,0.13682361456931014,0.10316144492387534,0.4132001443154272,0.3468147961913842,0.1416927305468676,0.1038764098189745,0.41266230689034217,0.34176855274381573
1.5384615384615385,1.4631196610396286,0.567673025110387,0.5285951804254405,0.7891141449917508,0.05307796459024554,0.05307796459024554,0.0530755378637096,0.27161884210678333,0.05307796459024554,0.5533267285889473,0.12197646471402337,0.27798312956117904,0.0530755378637096,0.5483840394275424,0.12055729314756895
4.0,0.6147132113447967,0.5674726093045825,0.535208303032275,0.7503036781809924,0.07851957889527429,0.07851957889527429,0.07563264145578619,0.22150580087833774,0.6160018213401645,0.07851957889527429,0.0839727988862291,0.22945692351435884,0.6155814614728462,0.07563264145578619,0.07932897355700881
1.75,0.5287778551637978,0.567059328660682,0.513855455646217,0.8685479424093169,0.06611551760010478,0.06611551760010478,0.07032508766941523,0.06611551760010478,0.3564817240597956,0.1588274602948431,0.41857529804525184,0.07032508766941523,0.3603449909961141,0.15875272486020284,0.4105771964742678
1.4,1.0595521457887163,0.5665291198404291,0.5140478801745147,0.8639228112806102,0.07570009607392515,0.07570009607392515,0.07601175244052696,0.16428496341926058,0.07570009607392515,0.48574919572816033,0.2742657447786523,0.16955738792531513,0.07601175244052696,0.4840299497677945,0.2704009098663634
1.4542334494528046,0.7255855948661953,0.5659682208351585,0.5053409486741779,0.9095227630807158,0.10488086999751678,0.10488086999751678,0.10956307459008625,0.10488086999751678,0.17008302847889523,0.2951033785875795,0.42993272293600693,0.10956307459008625,0.17126338735664867,0.2958013458439958,0.42337219220926925
1.4,0.8757198401870869,0.5659400996441296,0.507612928810625,0.8964607343673221,0.10972284173257328,0.10972284173257328,0.1106056297981234,0.13026221776061234,0.10972284173257328,0.39474125887488765,0.36527368163192186,0.1349635105677187,0.1106056297981234,0.3944649796227846,0.3599658800113733
1.4,1.1033413936395722,0.5633518462782696,0.5124702025886705,0.8516811605193318,0.06925138451064715,0.06925138451064715,0.06947208795374846,0.17073367498253825,0.06925138451064715,0.5042569816292558,0.2557579588775583,0.17609705241209364,0.06947208795374846,0.5023220547815372,0.2521088048526206
1.4,0.842693318210332,0.5633228318534133,0.504356290542598,0.8974665659480329,0.11771165154497783,0.11771165154497783,0.11866173822386504,0.12227340794820776,0.11771165154497783,0.3777267828516619,0.38228815765514707,0.12690740214197707,0.11866173822386504,0.37778409629419013,0.37664676333996777
1.5,0.6697006079849583,0.5629703744921754,0.5029031253745866,0.9033514528251787,0.09327752155577682,0.09327752155577682,0.09762107857075158,0.09327752155577682,0.20088960193572308,0.2567669365547809,0.4490659399537204,0.09762107857075158,0.20244526585157804,0.25770069187754713,0.4422329637001232
1.5,1.382803800153913,0.5623388036633247,0.520838347763213,0.7975080537639574,0.05257788875738676,0.05257788875738676,0.05269642687896882,0.24158923473411179,0.05257788875738676,0.5584584402028904,0.1473744363056126,0.24736991754336082,0.05269642687896882,0.5545445929295801,0.14538906264809023
2.857142857142857,0.4677733814980319,0.5618560344946008,0.5295117454254816,0.7451403392196089,0.08510148022845312,0.08510148022845312,0.08359397213534261,0.0899147240061451,0.6326596113484869,0.08510148022845312,0.19232418441692556,0.0952516349161217,0.6365273433797745,0.08359397213534261,0.18462704956876125
4.333333333333333,0.6972873508518791,0.5614359720532659,0.5286615631668091,0.7471576224098543,0.05806768872072147,0.05806768872072147,0.05449720405648754,0.3046374708354892,0.5669717988309068,0.07032304161288758,0.05806768872072147,0.3135247843806274,0.565159700502322,0.06681831106056298,0.05449720405648754
1.4542334494528046,1.3114779866593487,0.5609919103150751,0.5173408613553674,0.8083478544200859,0.05493502005717361,0.05493502005717361,0.055160648279783904,0.2200288784192367,0.05493502005717361,0.5549593899088571,0.17007671161473373,0.225665813666951,0.055160648279783904,0.5515117050516539,0.16766183300161122
1.5833333333333333,0.5880061818774618,0.5603927964150475,0.5027621769687001,0.8869663066110162,0.0750908043683355,0.0750908043683355,0.07932897355700881,0.0750908043683355,0.27294718015356334,0.19993860135759287,0.45202341412050545,0.07932897355700881,0.27551890816036395,0.20054971092787413,0.4446024073547531
1.7857142857142858,0.5011272182785736,0.5602274313949915,0.509405423902708,0.8482188071845986,0.05905542421303618,0.05905542421303618,0.06340631219789593,0.05905542421303618,0.38694241118123957,0.1409680517738664,0.41303411283185365,0.06340631219789593,0.3915268694910435,0.14093450857738604,0.40413230973367453
2.0,0.4677733814980319,0.5598217291001714,0.513555726244483,0.8219957452824058,0.053163552675890687,0.053163552675890687,0.05686664771111743,0.053163552675890687,0.4505806511282848,0.12185265155870799,0.37440314463711327,0.05686664771111743,0.45464884845038384,0.12197895934034689,0.3665055444981518
1.5384615384615385,0.6147132113447967,0.5594175793625012,0.5005230196623655,0.8931534176632708,0.08076338807914872,0.08076338807914872,0.08511041607430575,0.08076338807914872,0.24393341861788032,0.21926199169446398,0.4560412016085052,0.08511041607430575,0.24594825135058287,0.21997914889583925,0.4489621836792721
1.4,0.8139924478098464,0.5592306214616135,0.49970058251289917,0.8965675088376615,0.11608879550571512,0.11608879550571512,0.12074684863993934,0.11608879550571512,0.1238962639874705,0.3588697545719381,0.40114518593487225,0.12074684863993934,0.12482229172590276,0.3591128802957066,0.3953179793384513
3.0,0.4677733814980319,0.559058235647024,0.5274120914202347,0.7383863862654967,0.08333038074419019,0.08333038074419019,0.08198275045019429,0.09168582349040803,0.6402453616327162,0.08333038074419019,0.1847384341326986,0.09686285660127002,0.6434461188512938,0.08198275045019429,0.17770827409724196
1.9285714285714286,0.4677733814980319,0.5589913531629807,0.5125065087314957,0.8224054716080624,0.053047685740467185,0.053047685740467185,0.056771869964932234,0.053047685740467185,0.446805843630911,0.12196851849413148,0.3781779521344871,0.056771869964932234,0.4515211828262724,0.12207373708653209,0.3696332101222633
1.4,1.1477491043017711,0.5588733734894844,0.5097156904716784,0.8374335772570521,0.06319399210485079,0.06319399210485079,0.06340631219789593,0.17679106738833436,0.06319399210485079,0.5231693188439268,0.23684562166288659,0.18216282816794616,0.06340631219789593,0.5209932707800209,0.23343758885413704
3.4285714285714284,0.5287778551637978,0.5585008399617587,0.5278991307129128,0.7319105257052184,0.07935807177094582,0.07935807177094582,0.07676997441000853,0.1455849061240011,0.6541808591314504,0.07935807177094582,0.12087616297361593,0.15230783811960952,0.6560515590939248,0.07676997441000853,0.1148706283764572
1.4542334494528046,0.6972873508518791,0.5584181735663154,0.497915020477832,0.9012693744010546,0.09825606824925068,0.09825606824925068,0.10254952137238177,0.09825606824925068,0.1767078302271611,0.2767044441991272,0.4483316573244613,0.10254952137238177,0.17827694057435314,0.27779357406880867,0.44137996398445645
3.75,0.559304700098465,0.5583094063231082,0.5274918710140966,0.7329421064075075,0.07755986079016597,0.07755986079016597,0.07477964174011942,0.1724784874888782,0.6476161713625087,0.07755986079016597,0.10234548035845994,0.17960382902094588,0.6488484503838499,0.07477964174011942,0.09676807885508483
1.625,0.559304700098465,0.5579662122726684,0.5020305731458472,0.8749348339913221,0.06718910363912109,0.06718910363912109,0.0710833096388968,0.06718910363912109,0.300704694314288,0.18284924463992405,0.4492569574066632,0.0710833096388968,0.30366789877736705,0.18330016112216851,0.4419486304615676
3.25,0.5011272182785736,0.5576667255462815,0.5269183366149406,0.7319075961572137,0.07958179277905156,0.07958179277905156,0.0775281963794901,0.12044168320785055,0.6542193269625975,0.07958179277905156,0.1457571970505151,0.12681262439579186,0.6569045588095915,0.0775281963794901,0.13875462041512654
1.6875,0.5287778551637978,0.557626502264288,0.5037998290632553,0.8626443170701401,0.06175855145001869,0.06175855145001869,0.06558620036015543,0.06175855145001869,0.33683802138886354,0.16318442644492917,0.4382190007161849,0.06558620036015543,0.3402521088048526,0.16349161216946262,0.4306700786655293
4.0,0.5880061818774618,0.5561573227638892,0.5249755427715723,0.732854076053685,0.07538419616461675,0.07538419616461675,0.07269453132404512,0.19964520956131085,0.6378624126571977,0.07538419616461675,0.08710818161688677,0.20718415316083783,0.6378542318263671,0.07269453132404512,0.08226708368874988
2.4545454545454546,0.434026439381387,0.5561211935958263,0.5209381029783076,0.7554920404284333,0.059679815581705944,0.059679815581705944,0.0641645341673775,0.059679815581705944,0.5894626458573574,0.09028607798246584,0.2605714605784727,0.0641645341673775,0.5949199128044735,0.08928063690645437,0.25163491612169464
2.3333333333333335,0.434026439381387,0.55602311785152,0.5185176280086111,0.7685542269613375,0.05324778663034166,0.05324778663034166,0.05724575869585821,0.05324778663034166,0.560518446467152,0.09671810693383018,0.2895156599686792,0.05724575869585821,0.5647805895175813,0.09619941237797365,0.28177423940858687
2.272727272727273,0.434026439381387,0.5557790115380024,0.5171704130620342,0.7745610695684891,0.05135877593041166,0.05135877593041166,0.0553502037721543,0.05135877593041166,0.5452063552930903,0.09860711763376022,0.30482775114273963,0.0553502037721543,0.5504691498436167,0.09809496730167756,0.2960856790825514
1.3636363636363635,0.9797744030734977,0.555752950713589,0.5009823329472308,0.8661197847229524,0.08086772061190131,0.08086772061190131,0.08207752819637949,0.14029673578954743,0.08086772061190131,0.45967301857372417,0.319162525024824,0.14482039617097905,0.08207752819637949,0.45900862477490284,0.3140934508577386
1.3636363636363635,0.9442831766226341,0.5557153624401268,0.49978798939604274,0.8726371430232701,0.08760473257835846,0.08760473257835846,0.08890152592171358,0.13355972382309014,0.08760473257835846,0.4414891773471809,0.3373463662513653,0.13799639844564496,0.08890152592171358,0.4409060752535305,0.332196000379111
1.4,0.7839528004503834,0.555224954310861,0.49546179539039237,0.8938828548601835,0.10943288671025819,0.10943288671025819,0.11401762866079045,0.10943288671025819,0.13055217278292738,0.34059681072224973,0.41941812978456006,0.11401762866079045,0.13155151170505167,0.3411051085205194,0.4133257511136385
1.3636363636363635,1.0172913274134003,0.5551742567662883,0.5017872806344948,0.8577004548464514,0.07441270965744384,0.07441270965744384,0.0753483082172306,0.14675174674400487,0.07441270965744384,0.4782612959847923,0.30057424761375795,0.15154961615012796,0.0753483082172306,0.47711117429627525,0.29599090133636624
1.3636363636363635,0.9104842264238117,0.5546769845617293,0.4977416519963259,0.8773105357656819,0.09445720062032444,0.09445720062032444,0.09553596815467728,0.12670725578112416,0.09445720062032444,0.4233165031036123,0.35551904049493477,0.13136195621268126,0.09553596815467728,0.4229930812245285,0.350108994408113
1.5,0.6412861463227546,0.554086084018699,0.49467008488969466,0.8907767457497235,0.08386229047093344,0.08386229047093344,0.08795374845986162,0.08386229047093344,0.21030483302056563,0.24112466698557503,0.46470820952292663,0.08795374845986162,0.212112595962468,0.24225191924936024,0.4576817363283101
2.6,0.434026439381387,0.5539036338378113,0.5204817267623927,0.7432944405985166,0.06368421170599,0.06368421170599,0.06805042176097052,0.06368421170599,0.6104231110331098,0.08628168185818173,0.23961099540272107,0.06805042176097052,0.6151075727419202,0.08539474931286134,0.23144725618424794
1.3636363636363635,1.0595521457887163,0.5535191769728388,0.5016667553545294,0.847349566143259,0.06806919074265519,0.06806919074265519,0.06871386598426689,0.15309526565879392,0.06806919074265519,0.4969388934886277,0.28189665010992304,0.15818405838309166,0.06871386598426689,0.495403279310018,0.27769879632262345
1.4,1.1994428481028652,0.553117390226564,0.5058561590959192,0.8209310333002184,0.056892464852195346,0.056892464852195346,0.05696142545730262,0.18309259464098973,0.056892464852195346,0.5419242788901825,0.21809066161663274,0.18860771490853948,0.05696142545730262,0.5391905980475784,0.21524026158657947
4.333333333333333,0.6697006079849583,0.5528080663556723,0.5205377335165426,0.7356732857774072,0.059314086690214235,0.059314086690214235,0.05582409250308028,0.28096781446716074,0.5906414551992333,0.06907664364339482,0.059314086690214235,0.2898303478343285,0.588854137048621,0.06549142261397024,0.05582409250308028
1.3636363636363635,0.8757198401870869,0.5528027118864487,0.495049664511361,0.8800699803452794,0.10053243432275444,0.10053243432275444,0.1017912994029002,0.1206320220786942,0.10053243432275444,0.4043714545568064,0.3744640890417404,0.12510662496445835,0.1017912994029002,0.4043218652260449,0.36878021040659653
1.75,0.5011272182785736,0.5520969021677096,0.5004930164698052,0.844518921122501,0.05600995178584497,0.05600995178584497,0.05999431333522889,0.05600995178584497,0.3665872898740554,0.14401352420105776,0.43338923413903585,0.05999431333522889,0.37067576533030044,0.14434650744005306,0.42498341389441757
1.4542334494528046,0.6697006079849583,0.5517015098463046,0.49186405347335493,0.8907804292930198,0.08818025803302672,0.08818025803302672,0.09240830253056583,0.08818025803302672,0.186783640443385,0.26186420007753053,0.46317190144605846,0.09240830253056583,0.18841815941616907,0.2629134679177329,0.45626007013553216
1.3636363636363635,1.1033413936395722,0.5503475806699273,0.5001033699936122,0.8350647745023798,0.061986005202196694,0.061986005202196694,0.06255331248222917,0.1591784511992529,0.061986005202196694,0.515812205412541,0.2630233381860085,0.16434461188512936,0.06255331248222917,0.5140744953085016,0.2590275803241399
1.4,0.752243811674494,0.5502136163617368,0.49036320120547106,0.8893659689139098,0.10144757866507675,0.10144757866507675,0.10586674248886362,0.10144757866507675,0.13853748082810893,0.32358269348333585,0.43643224702347544,0.10586674248886362,0.1397023978769785,0.32442422519192493,0.43000663444223297
1.3636363636363635,0.842693318210332,0.5501829832308236,0.49178686077656,0.8810943438049842,0.1081464720537481,0.1081464720537481,0.10946829684390105,0.11301798434770069,0.1081464720537481,0.38698220645216985,0.39185333714637716,0.1174296275234575,0.10946829684390105,0.3872618709127097,0.38584020471993175
2.7142857142857144,0.434026439381387,0.550104352713276,0.5183142090817163,0.7302484999587804,0.06775350049633629,0.06775350049633629,0.07241019808548953,0.06775350049633629,0.6296729772429979,0.08221239306783537,0.22036112919284018,0.07241019808548953,0.6347265662022558,0.08103497298834234,0.21182826272391242
1.5833333333333333,0.559304700098465,0.5490503643814532,0.4928774475192985,0.8673635599336632,0.06447452361018,0.06447452361018,0.06823997725334091,0.06447452361018,0.28356346091171813,0.18556382466886504,0.46639819080923356,0.06823997725334091,0.28660790446403184,0.18614349350772438,0.45900862477490284
1.5384615384615385,0.5880061818774618,0.5484866532704116,0.4907157183016312,0.8758552847601676,0.07003797372125779,0.07003797372125779,0.07402141977063785,0.07003797372125779,0.25465883297577124,0.20499143200467035,0.47031176129829955,0.07402141977063785,0.2570372476542508,0.2058572647142451,0.46308406786086626
1.4,1.249832671222886,0.546137046340807,0.5009434637215728,0.8022340145164674,0.05092400516904739,0.05092400516904739,0.05108520519382049,0.18906105432413778,0.05092400516904739,0.5609691407189715,0.19904579978784662,0.19448393517202162,0.05108520519382049,0.5577670362998768,0.19666382333428112
1.3636363636363635,0.8139924478098464,0.5460780693953884,0.48711619689199537,0.8801953469146159,0.10732406551155368,0.10732406551155368,0.11174296275234574,0.10732406551155368,0.11384039088989509,0.3676344845660998,0.41120105903244786,0.11174296275234574,0.11515496161501279,0.36811676618330014,0.4049853094493413
1.3636363636363635,1.1477491043017711,0.5458073403011581,0.49726922279926555,0.8208566728118823,0.05666783988971502,0.05666783988971502,0.05715098094967302,0.16449661651173447,0.05666783988971502,0.5354637697205278,0.24337177387802256,0.16974694341768554,0.05715098094967302,0.5334091555302815,0.23969292010235996
3.75,0.5287778551637978,0.5447832541503106,0.5154461390482148,0.7110269063955204,0.07310377860799588,0.07310377860799588,0.0706094209079708,0.15183919928695117,0.6682554595644365,0.07310377860799588,0.10680156254063017,0.15846839162164725,0.6699838877831485,0.0706094209079708,0.10093829968723343
1.625,0.5287778551637978,0.544535449372902,0.49008015530505367,0.8531154490907094,0.05740991525504397,0.05740991525504397,0.06084731305089565,0.05740991525504397,0.3104838826983655,0.16753306263990408,0.46457313940668316,0.06084731305089565,0.3139038953653682,0.1682304994787224,0.45701829210501377
3.4285714285714284,0.5011272182785736,0.5442451908444728,0.5152719005165803,0.7084271693691968,0.07305798985077756,0.07305798985077756,0.0707989764003412,0.1269654861361247,0.6728002791193279,0.07305798985077756,0.12717624489378435,0.13354184437494077,0.6748175528385935,0.0707989764003412,0.12084162638612454
1.4,0.7255855948661953,0.5440474260729236,0.4842399719407562,0.8829563328218727,0.09435456929835333,0.09435456929835333,0.09856885603260354,0.09435456929835333,0.1456304901948324,0.3056296792867434,0.4543852612200729,0.09856885603260354,0.14700028433323856,0.30679556440147854,0.44763529523267936
2.857142857142857,0.434026439381387,0.5439799244914955,0.5140115343511265,0.7138008019535864,0.07194579727450563,0.07194579727450563,0.07658041891763814,0.07194579727450563,0.6506285380801288,0.07802009628966598,0.19940556835571246,0.07658041891763814,0.655198559378258,0.07686475215619372,0.19135626954791016
4.0,0.559304700098465,0.5438057877152861,0.5139890173682742,0.7127674863483535,0.07249674631290744,0.07249674631290744,0.06994597668467444,0.17754160196613686,0.6599660202523753,0.07249674631290744,0.08999563146859618,0.18443749407639087,0.6606008909108141,0.06994597668467444,0.08501563832812056
1.5,0.6147132113447967,0.5435772597915569,0.4848767179010194,0.8762136638379361,0.07505497725544923,0.07505497725544923,0.07885508482608283,0.07505497725544923,0.21911214623604935,0.22497040251816353,0.48086247399033855,0.07885508482608283,0.2212112595962468,0.22623448014406217,0.4736991754336082
4.333333333333333,0.6412861463227546,0.5432271305025211,0.5115719011119852,0.7226067637155581,0.06151578472704496,0.06151578472704496,0.057814425172969384,0.258112011849943,0.613497257816453,0.06687494560656408,0.06151578472704496,0.2667045777651407,0.6119799071178087,0.06350108994408113,0.057814425172969384
1.4542334494528046,0.6412861463227546,0.5428861999958442,0.4837040934252407,0.8782514705625977,0.07922458394471742,0.07922458394471742,0.08321486115060184,0.07922458394471742,0.19573931453169402,0.2457623735117907,0.4792737280117996,0.08321486115060184,0.19761160079613307,0.24699080655862005,0.47218273149464507
1.6875,0.5011272182785736,0.5426821737635199,0.49045464697046615,0.8386381589241582,0.052249023245192136,0.052249023245192136,0.05582409250308028,0.052249023245192136,0.34634754959368974,0.14777445274171072,0.45362897441940336,0.05582409250308028,0.3500142166619278,0.1485167282722017,0.44564496256279024
1.3636363636363635,0.7839528004503834,0.5421176710438852,0.4829313744308953,0.8775066851841615,0.10137877120410935,0.10137877120410935,0.10577196474267841,0.10137877120410935,0.11978568519733945,0.3486509262283987,0.4301846173701476,0.10577196474267841,0.12112595962468012,0.3493507724386314,0.42375130319401005
3.25,0.4677733814980319,0.5418226471949901,0.5131457330384055,0.7043251607489696,0.0737762594920946,0.0737762594920946,0.07193630935456355,0.10123994474250379,0.6734210654279453,0.0737762594920946,0.15156273033747236,0.10690929769690077,0.6768078855084826,0.07193630935456355,0.14434650744005306
3.0,0.434026439381387,0.5410369318655182,0.511784975630772,0.7067980171957464,0.07320836826587822,0.07320836826587822,0.07572741920197137,0.07320836826587822,0.6587228168572473,0.07675752529829337,0.19131128957859525,0.07771775187186049,0.6625912235807032,0.07572741920197137,0.18396360534546488
1.3636363636363635,1.1994428481028652,0.5400727652137435,0.4934460448282699,0.8042908473980936,0.05065148105180198,0.05065148105180198,0.050990427447635295,0.17051297534964713,0.05065148105180198,0.5545038981815275,0.224331645417026,0.17590749691972324,0.050990427447635295,0.5518908160363947,0.2212112595962468
1.3333333333333333,0.9442831766226341,0.5380459188162392,0.48317952960275523,0.8489554576926488,0.07530832514944974,0.07530832514944974,0.07629608567908255,0.12151561262476542,0.07530832514944974,0.45353328854550545,0.34964277368027397,0.12510662496445835,0.07629608567908255,0.45379584873471707,0.344801440621742
1.3333333333333333,0.9797744030734977,0.5379558680966328,0.4842220447623561,0.8424475336575344,0.06960282448144917,0.06960282448144917,0.07051464316178561,0.12722111329276622,0.06960282448144917,0.47274864107050485,0.33042742115527507,0.13088806748175527,0.07051464316178561,0.4729409534641266,0.3256563358923325
1.3333333333333333,1.0172913274134003,0.5372908023892329,0.48492405757097645,0.8340356896926856,0.06404518740199225,0.06404518740199225,0.06473320064448868,0.13277875037222323,0.06404518740199225,0.4922342923565739,0.310941769869209,0.13666950999905222,0.06473320064448868,0.49199128044735096,0.30660600890910816
1.5384615384615385,0.559304700098465,0.5372891745796201,0.4809863571195503,0.8563384735200158,0.060119884334722914,0.060119884334722914,0.06369064543645152,0.060119884334722914,0.2645769223623058,0.18991846394432235,0.48538472935864885,0.06369064543645152,0.2673680219884371,0.1906928253246138,0.47824850725049756
1.3636363636363635,0.752243811674494,0.5371882698850146,0.4779265403724352,0.8730047371229647,0.09406108655694255,0.09406108655694255,0.09828452279404795,0.09406108655694255,0.1271033698445062,0.33096918559146954,0.4478663580070793,0.09828452279404795,0.12861340157331058,0.3320064448867406,0.44109563074590086
1.3333333333333333,0.9104842264238117,0.5371397782319951,0.4812862007621005,0.8536433838947315,0.08117765038605305,0.08117765038605305,0.08198275045019429,0.1156462873881621,0.08117765038605305,0.43437747149657335,0.36879859072920557,0.11941996019334661,0.08198275045019429,0.43493507724386316,0.363662212112596
1.4,0.6972873508518791,0.5364944947856493,0.4768126329121174,0.8746917120689965,0.08850719200469769,0.08850719200469769,0.09240830253056583,0.08850719200469769,0.1514778674884881,0.2864533204436799,0.47356162006313574,0.09240830253056583,0.1531608378352763,0.28793479291062457,0.46649606672353333
1.5833333333333333,0.5287778551637978,0.5359327261456277,0.48124435756260997,0.8458334814493953,0.05565748111868518,0.05565748111868518,0.05904653587337693,0.05565748111868518,0.2923805034032128,0.16928549677626295,0.48267651870183625,0.05904653587337693,0.2958013458439958,0.17003127665624113,0.4751208416263861
1.3333333333333333,1.0595521457887163,0.5355188454884755,0.48465489906644377,0.8237478752133223,0.058814599681413865,0.058814599681413865,0.059236091365747326,0.13800933809280175,0.058814599681413865,0.5120248210546183,0.29115124117116414,0.1421666192777936,0.059236091365747326,0.5114207184153161,0.287176570941143
1.3333333333333333,0.8757198401870869,0.5353067570427126,0.4786371454130498,0.8564345562774689,0.08665698962484795,0.08665698962484795,0.08757463747512084,0.1101669481493672,0.08665698962484795,0.4148365284861338,0.3883395337396473,0.11382807316842006,0.08757463747512084,0.4156004170220832,0.3829968723343759
4.333333333333333,0.6147132113447967,0.5332098625780658,0.502277907724844,0.7084909400796555,0.06316596135284218,0.06316596135284218,0.06008909108141408,0.23685941842076974,0.6347498512456339,0.06316596135284218,0.06522476898076689,0.24500047388873092,0.6336840109942186,0.06008909108141408,0.06122642403563643
1.5,0.5880061818774618,0.5326958616174795,0.4751203158671936,0.858957287535766,0.06467879361545387,0.06467879361545387,0.06814519950715572,0.06467879361545387,0.22948832987604464,0.21035061211047415,0.49548226439802817,0.06814519950715572,0.2319211449151739,0.21173348497772723,0.48820017059994314
1.3333333333333333,0.842693318210332,0.532683598407919,0.4753473554980975,0.8575889748969083,0.09401877361313374,0.09401877361313374,0.0949673016775661,0.1028051641610813,0.09401877361313374,0.39719502663878914,0.4059810355869925,0.1064354089659748,0.0949673016775661,0.3982560894701924,0.4003411998862667
1.4542334494528046,0.6147132113447967,0.5323564177933198,0.4738869986623573,0.8636831262021076,0.07067546212631733,0.07067546212631733,0.07440053075537864,0.07067546212631733,0.20428843635009375,0.22934991764729543,0.4956861838762951,0.07440053075537864,0.20642593119135627,0.2306890342147664,0.48848450383849873
1.3333333333333333,1.1033413936395722,0.5323553976493867,0.48310876947172643,0.8114196239894612,0.0532777540896619,0.0532777540896619,0.053644204340820775,0.14354618368455385,0.0532777540896619,0.5314444729272392,0.27173158929854263,0.1477585063027201,0.053644204340820775,0.5306606008909108,0.2679366884655483
1.3636363636363635,0.7255855948661953,0.5309485447985569,0.4717159815016033,0.8665997368146273,0.08715232685513367,0.08715232685513367,0.09117619183015828,0.08715232685513367,0.13401212954631506,0.31283192172996177,0.46600362186859,0.09117619183015828,0.13572173253720027,0.3141882286039238,0.4589138470287177
3.75,0.5011272182785736,0.5305839310752262,0.5028831452812519,0.6875550505744138,0.0673817043097368,0.0673817043097368,0.06520708937541465,0.13264177167716557,0.6874528871742226,0.0673817043097368,0.11252363683888943,0.13913373139986732,0.6893185480049284,0.06520708937541465,0.1063406312197896
2.7142857142857144,0.3958686585670549,0.5304136571610267,0.5010861624485692,0.6966027938649529,0.05234077037422498,0.05234077037422498,0.05639275898019145,0.05234077037422498,0.6450857073651112,0.07266693089710215,0.22990659136357317,0.05639275898019145,0.6507440053075538,0.07184153160837835,0.22102170410387642
4.0,0.5287778551637978,0.5303091151666872,0.5019722065566685,0.6908849306234602,0.06843881547686839,0.06843881547686839,0.06615486683726661,0.15650416241807885,0.6810034598004344,0.06843881547686839,0.09405356230463535,0.16292294569235144,0.6821154392948535,0.06615486683726661,0.08880674817552839
1.4,0.6697006079849583,0.5300754097917834,0.4710794220576211,0.8643860069520363,0.07952400308655111,0.07952400308655111,0.08330963889678704,0.07952400308655111,0.16046105640663455,0.2705204550240058,0.48949448548281127,0.08330963889678704,0.16225950146905507,0.2720121315515117,0.4824187280826462
1.3333333333333333,0.8139924478098464,0.5286053656250218,0.47070732887915256,0.856694240518281,0.09774275783994785,0.09774275783994785,0.09999052222538148,0.09774275783994785,0.09908117993426722,0.3772157922377052,0.4259602699880749,0.10141218841815941,0.09999052222538148,0.37844754051748647,0.4201497488389726
3.4285714285714284,0.4677733814980319,0.5285290886597838,0.5016333632058507,0.6809381995654046,0.06784172848570817,0.06784172848570817,0.06577575585252583,0.1071744757488904,0.6925912895065632,0.06784172848570817,0.13239250625885388,0.11306985119893849,0.6952895460145958,0.06577575585252583,0.1258648469339399
1.3333333333333333,0.7839528004503834,0.524696504089292,0.46658078023115546,0.8540189392853991,0.09244557853635177,0.09244557853635177,0.09610463463178845,0.09244557853635177,0.10437835923786341,0.3575841188961566,0.4455919433296247,0.09610463463178845,0.10529807601175244,0.3590181025495214,0.43957918680693775
2.857142857142857,0.3958686585670549,0.5243941189216901,0.496893940321233,0.6802284643242804,0.055912306120165525,0.055912306120165525,0.05999431333522889,0.055912306120165525,0.6666620292344688,0.0690953951511616,0.20833026949421682,0.05999431333522889,0.6717846649606672,0.06823997725334091,0.19998104445076295
1.5384615384615385,0.5287778551637978,0.5241309089511239,0.46931649214326965,0.8347459375289648,0.05166641670595199,0.05166641670595199,0.05487631504122832,0.05166641670595199,0.27303038999107615,0.17327656118899606,0.5020266321139742,0.05487631504122832,0.2761823523836603,0.17420149748838973,0.49473983508672165
3.25,0.434026439381387,0.5239587035662409,0.4976587604573499,0.6729917145166229,0.06813782738942219,0.06813782738942219,0.06662875556819259,0.08182806617474957,0.6928329439957003,0.06813782738942219,0.15720116244014556,0.08681641550563927,0.6969007676997441,0.06662875556819259,0.14965406122642402
1.3636363636363635,0.6972873508518791,0.5233370686983698,0.4642203861793306,0.8583316029729254,0.08163827322182478,0.08163827322182478,0.08539474931286134,0.08163827322182478,0.13952618317962404,0.2933222392265533,0.4855133043720004,0.08539474931286134,0.1415031750544972,0.29494834612832904,0.4781537295043124
4.333333333333333,0.5880061818774618,0.5222014311459937,0.4923698152994622,0.6912472542763393,0.060719003786292365,0.060719003786292365,0.057814425172969384,0.21431040193963471,0.6572988677267712,0.060719003786292365,0.06767172654731671,0.22206425931191356,0.6566202255710359,0.057814425172969384,0.06350108994408113
1.4542334494528046,0.5880061818774618,0.5216478398632789,0.464314997803873,0.8465339448665794,0.060952479030669235,0.060952479030669235,0.06435408965974788,0.060952479030669235,0.21401141944574112,0.21407692669525868,0.510959174828331,0.06435408965974788,0.216472372286987,0.21552459482513506,0.50364894322813
1.5,0.559304700098465,0.5215151445822299,0.46541654515281805,0.8394072080155641,0.05508749140793102,0.05508749140793102,0.05819353615771017,0.05508749140793102,0.23907963208356722,0.1949508568711141,0.510882019637388,0.05819353615771017,0.24187280826461946,0.19618993460335513,0.5037437209743152
1.4,0.6412861463227546,0.5215147516798286,0.4631928542656162,0.8520055036936991,0.0716750049353241,0.0716750049353241,0.0752535304710454,0.0716750049353241,0.16831005455786113,0.25331195252118394,0.506702987985633,0.0752535304710454,0.1703156098947967,0.2549521372381765,0.4994787223959814
3.0,0.3958686585670549,0.5214735389366424,0.49469104268732234,0.6732410176827894,0.05695545661620924,0.05695545661620924,0.06094209079708084,0.05695545661620924,0.6749757285069167,0.06805224465511789,0.20001657022177075,0.06094209079708084,0.6793668846554829,0.06729219979148895,0.1923988247559473
1.2857142857142858,0.9442831766226341,0.5202286238508258,0.46657518908568096,0.8242647541866462,0.06502904237399587,0.06502904237399587,0.0664392000758222,0.10883580128082893,0.06502904237399587,0.4662130998894418,0.359922056455728,0.11259596246801251,0.0664392000758222,0.4663065112311629,0.3546583262250024
1.2857142857142858,0.9797744030734977,0.5200599781378482,0.4675150667135113,0.8178144762090906,0.060315212613387854,0.060315212613387854,0.06160553502037722,0.11354963104143702,0.060315212613387854,0.48642012332183326,0.33971503302333633,0.1174296275234575,0.06160553502037722,0.48639939342242444,0.3345654440337409
1.3333333333333333,0.752243811674494,0.5198956826103804,0.4617165896649097,0.8495772093013809,0.08594147538026503,0.08594147538026503,0.08947019239882475,0.08594147538026503,0.11088246239395018,0.3390887967681462,0.4640872654576355,0.08947019239882475,0.11193251824471614,0.3408207752819638,0.4577765140744953
1.2857142857142858,1.0172913274134003,0.5193988424279901,0.46822533345905104,0.8093820599186441,0.0553175200349907,0.0553175200349907,0.05639275898019145,0.11854732361983425,0.0553175200349907,0.5064657191089615,0.3196694372362092,0.12264240356364325,0.05639275898019145,0.5060183868827599,0.31494645057340537
1.2857142857142858,0.9104842264238117,0.5192666246267733,0.46460318220044405,0.829026131709306,0.07061423050674563,0.07061423050674563,0.07184153160837835,0.10325061314807898,0.07061423050674563,0.44677314573665566,0.37936201060851277,0.10719363093545635,0.07184153160837835,0.4471614065017534,0.37380343095441193
1.2857142857142858,1.0595521457887163,0.517627311264988,0.46795647251162764,0.79909539753403,0.05072017480444359,0.05072017480444359,0.05155909392474647,0.1231446688503815,0.05072017480444359,0.5268894902970374,0.29924566604813413,0.12747606861908825,0.05155909392474647,0.5261112690740214,0.2948535683821439
1.2857142857142858,0.8757198401870869,0.5174538773070788,0.46197965040130007,0.8318078297731585,0.07537687401573236,0.07537687401573236,0.07676997441000853,0.0984879696390921,0.07537687401573236,0.4265155069964067,0.39961964934876354,0.10226518813382618,0.07676997441000853,0.4271633020566771,0.3938015353994882
1.3636363636363635,0.6697006079849583,0.5170148554785498,0.45859826179676033,0.8480422196753564,0.07331688467179802,0.07331688467179802,0.07695952990237892,0.07331688467179802,0.14784757172965096,0.27672757343875864,0.5021079701597941,0.07695952990237892,0.1499383944649796,0.2783622405459198,0.49473983508672165
4.0,0.5011272182785736,0.5161313514948263,0.48942343291409274,0.6674762234523159,0.06313396074467675,0.06313396074467675,0.06113164628945124,0.13688951524222578,0.7006181069762892,0.06313396074467675,0.09935841703682709,0.14320917448583073,0.7018292105013743,0.06113164628945124,0.09382996872334376
3.75,0.4677733814980319,0.5149292443995269,0.4893198454341887,0.660049171869777,0.06276927342260098,0.06276927342260098,0.060752535304710455,0.11224693081199767,0.7078477280393953,0.06276927342260098,0.11713606772602542,0.11809307174675386,0.710359207658042,0.060752535304710455,0.11079518529049379
1.2857142857142858,0.842693318210332,0.51485515308764,0.4587099913563606,0.8330110695648896,0.08221164938316221,0.08221164938316221,0.08368874988152782,0.0916531942716623,0.08221164938316221,0.4083469965282081,0.41778815981696305,0.0953464126623069,0.08368874988152782,0.4093450857738603,0.41161975168230497
1.3333333333333333,0.7255855948661953,0.513656609014538,0.4554963195650992,0.8432315825613586,0.07939631327201228,0.07939631327201228,0.08274097241967586,0.07939631327201228,0.1174276245022029,0.3205879353130816,0.4825881269127027,0.08274097241967586,0.11866173822386504,0.32262344801440623,0.4759738413420529
1.4,0.6147132113447967,0.5111324690541194,0.45352817750065944,0.8375567878570591,0.06400317872934262,0.06400317872934262,0.06729219979148895,0.06400317872934262,0.17598188076384244,0.23602220104427007,0.5239927394625473,0.06729219979148895,0.17827694057435314,0.23779736517865604,0.5166334944555019
3.4285714285714284,0.434026439381387,0.5107577419057578,0.4862336969604584,0.649727329929122,0.06279355464638822,0.06279355464638822,0.061036868543266044,0.08717233891778371,0.7125934263376738,0.06279355464638822,0.13744068009817403,0.09240830253056583,0.7159510946829685,0.061036868543266044,0.1306037342431997
1.2857142857142858,0.8139924478098464,0.5107192454193514,0.45399839169194434,0.832137416541325,0.08691147402845417,0.08691147402845417,0.08833285944460241,0.0869533696263703,0.08691147402845417,0.38800518045128246,0.43812997589388814,0.0907023030992323,0.08833285944460241,0.3891574258364136,0.43180741161975167
1.4542334494528046,0.559304700098465,0.5104109128323193,0.4545584919895911,0.826907964274446,0.05144724062217444,0.05144724062217444,0.05449720405648754,0.05144724062217444,0.22351665785423602,0.1985911076568707,0.5264449938667207,0.05449720405648754,0.22632925789024738,0.19988626670457776,0.5192872713486874
4.333333333333333,0.559304700098465,0.5101421967103117,0.4816991673574337,0.6713193630432874,0.05863030169413276,0.05863030169413276,0.05582409250308028,0.19140804658491145,0.6802012230814969,0.05863030169413276,0.06976042863947625,0.19855937825798503,0.6801251066249645,0.05582409250308028,0.06549142261397024
1.3636363636363635,0.6412861463227546,0.508412496470527,0.45066605397517234,0.8356423372775366,0.06574425859840893,0.06574425859840893,0.06918775471519287,0.06574425859840893,0.1554201978030401,0.25924269885809914,0.5195928447404543,0.06918775471519287,0.15771016965216567,0.261017912994029,0.5120841626386125
1.2857142857142858,0.7839528004503834,0.5067425743210408,0.4497895011525014,0.829476655609431,0.08209174246813392,0.08209174246813392,0.08577386029760212,0.08209174246813392,0.09177310118669044,0.3679379549643738,0.4581972013807977,0.08577386029760212,0.09326130224623258,0.3693488768837077,0.45161596057245756
1.3333333333333333,0.6972873508518791,0.5060712795604966,0.4480315685683238,0.834962975182809,0.0744910563742993,0.0744910563742993,0.07762297412567529,0.0744910563742993,0.1223328813999159,0.3004694560740788,0.5027066061517076,0.07762297412567529,0.1237797365178656,0.3027201213155151,0.495877168040944
3.25,0.3958686585670549,0.5045591718661676,0.480742116057833,0.6395224881133968,0.06063816661111397,0.06063816661111397,0.059425646858117714,0.06436953466021322,0.7102914755102406,0.06063816661111397,0.16470082321845453,0.06880864373045209,0.7149085394749313,0.059425646858117714,0.1568571699364989
4.75,0.6147132113447967,0.5034993631681302,0.47339825801202984,0.6740722923860317,0.051654499527851026,0.051654499527851026,0.04719931760022747,0.2474490012262421,0.6483201206985512,0.05257637854737028,0.051654499527851026,0.2560894701923988,0.6477111174296275,0.04900009477774619,0.04719931760022747
1.2857142857142858,0.752243811674494,0.5020697520252029,0.4450790794973264,0.8250168963498369,0.07667105188557355,0.07667105188557355,0.08018197327267558,0.07667105188557355,0.09719379176925078,0.34835922026283744,0.47777593608233476,0.08018197327267558,0.09885318927115913,0.350108994408113,0.47085584304805234
1.4,0.5880061818774618,0.5006909590220604,0.44423329326630123,0.820617731638029,0.05521350686733196,0.05521350686733196,0.05819353615771017,0.05521350686733196,0.1847715526258532,0.21981589885859612,0.5401990416482242,0.05819353615771017,0.18737560420813193,0.2216851483271728,0.5327457113069851
4.0,0.4677733814980319,0.5004231277894993,0.4758194615274899,0.639843903274219,0.05911040489346087,0.05911040489346087,0.05724575869585821,0.11590579934113784,0.7216018228773782,0.05911040489346087,0.1033819728880431,0.12159984835560611,0.7234385366315988,0.05724575869585821,0.09771585631693679
1.3333333333333333,0.6697006079849583,0.500021839336608,0.4427098169683862,0.8247899660898652,0.06719713158351028,0.06719713158351028,0.07023030992323002,0.06719713158351028,0.12962680619070505,0.28284732652704603,0.5203287356987393,0.07023030992323002,0.13117240072031086,0.28509146052506873,0.5135058288313904
1.3636363636363635,0.6147132113447967,0.4982034334315524,0.44119611195090447,0.8212449218218907,0.058921536461880544,0.058921536461880544,0.062079423751303195,0.058921536461880544,0.16224291993956866,0.24110384331173235,0.5377317002868243,0.062079423751303195,0.16481850061605535,0.24301014121884182,0.5300919344137996
3.75,0.434026439381387,0.49714716316617646,0.4739168181460952,0.6287857849466368,0.05837009765372645,0.05837009765372645,0.056582314472561845,0.09159579591044556,0.7284988629409458,0.05837009765372645,0.12153524349490008,0.09686285660127002,0.7315894228035257,0.056582314472561845,0.1149654061226424
4.333333333333333,0.5287778551637978,0.49693829203494083,0.46997887583901554,0.6497083171451843,0.05527917830388268,0.05527917830388268,0.05269642687896882,0.16966379959106465,0.701945470075346,0.05527917830388268,0.07311155202972636,0.17638138565064923,0.7023030992323003,0.05269642687896882,0.0686190882380817
1.25,0.9442831766226341,0.4966617490191647,0.44490915130834174,0.7899264693804947,0.05262317622959429,0.05262317622959429,0.05402331532556156,0.0927683993658274,0.05262317622959429,0.48228050180444443,0.37232792260012954,0.09600985688560326,0.05402331532556156,0.48289261681357215,0.367074210975263
1.2857142857142858,0.7255855948661953,0.49592616303569714,0.438968749337328,0.818684840659789,0.07095600250196513,0.07095600250196513,0.07430575300919344,0.07095600250196513,0.10290884115285939,0.3290282460831275,0.4971069102620457,0.07430575300919344,0.10472940953464127,0.33105866742488865,0.4899061700312767
1.25,0.9104842264238117,0.49576476819150495,0.44301411100128196,0.794685158936102,0.057239444678031055,0.057239444678031055,0.05847786939626576,0.08815213091739053,0.057239444678031055,0.4618716279673463,0.3927367964372294,0.09155530281489906,0.05847786939626576,0.46279973462231067,0.3871670931665245
1.25,0.8757198401870869,0.4939521347445269,0.440388645138709,0.797478575844162,0.061255634405530925,0.061255634405530925,0.06264809022841437,0.08413594118989054,0.061255634405530925,0.44086753544560886,0.41374088895896616,0.08738508198275045,0.06264809022841437,0.44204340820775284,0.40792341958108236
4.75,0.5880061818774618,0.49287230742918986,0.463881933327971,0.6571510940027633,0.050344408005375804,0.050344408005375804,0.04691498436167188,0.22468499772055212,0.6710841242042427,0.050344408005375804,0.0538864700698455,0.23296370012321108,0.6708368874988153,0.04691498436167188,0.04928442801630177
1.25,0.842693318210332,0.49152656265091405,0.437320136895768,0.7986963085967417,0.06685138698972606,0.06685138698972606,0.06833475499952611,0.07854018860569534,0.06685138698972606,0.42146000219417584,0.43314842221040056,0.0816984172116387,0.06833475499952611,0.4229930812245285,0.4269737465643067
1.3333333333333333,0.6412861463227546,0.4914710173781015,0.4348249591367759,0.81246534741228,0.06004720788308832,0.06004720788308832,0.06293242346696995,0.06004720788308832,0.13677672989112724,0.2649397495734195,0.5382363126523698,0.06293242346696995,0.13847028717657095,0.2672732442422519,0.5313240451142072
3.4285714285714284,0.3958686585670549,0.4913926890756131,0.4693657171280402,0.6162121967785266,0.056112898159456914,0.056112898159456914,0.054686759548857926,0.06889480311187034,0.7308709621435852,0.056112898159456914,0.14412133658510573,0.07354753103971187,0.7348118661738224,0.054686759548857926,0.13695384323760781
1.2857142857142858,0.6972873508518791,0.4882830049844324,0.43143513343869755,0.8104209437435965,0.06643476640577252,0.06643476640577252,0.06956686569993366,0.06643476640577252,0.10743007724905222,0.3085257460426053,0.5176094103025708,0.06956686569993366,0.10946829684390105,0.31077622974125674,0.5101886077149086
1.3636363636363635,0.5880061818774618,0.4879961103311697,0.4321598669088518,0.8044014897243047,0.05101909242705522,0.05101909242705522,0.053833759833191164,0.05101909242705522,0.17014536397439348,0.22401031329887314,0.5548252302996844,0.053833759833191164,0.17306416453416737,0.2260449246516918,0.5470571509809496
1.25,0.8139924478098464,0.4874625458794837,0.4326976612213712,0.7977968922754545,0.07053471289142062,0.07053471289142062,0.07203108710074875,0.07485686270400065,0.07053471289142062,0.40010168737365337,0.4545067370309244,0.07800208511041608,0.07203108710074875,0.4018576438252298,0.44810918396360533
1.25,0.7839528004503834,0.4835143851226673,0.42851911689985944,0.7951542383852452,0.07074822784070339,0.07074822784070339,0.07383186427826746,0.07074822784070339,0.07464334775471786,0.3792814695918053,0.47532695481277254,0.07383186427826746,0.07620130793289735,0.38129087290304237,0.46867595488579283
4.333333333333333,0.5011272182785736,0.4827061786720603,0.45740625988269623,0.6260723851451233,0.05130543932356331,0.05130543932356331,0.04900009477774619,0.14871803666333958,0.7228912330030726,0.05130543932356331,0.0770852910100457,0.1553407259975358,0.7233437588854137,0.04900009477774619,0.07231542033930433
4.0,0.434026439381387,0.48249175566244157,0.46028362105207965,0.6083378517878258,0.05538820597083046,0.05538820597083046,0.053644204340820775,0.09457768759334159,0.7429299346251717,0.05538820597083046,0.10710417181067364,0.09980096673301109,0.7452374182541939,0.053644204340820775,0.10131741067197422
1.2857142857142858,0.6697006079849583,0.48242874432124344,0.42633651613525647,0.8002847040418363,0.06024603725500307,0.06024603725500307,0.06321675670552554,0.06024603725500307,0.1136188063998217,0.28979842085555285,0.5363367354896246,0.06321675670552554,0.11581840583830917,0.2921050137427732,0.5288598237133921
1.3333333333333333,0.6147132113447967,0.48134377396405376,0.425441435397759,0.7981236925063906,0.05381159366594599,0.05381159366594599,0.056487536726376644,0.05381159366594599,0.14301234410826982,0.2462137861076667,0.5569622761181237,0.056487536726376644,0.14491517391716424,0.24860202824376837,0.5499952611126907
1.25,0.752243811674494,0.4789586344860165,0.42394413498242967,0.7907074650063421,0.0663624186075229,0.0663624186075229,0.06928253246137807,0.0663624186075229,0.07902915698789834,0.35866785354088876,0.49594057086368887,0.06928253246137807,0.08075063974978675,0.3610084352194105,0.4889583925694247
3.75,0.3958686585670549,0.4778220738557156,0.45709742471931625,0.5952617522953124,0.052327671258879216,0.052327671258879216,0.0508956497014501,0.07268003001244809,0.7474146288389418,0.052327671258879216,0.12757766988974753,0.07733864088711971,0.7511136385176761,0.0508956497014501,0.12065207089375414
1.2857142857142858,0.6412861463227546,0.4740907889245518,0.41869000906264575,0.7880285414753531,0.054080211644581835,0.054080211644581835,0.05686664771111743,0.054080211644581835,0.1197846320102431,0.27090674581192575,0.5552284105332548,0.05686664771111743,0.12216851483271728,0.27333901999810445,0.5476258174580608
1.25,0.7255855948661953,0.4729502205489149,0.41798503102629536,0.7844196278437591,0.061617633127787924,0.061617633127787924,0.06435408965974788,0.061617633127787924,0.08377394246763345,0.33836661545730445,0.5162418089472726,0.06435408965974788,0.08567908255141693,0.3410103307743342,0.508956497014501
1.2,0.842693318210332,0.46664251318922145,0.41502829905919525,0.7591230599260368,0.05047031492135467,0.05047031492135467,0.05174864941711686,0.06629928963380449,0.05047031492135467,0.4337009011660651,0.4495294942787733,0.06871386598426689,0.05174864941711686,0.4359776324519003,0.44355985214671595
1.25,0.6972873508518791,0.4654792266262927,0.41066056374675697,0.7761183162769957,0.058314396413963444,0.058314396413963444,0.06094209079708084,0.058314396413963444,0.08707717918145798,0.31664611603441306,0.537962308370169,0.06094209079708084,0.08909108141408398,0.3194010046441096,0.5305658231447257
4.0,0.3958686585670549,0.46295074243339385,0.44326843758018697,0.5744838032682326,0.05013268124881172,0.05013268124881172,0.0487157615391906,0.07487502002251559,0.7626326021959985,0.05013268124881172,0.11235969653269262,0.0795185290493792,0.7655198559378258,0.0487157615391906,0.10624585347360439
1.2,0.8139924478098464,0.4626717946524106,0.41052812831257657,0.7581525705781366,0.053099362161357425,0.053099362161357425,0.05440242631030234,0.06367024239380173,0.053099362161357425,0.41128830768385294,0.47194208776098817,0.06606008909108141,0.05440242631030234,0.41379963984456447,0.4657378447540517
1.25,0.6697006079849583,0.4599190311675462,0.40589195958404534,0.7660724368073845,0.053320451559833254,0.053320451559833254,0.05582409250308028,0.053320451559833254,0.09207112403558822,0.29672400655072345,0.5578844178538609,0.05582409250308028,0.09420907970808454,0.2994976779452185,0.5504691498436167
1.2,0.7839528004503834,0.4587799909612841,0.4064072024354439,0.7555591259410452,0.05651715194648001,0.05651715194648001,0.057909202919154586,0.06025245260867912,0.05651715194648001,0.3897772448238292,0.4934531506210112,0.06255331248222917,0.057909202919154586,0.3925694246990807,0.48696805989953557
1.2,0.752243811674494,0.45437668883025933,0.4020120521621149,0.7511096299497448,0.05691487604197552,0.05691487604197552,0.05904653587337693,0.05691487604197552,0.05985472851318361,0.3681153961064359,0.5151149993384032,0.05904653587337693,0.06141597952800682,0.3712444318074116,0.5082930527912046
1.2,0.7255855948661953,0.44843596145487113,0.3961112982274725,0.7449423864101301,0.0527692482355158,0.0527692482355158,0.05478153729504313,0.0527692482355158,0.06400035631964333,0.34721500034957653,0.5360153950952644,0.05478153729504313,0.06568097810634063,0.35058288313903896,0.5289546014595773
